old,descrizione,predicted_label
NON_AI,Machine Learning Solutions,ai
NON_AI,"Step srl si occupa prevalentemente di System Integration con particolare focalizzazione sullo sviluppo software. Le soluzioni che propone sono principalmente basate su piattaforme Microsoft, Oracle (Java) e su tecnologie innovative. In particolare, l’azienda è attiva nell’ambito Augmented & Immersive Reality, proponendo soluzioni per la realizzazione di sistemi di virtual reality grazie al proprio know how, ad un collaudato framework tecnologico sviluppato da un partner, ed alle moderne tecnologie per la realizzazione di ambienti immersivi ed aumentati.",non_ai
NON_AI,"Nessun’altra tecnologia ha il potenziale per rivoluzionare la comunicazione come la Realtà Virtuale; tuttavia ci sono pochissime e limitate ricerche sull’efficacia nell’ambito formativo ed educativo. Il progetto intende valutare le potenzialità della Realtà Virtuale nella formazione, attraverso una sperimentazione in temi selezionati dell’informatica, dell’enogastronomia, della sicurezza sul lavoro e delle competenze trasversali, con contenuti forniti da enti formativi attivi sul territorio e il supporto della Facoltà di Scienze della Formazione della Libera Università di Bolzano. Scopo del progetto è quello di progettare, realizzare e valutare l’efficacia di esperienze didattiche multisensoriali, immersive e significative con l'utilizzo della Realtà Virtuale e di verificare se gli studenti raggiungono livelli maggiori di partecipazione nelle attività cognitive con minore sforzo. Obiettivo è anche diffondere sul territorio la conoscenza e le potenzialità della Realtà Virtuale e della Educazione Immersiva, partendo da un settore abilitante per l’innovazione come quello della formazione. Il progetto sarà coordinato da ForTeam (Lead Partner), società di consulenza in ambito formativo.",non_ai
NON_AI,"Nessun’altra tecnologia ha il potenziale per rivoluzionare la comunicazione come la Realtà Virtuale; tuttavia ci sono pochissime e limitate ricerche sull’efficacia nell’ambito formativo ed educativo. Il progetto intende valutare le potenzialità della Realtà Virtuale nella formazione, attraverso una sperimentazione in temi selezionati dell’informatica, dell’enogastronomia, della sicurezza sul lavoro e delle competenze trasversali, con contenuti forniti da enti formativi attivi sul territorio e il supporto della Facoltà di Scienze della Formazione della Libera Università di Bolzano. Scopo del progetto è quello di progettare, realizzare e valutare l’efficacia di esperienze didattiche multisensoriali, immersive e significative con l'utilizzo della Realtà Virtuale e di verificare se gli studenti raggiungono livelli maggiori di partecipazione nelle attività cognitive con minore sforzo. Obiettivo è anche diffondere sul territorio la conoscenza e le potenzialità della Realtà Virtuale e della Educazione Immersiva, partendo da un settore abilitante per l’innovazione come quello della formazione. Il progetto sarà coordinato da ForTeam (Lead Partner), società di consulenza in ambito formativo; Arcadia, società esperta nella formazione innovativa; DATEF,",non_ai
NON_AI,"Nessun’altra tecnologia ha il potenziale per rivoluzionare la comunicazione come la Realtà Virtuale; tuttavia ci sono pochissime e limitate ricerche sull’efficacia nell’ambito formativo ed educativo. Il progetto intende valutare le potenzialità della Realtà Virtuale nella formazione, attraverso una sperimentazione in temi selezionati dell’informatica, dell’enogastronomia, della sicurezza sul lavoro e delle competenze trasversali, con contenuti forniti da enti formativi attivi sul territorio e il supporto della Facoltà di Scienze della Formazione della Libera Università di Bolzano. Scopo del progetto è quello di progettare, realizzare e valutare l’efficacia di esperienze didattiche multisensoriali, immersive e significative con l'utilizzo della Realtà Virtuale e di verificare se gli studenti raggiungono livelli maggiori di partecipazione nelle attività cognitive con minore sforzo. Obiettivo è anche diffondere sul territorio la conoscenza e le potenzialità della Realtà Virtuale e della Educazione Immersiva, partendo da un settore abilitante per l’innovazione come quello della formazione. Il progetto sarà coordinato da ForTeam (Lead Partner), società di consulenza in ambito formativo; Arcadia, società esperta nella formazione innovativa; DATEF..",non_ai
NON_AI,"Nessun’altra tecnologia ha il potenziale per rivoluzionare la comunicazione come la Realtà Virtuale; tuttavia ci sono pochissime e limitate ricerche sull’efficacia nell’ambito formativo ed educativo. Il progetto intende valutare le potenzialità della Realtà Virtuale nella formazione, attraverso una sperimentazione in temi selezionati dell’informatica, dell’enogastronomia, della sicurezza sul lavoro e delle competenze trasversali, con contenuti forniti da enti formativi attivi sul territorio e il supporto della Facoltà di Scienze della Formazione della Libera Università di Bolzano. Scopo del progetto è quello di progettare, realizzare e valutare l’efficacia di esperienze didattiche multisensoriali, immersive e significative con l'utilizzo della Realtà Virtuale e di verificare se gli studenti raggiungono livelli maggiori di partecipazione nelle attività cognitive con minore sforzo. Obiettivo è anche diffondere sul territorio la conoscenza e le potenzialità della Realtà Virtuale e della Educazione Immersiva, partendo da un settore abilitante per l’innovazione come quello della formazione. Il progetto sarà coordinato da ForTeam (Lead Partner), società di consulenza in ambito formativo...",non_ai
NON_AI,"Nessun’altra tecnologia ha il potenziale per rivoluzionare la comunicazione come la Realtà Virtuale; tuttavia ci sono pochissime e limitate ricerche sull’efficacia nell’ambito formativo ed educativo. Il progetto intende valutare le potenzialità della Realtà Virtuale nella formazione, attraverso una sperimentazione in temi selezionati dell’informatica, dell’enogastronomia, della sicurezza sul lavoro e delle competenze trasversali, con contenuti forniti da enti formativi attivi sul territorio e il supporto della Facoltà di Scienze della Formazione della Libera Università di Bolzano. Scopo del progetto è quello di progettare, realizzare e valutare l’efficacia di esperienze didattiche multisensoriali, immersive e significative con l'utilizzo della Realtà Virtuale e di verificare se gli studenti raggiungono livelli maggiori di partecipazione nelle attività cognitive con minore sforzo. Obiettivo è anche diffondere sul territorio la conoscenza e le potenzialità della Realtà Virtuale e della Educazione Immersiva, partendo da un settore abilitante per l’innovazione come quello della formazione. Il progetto sarà coordinato da ForTeam (Lead Partner), società di consulenza in ambito formativo...",non_ai
NON_AI,Brainive: Reti Neurali per la Sicurezza sui Luoghi di Lavoro,ai
NON_AI,"Il progetto ha l’obiettivo di utilizzare la tecnologia digitale Cloud per ottimizzare la gestione interna, incrementare la redditività e offrire nuovi servizi ai clienti. Si prevede l’acquisto di un CRM in grado di gestire l’intero processo lavorativo, incrementando l’efficienza interna e monitorando ogni singola fase del processo. In parallelo si propone l’acquisto di un software di Business Intelligence per il miglioramento delle performance e dei livelli di servizi offerti. Attraverso questo software, utilizzato come strumento di Predictive Analytics, si potranno analizzare aspetti economici, di controllo del fatturato e del suo andamento nel tempo. Tramite il Cloud sarà possibile condividere informazioni, documenti digitalizzati e lavorare in contemporanea a distanza, riducendo i tempi dedicati alle commesse, la produzione di carta e la possibilità di errore. È prevista anche la realizzazione di un sito “Web Responsive” integrato con i social network e l’acquisto di uno schermo TV per gestire le Web Conference con clienti e professionisti/collaboratori in rete. Il progetto contribuirà a dare un nuovo posizionamento competitivo allo studio in grado di rivolgersi su nuovi mercati anche internazionali e incentivare un nuovo modo di lavorare in network con altri professionisti",non_ai
NON_AI,"""Creazione di postazione operativa dedicata alle applicazioni BIM mediante acquisto di hardware e di software specialistici al fine di migrare da un approccio bidimensionale e cartaceo del progetto a contenuti interattivi e integrati tali da consentire una gestione virtuale del progetto ed una collaborazione alla definizione dello stesso su piattoforme cloud , favorendo l’integrazione contemporanea di diverse competenze. 
Implementazione software per progettazione e presentazione di progetti con realtà aumentata ed a elevato effetto rappresentativo e comunicativo con possibilità di presentazione degli stessi su tablet e visori 3d.
Contestuale richiesta di specifica attività formativa sui processi BIM a primarie aziende di consulenza e formazione. Acquisto di plotter scanner per avvio digitalizzazione dell’archivio e migrazione da archivi cartacei ad archivi digitali.""",non_ai
NON_AI,"Il progetto denominato “RiVA_Risorse di Valore” mira alla valorizzazione del patrimonio artistico e culturale. Il progetto è articolato su tre direttrici: content management (piattaforma), E book (realtà aumentata) e superfici interattive",non_ai
NON_AI,"""Nell'ambito dello smart manufacturing, ed in special modo nella definizione di innovativi sistemi di sviluppo, gestione, controllo ed operazione dei processi produttivi, emerge con la più ampia applicabilità la tecnologia di ausilio da sistemi a realtà aumentata.",non_ai
NON_AI,"“Navigazioni” è un evento interattivo a scopo didattico ideato e organizzato dalla Società Velica di Barcola e Grignano con l’obiettivo di esplorare il tema del Virtual 3d e della realtà aumentata. Si tratta di contenuti completamente innovativi, realizzati con particolari telecamere con ripresa a 360 gradi, e software di montaggio di ultima generazione: il pubblico, per poterli fruire e vivere appieno l’esperienza virtuale, ha la necessità di indossare degli speciali visori, divent",non_ai
NON_AI,"iThalia ha acquisita la licenza, sviluppato e prodotto i Moduli PIE (Post Internet Era), microserver d’altissima efficienza e sicurezza, utili a condividere contenuti multimediali e di realtà aumentata con centinaia di utenti contemporanei, senza accessi internet. Questa tecnologia altamente innovativa, unita all’App MuseOn, da noi prodotta per valorizzare il Patrimonio Culturale e Artistico, permette di superare tutti i limiti che bloccano al 2~3% l’attuale revenue delle App Culturali.
Vantaggi per l’utenza: trascurabile consumo di batteria e di memoria, nessun consumo di credito e soglie dati, massima difesa dei dati personali.
Vantaggi per gli Enti Convenzionati: fare rete fra più luoghi d’interesse, notifiche push a pubblico selezionato, capacità d’innalzare i ricavi audioguide del 30%; eliminazione dei costi di gestione e di rischio operativo (autenticità dei contenuti, sanificazione dei dispositivi, furto delle audioguide, ricarica, ecc…); eliminazione dei costi di acquisto (iThalia offre il comodato gratuito).
I contenuti potranno essere fruiti gratuitamente o a pagamento, secondo la politica di business dell’Ente Convenzionato e di iThalia. L’App MuseOn supporta sia i pagamenti tradizionali con ticket fisico, che ogni forma di pagamento elettronico.",non_ai
NON_AI,"Nell'ambito dello smart manufacturing, ed in special modo nella definizione di innovativi sistemi di sviluppo, gestione, controllo ed operazione dei processi produttivi, emerge con la più ampia applicabilità la tecnologia di ausilio da sistemi a realtà aumentata. 
L'obiettivo principale del progetto è quello di progettare ed implementare, a livello prototipale, un innovativo sistema di addestramento ed ausilio in-situ agli operatori addetti al controllo della qualità dimensionale dei componenti automobilistici attraverso l'utilizzo di una dima, o calibro di precisione, o, nella sua denominazione tedesca, di un Meisterbock. La soluzione proposta consta di un sistema a realtà aumentata supportato da un moderno dispositivo HMD (Head Mounted Display) che, grazie alle nuove applicazioni di AR permetterà agli addetti in siti industriali di: apprendere durante l'addestramento le particolarità della procedura, nonché degli strumenti utilizzati e delle componenti di cui si deve andare a valutare la bontà, attraverso riproduzioni virtuali degli stessi, nonché con l'ausilio audiovisivo di indicazioni, suggerimenti, informazioni e report procedurali; esercitarsi nell'operatività, e memorizzare la sequenza di attrezzaggio del Meisterbock sia nelle sue componenti specifiche",non_ai
NON_AI,"""Il progetto migliorerà la capacità competitiva dell’Hotel, consoliderà i principali mercati di riferimento, permetterà di aggredire nuove nicchie di mercato e permetterà di far conoscere meglio il territorio di riferimento grazie all’utilizzo della realtà aumentata con esperienze di video in 3D. La capacità competitiva migliorerà a livello organico a seguito del progetto perché verranno ampliate due zone molto importanti della struttura. Gli interventi oggetto del contributo rispecchiano quanto previsto dalle priorità del bando. Il miglioramento a seguito del progetto da realizzare lo si potrà constatare In una ristorazione migliore;
In un miglioramento del servizio per i bambini, grazie al nuovo ristorante dedicato; In un miglioramento dei servizi per ciclisti, grazie al nuovo deposito con officina; In un miglioramento nell’ospitalità dei congressisti, grazie alla realizzazione della nuova sala congressi; In un miglioramento nell’ospitalità di tutti i clienti, per l’ampliamento della Hall con il nuovo arredo; In un miglioramento nell’ospitalità dei diversamente abili; In un miglioramento nell’ospitalità dei Pet. In un miglioramento della climatizzazione nella sala Ristorante e sala congressi, grazie alla installazione del nuovo impianto di climatizzazione.""",non_ai
NON_AI,"Le nuove frontiere della produzione: stampa 3D, scanner 3D e realtà aumentata",non_ai
NON_AI,"Le nuove frontiere della produzione: stampa 3D, scanner 3D e realtà aumentata",non_ai
NON_AI,"Le nuove frontiere della produzione: stampa 3D, scanner 3D e realtà aumentata",non_ai
NON_AI,"Le nuove frontiere della produzione: stampa 3D, scanner 3D e realtà aumentata",non_ai
NON_AI,"Le nuove frontiere della produzione: stampa 3D, scanner 3D e realtà aumentata",non_ai
NON_AI,"Le nuove frontiere della produzione: stampa 3D, scanner 3D e realtà aumentata",non_ai
NON_AI,"Le nuove frontiere della produzione: stampa 3D, scanner 3D e realtà aumentata",non_ai
NON_AI,"Le nuove frontiere della produzione: stampa 3D, scanner 3D e realtà aumentata",non_ai
NON_AI,"""Obiettivi del progetto
1  implementare la tecnologia BIM (building information tecnology) all’ interno del workflow con maggiore controllo di qualità, capacità di gestire progetti di grandi dimensioni, e migliorare i tempi di progettazione gestione dei cantieri. 
2  migliorare gli aspetti della presentazione e comunicazione del progetto con tecnologie immersive come la realtà aumentata e le simulazioni 3d per visulizzare il progetto. 
3  digitalizzare il processo progettuale e disporre di spazo cloud con connessione a banda ultra-larga. 
4   Aumentare la sicurezza informatica con backup automatici

Risultati attesi 
Ottimizzare il processo progettuale e implementare collaborazioni, per essere all’ avanguardia e consentire di concentrare le risorse per lo  sviluppo nuove opportunità.
Offrire un servizio migliore con nuove tecnologie di realtà virtuali 3d e una migliore presentazione del progetto.
Migliorare la sicurezza informatica .
Migliorare la presentazione dei progetti su supporti cartacei se necessario e migliorare la presentazione dei progetti digitali con utilizzo di software  per creare immagini fotorealistiche e di forte impatto visivo.
Accelerare il processo di calcolo per la realizzazione di immagini 3d e tour virtuali dei progetti su supporti digitali""",non_ai
NON_AI,"L¿azienda di ristorazione e catering progetta di introdurre, in un contesto tradizionale, processi altamente innovativi e digitalizzati sia per le attività legate alle tecniche di vendita, prenotazione, profilazione, gestione degli eventi, sia per quanto riguarda il tipo di esperienza offerta ai clienti e la valorizzazione del progetto aziendale.
Attraverso l¿utilizzo di tecnologie abilitanti quali Cloud Computing (specializzazione 1.B), Analisi dei Dati (specializzazione 1.A) e lo sviluppo di app mobile, infatti, è possibile ottimizzare e innovare diverse fasi di gestione del servizio e della clientela offrendo al contempo maggiore flessibilità e buon posizionamento online e di mercato rispetto ai concorrenti. 
Inoltre, grazie all¿uso della Realtà Aumentata (specializzazione 1.G) è possibile stravolgere il concetto di User Experience nel campo del food creando meraviglia, aumentando la consapevolezza e il coinvolgimento del cliente e dando vita ad un tipo di comunicazione che permette di far sperimentare la storia dell¿azienda attraverso la valorizzazione di molti aspetti come la scelta delle materie prime, gli ingredienti e gli allergeni, il tipo di lavorazione, le idee alla base della realizzazione dei piatti e le associazioni con le migliori bevande.",ai
NON_AI,"L¿azienda AR Engineering specializzata nella progettazione di sistemi meccanici complessi intende integrare la propria offerta di servizi con sistemi avanzati di simulazione e virtualizzazione fruibili anche attraverso piattaform web. Nello specifico l¿azienda intende introdurre nuove tecnologie AR/VR per il supporto alle fasi di progettazione e co-design di sistemi cinematici. La possibilità di avere dei modelli matematici navigabili su piattaforme web-based permette una progettazione collaborativa e simultanea anche con utenti che non hanno a disposizione software specifici di progettazione.
Attraverso la realizzazione di questo progetto l¿azienda intende:
1. aumentare la propria gamma di servizi includendo nei servizi di progettazione anche quello della simulazione attraverso sistemi di realtà virtuale
2. sviluppare per i propri clienti un servizio di facile accesso per la gestione dei contenuti progettuali e modelli 3d",non_ai
NON_AI,"L¿azienda 4D Engineering specializzata nella progettazione di sistemi meccanici complessi intende integrare la propria offerta di servizi con sistemi avanzati di simulazione e virtualizzazione: virtual reality. Nello specifico l¿azienda intende introdurre nuove tecnologie AR/VR per il supporto alle fasi di progettazione e co-design di sistemi meccanici e fluidodinamici. La possibilità di avere dei modelli matematici navigabili su piattaforme web-based permette una progettazione collaborativa e simultanea.
Attraverso la realizzazione di questo progetto l¿azienda intende:
1. aumentare la propria gamma di servizi includendo nei servizi di progettazione anche quello della simulazione attraverso sistemi di realtà virtuale
2. sviluppare per i propri clienti un servizio di facile accesso per la gestione dei contenuti progettuali e modelli 3d
L¿attività di coordinamento, selezione ed implementazione delle tecnologie AR/VR saranno affidate ad un innovation manager con esperienza nel settore.",non_ai
NON_AI,"Il progetto Face Features avrà l¿obiettivo di creare un repository che raccolga dati e immagini delle caratteristiche somatiche umane provenienti da fonti eterogenee al fine di procedere alla loro segmentazione e classificazione.
Nel repository così ottenuto, i processi di analisi dati e simulazioni di scenario, oltre alle tecniche tradizionali di reporting e data analytics, si sperimenteranno sistemi di machine learning, e nello specifico si adotterà l¿approccio Deep Learning basato sull¿utilizzo di particolari reti neurali multilivello.
Il ruolo dell¿Innovation Manager sarà quello di coordinare il gruppo di lavoro favorendone l¿accrescimento nell¿analisi dei big data grazie alle competenze acquisite nelle pluriennali esperienze di gestione progetti in tale ambito.
Il manager attivato sarà il Sig. Federico Villoni.
Le prestazioni verranno fornite nel periodo: 01/01/2020 ¿ [31/12/2020] per un numero di giornate uomo di impegno del manager qualificato pari a n. 75.
Il compenso per la prestazione ammonterà in totale ad euro 60.000,00 (IVA Esclusa).
Trasformazione tecnologica e digitale attraverso l¿applicazione delle seguenti tecnologie abilitanti:
      - Big data e analisi dei dati.",ai
NON_AI,"Lo scopo del progetto è quello inserire la tecnologia IOT all¿interno di macchine già
esistenti e su nuovi prototipi secondo le normative della Industry 4.0.
L¿innovation manager formerà e guiderà un team di esperti che introdurrà la
digitalizzazione delle macchine analizzate seguendo un iter come di seguito riassunto:
FASE 1: Analisi delle macchine ed individuazione della sensoristica più idonea.
FASE 2: Introduzione di dispositivi intelligenti e/o tecnologie per l¿integrazione della
connettività.
FASE 3:Dialogo delle macchine attraverso piattaforme web/cloud in grado di gestire i dati
raccolti ed elaborarli.
FASE 4: Gestione software delle macchine con introduzione di nuovi sistemi di
visualizzazione come realtà aumenta(RA) e realtà virtuale (RV).
L¿adozione della tecnologia IOT permetterà di gestire volumi di dati importanti derivanti
dalle macchine e di renderli fruibili agli operatori in qualunque momento e da qualsiasi
dispositivo grazie alla connessione remota. Questa introduzione innovativa sarà in grado di
convertire le macchine coinvolte in asset connessi e intelligenti.
Inoltre il manager guiderà l¿introduzione di tecniche di prototipazione rapida, manifattura
additiva e stampa 3D che andranno ad aumentare gli asset 4.0 e l¿offerta di servizi per i
pr",non_ai
NON_AI,"La soluzione integrata si pone come l'obiettivo di diventare l'analytics di riferimento delle aree fieristiche e prevede:
- attraverso appositi rilevatori (sensori infrarossi, fotocamere,..) monitoraggio degli ambienti e movimenti delle persone all¿interno dell¿area fieristica, tracciamento dello sguardo e area di visione degli utenti, controllo tempo stazionamento da parte degli utenti di fronte agli espositori, sistema analisi statistica movimenti delle persone con riconoscimento facciale, strumenti interattivi di reportistica e statistica, applicazione mobile per gli addetti ai lavori per il monitoraggio in tempo reale;
- attraverso app mobile condivisione di contenuti multimediali attivabili inquadrando aree/stand di interesse (riconoscimento automatico delle immagini),mappa 3d con realtà aumentata del percorso per raggiungere stand e zone di interesse, scambio materiale e contatti tra espositori e utenti;
- controllo accessi multiprofilo per operatori, espositori e utenti ai vari spazi fieristici (parcheggio, uffici, centrali termiche...);
- gestione eventi e sessioni a numero chiuso, con check-in e check-out e relativa prenotazione attraverso applicazione mobile;
- API di interfacciamento per integrazione piattaforme esterne.
- Progettazione e sviluppo piattaforma cl",non_ai
NON_AI,"SmartApp srl per il suo progetto ¿SmartApp¿ ha la necessità di intraprendere un percorso consulenziale di analisi e sviluppo prototipale della piattaforma in oggetto, volta a integrare, sviluppare, digitalizzare e gestire i processi di produzione, distribuzione e vendita aziendali.
In questo contesto l¿azienda necessità di un manager dell¿innovazione che possa: elaborare una Digital Strategy evidenziando obiettivi, risorse necessarie, dotazioni, risultati attesi; definire le modalità e le funzionalità di integrazione e sviluppo digitale dei processi; disegnare la piattaforma ¿Smart App¿ e le peculiarità/funzionalità di ogni strumento digitale di cui è composta (motore Ecommerce, Portale, APP, ChatBot, CRM e motore di marketing automation); definire programmi di digital marketing per lo sviluppo commerciale e la collocazione della value proposition verso professionisti, aziende, enti; coordinare il progetto allo scopo di finalizzare gli obiettivi nei tempi prefissati; monitorare l¿operatività dei fornitori identificati, al fine della permanenza dei requisiti del progetto.",non_ai
NON_AI,"Alla base dell'intervento proposto vi è la necessità impellente di ottimizzare i flussi di movimentazione nel reparto montaggio e l'esigenza di ottimizzare lo spazio adibito allo stoccaggio, applicando i concetti base della lean manufactoring.
L¿Innovation Manager analizzata la realtà aziendale rielaborerà la proposta di nuovo layout del reparto di montaggio e magazzino di asservimento utilizzando tecniche di realtà aumentata e apportando le opportune modifiche alla linea di produzione al fine di integrare il processo produttivo.",non_ai
NON_AI,"Il progetto mira alla trasformazione tecnologia dell'impresa con la fine di innalzare la capacità competitiva della stessa nell'ambito degli interventi previsti tra le attività di consulenza pianificate : big data per l'analisi dei tempi di produzione, la creazione di un sistema che ottimizzi i tempi in base alle necessità delle lavorazioni; cloud computing per l'analisi dell'elevata mole dei dati ed interfaccia uomo macchina per sfruttare le nuove tecnologie di realtà aumentata.",ai
NON_AI,"Lo scopo della consulenza è proporre un percorso mirato verso i seguenti obiettivi:
-comprensione, definizione e promozione della brand identity aziendale, da veicolare sui social;
-trasposizione dei valori aziendali nel contesto online, tesa allo sviluppo dell¿immagine della Vs attività in maniera coerente con l¿identità costruita;
-crescita della Vs visibilità online sui media di interesse;
-aumento e  creazione di una rete di contatti online e offline;
-miglioramento della vostra capacità commerciale on line.
Nella definizione delle attività necessarie per il perseguimento dei predetti obiettivi, impiegheremo una metodologia di lavoro consistente in fasi che considerano: analisi del contesto, finalità da raggiungere, Utilizzo di realtà aumentata, studio del target di riferimento, definizione del piano editoriale, controllo.
Si cercherà, quindi, di ottenere un elevato engagement attraverso la gestione dei Social Network, le attività di SEM e SEO, le campagne di Advertising, l¿ideazione di Landing page. Tutto ciò per incrementare il tuo traffico web, creando l¿opportunità per i visitatori di trasformarsi in lead e, successivamente, convertirli in clienti.L¿attività di consulenza sarà anche finalizzata all¿utilizzo di un sistema di AR che funga da mezzo di comunicazione v",non_ai
NON_AI,"L¿obiettivo del progetto è quello di innovare il processo decisionale aziendale e supportare il management nelle scelte attraverso algoritmi di machine learning ed analisi predittiva. La scelta del progetto permette a Sinergiattiva S.r.l. di ottenere un vantaggio competitivo nella proposizione commerciale del proprio ERP che non si limita, quindi, a gestire dati e snellire processi, ma offre un valido supporto nel processo decisionale attraverso l¿analisi di molteplici variabili categoriali che nessun essere umano potrebbe analizzare senza il supporto di un valido sistema informativo.
Il modello scelto per realizzare il tool di machine learning da integrare è il Catboost.
CatBoost è un algoritmo di apprendimento automatico di recente provenienza di Yandex. Può funzionare con diversi tipi di dati per aiutare a risolvere una vasta gamma di problemi che le aziende devono affrontare oggi. Per finire, fornisce la migliore precisione della classe.
La scelta di CatBoost è stata effettuato dopo un periodo di analisi su basi di dati di altra natura in cui tale modello ha fornito una maggiore accuratezza nella predizione di eventi che sarebbero accaduti e per la sua flessibilità nell¿integrazione.",ai
NON_AI,"Si propone la realizzazione di Virtual Tours a 360°, interattivi HTML5 per immobili.
Un Virtual Tour è costituito da una serie di immagini panoramiche HD, dotato di hotspot interattivi contenenti informazioni o input di spostamento. Essi saranno accessibili da qualsiasi dispositivo (smartphone, pc o visore VR), pubblicati in un sito web o in un portale, condivisibili tramite link.
L¿obiettivo è l¿incremento di interesse verso il servizio offerto dall¿azienda, per mezzo di nuovi strumenti di comunicazione, che ottimizzino i motori di ricerca (SEO) nel mercato digitale.
I vantaggi consistono nell¿offrire al cliente un più alto contenuto di informazioni dell¿immobile in vendita, ed il coinvolgimento di più persone nella sua scelta (i contenuti saranno condivisibili).
Il cliente potrà realizzare l¿esperienza virtuale ogni volta che ne ha bisogno, con il contemporaneo risparmio dei tempi commerciali da parte dell¿agenzia, grazie alla possibilità di individuare le persone realmente interessate all¿immobile (verificando le pre-visite ai Virtual Tours).
Il tour sarà di utilizzo intuitivo e totalmente user-friendly anche per chi non ha confidenza con l¿utilizzo di tecnologie di realtà virtuale.",non_ai
NON_AI,"Oggi l¿industria IT si basa su ""piattaforme tecnologiche"" insiemi di tecnologie interoperabili, prodotti e canali per la loro delivery, nonché sull'ecosistema per la loro distribuzione e il loro uso.
In tutto il mondo c¿è un rapido aumento nell'uso della ""terza piattaforma tecnologica ICT"", basata su cloud, mobilità, Internet delle cose, Analytics, big data e machine learning. Nella società globale interconnessa le tematiche legate alla cybersecurity costituiscono un fattore abilitante per l¿erogazione dei servizi di business.",non_ai
NON_AI,"Al termine del progetto i partecipanti saranno in grado di Eseguire le operazioni di manutenzione riparazione di macchine e impianti, a partire dalle procedure di manutenzione o dalla diagnosi tecnica per l'individuazione delle cause del guasto malfunzionamento, definendo le specifiche dell'intervento da compiere e provvedendo alla sostituzione di parti e componenti difettosi e malfunzionanti (Rif. Performance e output (Risultati attesi) RA1 dellADA.7.53.158   Manutenzione e riparazione di macchine e impianti   ATLANTE DEL LAVORO E DELLE PROFESSIONI – (http:  atlantelavoro.inapp.org dettaglio_ada.php?id_ada=158 id_sequenza=53 id_processo=13).
Lazione formativa sara articolata in 8 ore di lezione daula, 24 ore di training on the job. In particolare saranno affrontati i seguenti contenuti:
MODULO 1 – LA MANUTENZIONE PREVENTIVA (2 ore)
MODULO 2 – GLI STRUMENTI E DISPOSITIVI PER LA MANUTENZIONE (1 ora)
MODULO 3 – VERIFICA FUNZIONALE E RICERCA GUASTI (2 ore)
MODULO 4 – I RISCHI DERIVANTI DA UN IMPIANTO MALFUNZIONANTE (1 ora)
MODULO 5 – LA GESTIONE DELL'INTERVENTO MANUTENTIVO (1 ora)
MODULO 6 – LA DOCUMENTAZIONE DEGLI INTERVENTI DI MANUTENZIONE (1 ora)
MODULO 7 – ESERCITAZIONI PRATICH...",non_ai
NON_AI,"Le minacce ai network aziendali si sono rapidamente evolute e stanno raggiungendo un altissimo livello di sofisticazione e pervasività. 
L¿adozione di prodotti di sicurezza non è da sola sufficiente a mitigare tali rischi se non è accompagnata dall¿adozione di prodotti di sicurezza che siano in grado di operare sinergicamente tra loro.
Per rilevare attacchi ai network aziendali è necessario un grado sempre maggiore di intelligenza da parte dei sistemi di protezione perché solamente aggregando le informazioni provenienti da questi device e da altre fonti di dati significative è possibile effettuare delle analisi approfondite in tempo reale per rispondere efficacemente e tempestivamente a minacce e comportamenti anomali.
L¿obiettivo è implementare un framework in grado di contenere le grandi quantità di informazioni rese disponibili dai device presenti sui network aziendali definendo dei pattern per incrementare notevolmente la qualità delle risposte alle minacce e ai comportamenti anomali ed in grado di produrre report inerenti ai dati raccolti per rispondere alle esigenze di incident response, compliance e di analisi forense.
Il framework farà lavorare in ambito cybersecurity un sistema di machine learning, cioè un¿intelligenza artificiale specializzata.",ai
NON_AI,"La disponibilità sempre più ampia, a costi accessibili, di tecnologie e soluzioni innovative basate sul digitale e sull¿intelligenza artificiale (IA) andrà sempre più modificando la catena del valore dell¿industria e dei servizi. Le PMI che operano nel settore ICT devono essere in grado di ¿cavalcare l¿onda¿ della trasformazione digitale e le innovazioni che derivano dall¿IA, ad esempio nei campi dei big data, della visione artificiale, della simulazione, e degli assistenti virtuali, per portare valore ai propri clienti. Il progetto mira a sviluppare un modello di Open Innovation incentrato sulla realtà di Delta Informatica, un¿azienda ICT con 40 anni di esperienza sul mercato ed un brand riconosciuto, nel quale coinvolgere alcune sue partecipate in settori innovativi, mettendosi maggiormente in rete con università e centri di ricerca, e con start-up nate nell¿ultimo decennio che lavorano in settori affini. Verranno analizzate le tecnologie e soluzioni innovative, basate su IA applicabili negli ambiti di mercato e per le tipologie di clienti di Delta Informatica e delle sue partecipate. Verrà inoltre sviluppato un modello organizzativo che consenta di profilare le competenze e di tenere sotto controllo l¿allocazione di risorse sui progetti innovativi.",ai
NON_AI,"Lo scopo del progetto è quello inserire la tecnologia IOT all¿interno di macchine già
esistenti e su nuovi prototipi secondo le normative della Industry 4.0.
L¿innovation manager formerà e guiderà un team di esperti che introdurrà la
digitalizzazione delle macchine analizzate seguendo un iter come di seguito riassunto:
FASE 1: Analisi delle macchine ed individuazione della sensoristica più idonea.
FASE 2: Introduzione di dispositivi intelligenti e/o tecnologie per l¿integrazione della
connettività.
FASE 3:Dialogo delle macchine attraverso piattaforme web/cloud in grado di gestire i dati
raccolti ed elaborarli.
FASE 4: Gestione software delle macchine con introduzione di nuovi sistemi di
visualizzazione come realtà aumenta(RA) e realtà virtuale (RV).
L¿adozione della tecnologia IOT permetterà di gestire volumi di dati importanti derivanti
dalle macchine e di renderli fruibili agli operatori in qualunque momento e da qualsiasi
dispositivo grazie alla connessione remota. Questa introduzione innovativa sarà in grado di
convertire le macchine aziendali coinvolte in asset connessi e intelligenti.",non_ai
NON_AI,"L'evoluzione tecnologica rende possibile sviluppare occhiali sartoriali e biometrici, con lenti personalizzate partendo dai dati individuali, posturali ed estetici del portatore, la scelta può essere guidata attraverso la realtà aumentata.
Queste nuove tecnologie risolvono parte dei problemi funzionali, non solo estetici: si pensi all'adattamento alle lenti progressive, prismatiche o per persone portatori di disabilità, problematiche posturali e fisiche.
Il percorso di personalizzazione della soluzione visiva passa dalla sala refrazione all’approntamento degli occhiali fondendo tecnologia e professionalità.
Particolare attenzione ai bambini con il nostro personale laureato in Ortottica e Assistente in oftalmologia.
L’idea di creare un centro di personalizzazione dell’occhiale nel centro della provincia di Parma, a Fornovo di Taro, crocevia della Valtaro e Valceno, permette agli abitanti delle due valli montane di usufruire di un servizio di altissima qualità senza dover allontanarsi dalle proprie zone. I nostri centriottici sono anche a Borgotaro e a Bardi, i due capoluoghi delle valli.
Inoltre questi servizi innovativi possono attirare gli utenti anche dalle zone limitrofe e parmense, seguendo l’idea che la vista sia un bene prezioso e che ogni persona sia unica.",non_ai
NON_AI,"Analisi, progettazione e sviluppo di una piattaforma di trasformazione digitale dedicata al monitoraggio di macchine di lavorazione. Le tecnologie di riferimento saranno orientate alla interconnessione degli impianti per raccogliere ed analizzare i dati di produzione. L¿obiettivo del progetto è rivoluzionare i processi produttivi grazie al monitoraggio dell¿efficienza, alla manutenzione programmata e predittiva delle macchine presenti nello stabilimento. Il progetto sarà strutturato su più fasi: 1) interconnessione delle macchine dell¿impianto in una rete IoT orientata alla raccolta di dati destinati al monitoraggio; 2) introduzione di edge computing e di fog computing su piattaforme cloud per la gestione dei dati raccolti dal campo e l¿attuazione di reazioni in caso di emergenze; 3) implementazione su cloud di una piattaforma IoT in grado di strutturare i dati per calcolare l¿indice di Overall Equipment Effectiveness per la singola macchina o per l¿intero impianto; 4) implementazione delle logiche di manutenzione programmata di tutti gli asset monitorati in impianto; 5) sviluppo sulla piattaforma cloud di un modello di dati, basato sui flussi raccolti dalla piattaforma IoT, per alimentare un motore di intelligenza artificiale orientato alla manutenzione predittiva degli asset.",ai
NON_AI,"Il progetto intende implementare i modelli gestionali dei clienti(CRM) per aumentare il business e migliorare la redditività. Lavorare nella gestione dei big data richiede un insieme altamente interdisciplinare di competenze: una profonda esperienza pratica nella programmazione e nell'informatica, una buona conoscenza operativa delle tecniche statistiche avanzate, una conoscenza approfondita del mondo degli affari ed eccellenti capacità comunicative. E¿ per questo che il progetto di innovazione che si propone, richiederà il coinvolgimento di tutte le aree azindali. Le analisi permetteranno inoltre di riscrivere il work flow operativo dell¿azienda migliorandone le performance della stessa.
Sono diversi i casi in cui una corretta analisi dei dati in possesso dell'azienda può giovare al business della stessa. Quando si vuole: migliorare l'engagement con il cliente; aumentare le vendite; ridurre il time to market; identificare nuovi prodotti e servizi od ottimizzare l'offerta attuale; ridurre i costi; identificare nuovi mercati.
Il progetto è suddiviso in 3 fasi: FASE I: Descriptive Analytics FASE II: Predictive Analytics;FASE III: AUTOMATED ANALYTYCS.",ai
NON_AI,"L¿inserimento di un innovation manager all¿interno dell¿azienda è richiesto per coordinare un team di ricerca in campo domotico. L¿azienda, che vede il proprio prodotto in fase di crescita, vuole creare sulla base dell¿esperienza e delle richieste dei propri clienti un servizio unico e distinguibile rispetto a quelli dei competitors. Lo scopo del progetto è quindi l¿inserimento di nuove funzionalità e l¿efficientamento delle attuali partendo dall¿analisi dei dati raccolti attraverso i nostri dispositivi IOT. Partendo da uno studio di fattibilità e da un¿analisi dei requisiti si richiede di progettare l¿inserimento di nuove tecnologie, come l¿integrazione di sistemi di machine learning per fornire nuovi servizi, e per estrapolare informazioni utili al cliente sulla base dei dati raccolti. Partendo dall¿automazione dell¿analisi dati, arrivando alla progettazione di sistemi guidati per l¿efficientamento energetico e la lettura dei dati.
Il progetto prevede anche l¿applicazione di una nuova metodologia di gestione aziendale, sia per quanto riguarda il reparto di ricerca e sviluppo dove si provvederà ad una maggiore sistematicizzazione del processo di innovazione, sia nella funzione commerciale e nell¿installazione degli impianti, dove si andrà a migliorare il processo di analisi de",ai
NON_AI,"Progettazione e realizzazione di un sistema web in grado di automatizzare e semplificare la produzione di Realtà Aumentata applicata a svariati supporti fisici.
IBS S.r.l. è un'azienda che opera nell'ambito del marketing digitale, realizzando e commercializzando prodotti e servizi in Realtà Aumentata, sfruttando questa tecnologia con l'obiettivo di migliorare le performance comunicative e gestionali dei propri clienti.
Il sistema si identifica con una piattaforma web che garantirà il raggiungimento di una serie di obiettivi fondamentali per la digitalizzazione aziendale:
- Produzione automatizzata della Realtà Aumentata su svariati supporti fisici
- Semplificazione del processo di creazione e abbinamento Marker 
- Miglioramento dei processi aziendali interni
Il sistema prevede inoltre la creazione di un pannello per la visualizzazione e la gestione di tutti i dati abbinati alle operazioni di produzione Marker associati alla Realtà Aumentata.",non_ai
NON_AI,"Il progetto prevede la realizzazione di una piattaforma per l'analisi e la ricerca dati in ambito BigData mediante tecnologie di IA sviluppata su piattaforma cloud. La soluzione prevede lo sviluppo delle seguente macro-componenti:
1. Acquisizione dati da fonti eterogenee: I dati possono essere importati da formati strutturati e meno e normalizzati all¿interno del data lake
2. Pre-analisi ed indicizzazione dati tramite algoritmi di IA e analisi semantica: Il sistema effettua un¿analisi dei termini presenti ed effettua una classificazione dei contenuti mediante sistemi di analisi semantica
3. Ricerca mediante interpretazione di quesiti scritti in linguaggio naturale mediante algoritmi di NLP: I quesiti di ricerca vengono interpretati tramite algoritmi di NLP (Natural Language Processing). L¿analisi del quesito permette di estrarre termini ed entità da matchare sul set precedentemente analizzato
4. Fornitura del servizio mediante interfacce API: Le ricerche sul set documentale posso essere effettuate tramite interfaccia API/REST in modo da poter integrare la soluzione ed estendere le funzionalità di sistemi già esistenti.
SI prevede la realizzazione di tutte le componente mediante l'impiego di tecnologie cloud al fine di consentirne lo scaling in modo agevole e a costi contenu",ai
NON_AI,"Il progetto ha come obiettivo quello introdurre in azienda nuovi metodi organizzativi nelle pratiche commerciali e nelle strategie di gestione aziendale mettendo il management nelle condizioni di ottenere un significativo incremento del grado di innovazione organizzativa. L¿iniziativa si basa sulla progettazione, realizzazione e relativo coordinamento di due strumenti informatici differenti, uno rappresenta un sistema di decision support system (DSS), l¿altro una soluzione informatica di business process management (BPM). Si precisa che sul mercato non esiste uno strumento simile già pronto per soddisfare le esigenze aziendali. Attraverso una rielaborazione ed analisi di dati aziendali mediante le più moderne tecniche di data science, il consulente metterà l¿impresa nelle condizioni di efficientare i suoi processi commerciali consentendo la formulazione di preventivi molto più precisi sia in termini di costi che di tempi. L¿analisi dei dati e la loro valorizzazione mediante strumenti di machine learning piuttosto che deep learnig, unitamente a procedure innovative di BPM che prevedono anche appositi moduli ¿composer¿, consentirà di automatizzare e velocizzare la creazione di preventivi, che saranno gestiti in forma digitale e non più cartacea per trasformarli in contratti.",ai
NON_AI,"Consulenza Di Innovazione Applicata In Ambito Marketing/Sales Declinata Su Tre Argomenti Principali: BIG DATA al servizio delle operazioni Marketing/Sales; Realtà Aumentata e Realtà Virtuale al servizio delle vendite nel settore lusso.
Al fine di intraprendere in maniera strutturata le attività in questi ambiti MARMO ELITE
richiede il supporto di un Innovation manager con le seguenti funzioni:
Esplorazione delle opportunità nelle varie tematiche tecnologiche e identificazione dei
verticali specifici su cui sviluppare le tecnologie di cui sopra. Selezione potenziali Partner adeguati complementari alle competenze di MARMO ELITE, Valutazione e scouting delle opportunità.
La figura dell'Innovation manager dovrà anche supportare il direttivo dell'azienda per
l'ideazione, individuazione e selezione delle nuove tecnologie e metodologie per favorire il
cambiamento culturale in azienda di tutte le Line of Business.
A tal Fine saranno utilizzate diverse tecnologie abilitanti, previste dal Piano nazionale impresa
4.0 tra cui: sistemi di visualizzazione, realtà virtuale (RV) e realtà aumentata (RA); integrazione e sviluppo digitale dei processi aziendali; programmi di digital marketing,",non_ai
NON_AI,"L¿attività di consulenza si dividerà in 2 fasi:
1.	Analisi e progettazione, di una piattaforma per servizi Private Cloud, in grado di fornire un ambiente di lavoro integrato che mette a disposizione dati e applicazioni. Il cloud computing privato permetterà all¿azienda funzionalità self-service, scalabilità ed elasticità, con controllo e personalizzazione aggiuntivi forniti da risorse dedicate tramite un'infrastruttura di elaborazione ospitata in locale. Tutti i dati transiteranno all¿interno del perimetro aziendale e saranno accessibili solo al personale dell¿azienda, permettendo di rendere più efficiente l¿organizzazione dei processi aziendali, soprattutto di quelle attività svolte fuori sede. Verranno attivati servizi di continuità e sicurezza fisica anche in caso di evento catastrofico. Nel progetto sarà inoltre assicurata l¿autonomia di gestione e configurazione.
2.	Evoluzione di una piattaforma di Cyber Security. Il traffico dati da e verso l¿azienda verrà filtrato mediante l¿utilizzo di software di intelligenza artificiale al fine di individuare tempestivamente eventuali minacce. Abilitazione dell¿accesso ai servizi di cloud privato in maniera controllata tramite servizi di monitoraggio e repertistica.  Individuazione di strumenti necessari per un adeguato incident resp",ai
NON_AI,"Valutazione del possibile utilizzo della tecnologia 5G al fine di implementare sistemi con largo impiego dell'internet of thinks finalizzato alla raccolta di dati provenienti da sorgenti diverse che possano essere analizzate con metodologie innovative quali ad esempio il machine learning, nel settore della Sanità Privata. Il ruolo dell¿Internet of Things:
1.	ID 1. scambio di contenuti informativi come analisi preoperatorie ed esami diagnostici, visibili come hologrammi geo-referenziati, sovrapposti all¿ambiente reale in cui si trovano gli operatori stessi.",ai
NON_AI,"Il progetto mira a portare l¿azienda e soprattutto i suoi processi nell'era del digitale. Ciò comporta una quantità di vantaggi enorme sia in termini di efficienza che di flessibilità. Insieme ai vantaggi intrinsechi il progetto pone attenzione ad un altro importante beneficio del business ¿digitale¿: i dati che produce. 
Ogni aspetto della vita dell¿azienda viene catalogato e conservato, andando a creare un enorme bacino di dati grezzi che funziona come un giacimento petrolifero: può portare molta ricchezza, ma bisogna essere in grado di estrarre e raffinare il prodotto. E¿ importante inoltre comprendere meglio gli andamenti di mercato, il comportamento dei propri clienti, e più in generale interpretare le informazioni utili alla miglior comprensione dei fenomeni che si desidera tenere sotto controllo. 
Si parla quindi di ¿Big Data¿, una sorgente eterogena di dati ed informazioni raccolte con sensori, dal web, dai gestionali che vanno organizzate, analizzate, interpretate. L'analisi e l'utilizzo dei Big Data sono fondamentali per entrare nel vivo dei processi aziendali per dare vantaggi competitivi a livello decisionale o ottimizzare risorse, facendo un uso dell'intelligenza artificiale discreto e completamente trasparente ai dipendenti.",non_ai
NON_AI,"Il progetto prevede l¿implementazione di nuove procedure operative che prevedano strumenti di Realtà Aumentata.
In particolare attraverso nuovi Visori AR le manutenzioni critiche potranno essere seguite, guidate e supervisionate da remoto da un responsabile qualificato che, quindi, potrà gestire più ¿cantieri¿ contemporaneamente.
Il progetto, inoltre, prevede la possibilità della formazione professionale on the job.",non_ai
NON_AI,"“Il progetto proposto è indirizzato al mercato emergente della Realtà Virtuale immersiva basata sul tracciamento a 6 gradi di libertà sia della posizione dell’utente nello spazio, che delle sue mani, attraverso due metodologie di tracciamento. Il nome sarà PROJECT E.G.O. (Extended Global Observer)”",ai
NON_AI,"L¿azienda WICS srl è una startup innovativa attiva nella produzione di software web based ad elevate performance, con focus per aziende di commercio e distribuzione B2B. In particolare l¿azienda ha sviluppato un sistema software di B2B Ecommerce per Brand e Wholesaler con calcolo predittivo dei bisogni della clientela basato su sistemi di intelligenza artificiale, pertanto l¿azienda alla luce delle numerose partnership già in atto necessita di una organizzazione per la gestione dei futuri sviluppi del software.  Il modello di business e consulenza di WICS è ¿partner based¿ pertanto è fondamentale in questo momento di crescita e scalata, prevedere logiche di sviluppo che non abbiano impatti negativi sull¿architettura del sistema, sulle sue release e parallelamente consentano continui upgrade tecnologici e attività di manutenzione del codice. Per questo motivo è fondamentale formare il team di lavoro sui temi dello sviluppo in modalità AGILE e tecniche di scrum master, al fine di ottimizzare la produttività delle operazioni di sviluppo e versioning. E¿ fondamentale che lo Scrum master abbia profonda conoscenza delle librerie Angular X, del relativo coding e delle tecniche di sviluppo database di Node JS, in modo che si possa coordinare con successo sviluppi tecnici.",ai
NON_AI,"FAIRE creerÃ  un Hub di innovazione digitale nel settore Moda e Design, un driver di cambiamento per le aziende lombarde (in coerenza con la S3). Gli ODR e le imprese condurranno RI e SS su tecnologie abilitanti (Big Data; Cognitive Automation e RPA; Deep Learning) realizzando soluzioni ad hoc con gli Use Case Partner.  Lâ¿¿HUB sarÃ  un centro di collegamento, instaurando relazioni solide e durature nel tempo. Alcune attivitÃ  saranno coordinate e/o supportate dagli ODR. Al fine di favorire il trasferimento tecnologico si svolgeranno eventi e attivitÃ  di formazione, anche tramite un Executive Master, per lavoratori del settore, laureati e a tutti i cittadini.  FAIRE avrÃ  una proiezione internazionale anche grazie ad attivitÃ  di Dissemination&Exploitation,  ingaggiando stakeholder per progetti di innovazione e partnership non solo industriali, ma anche nel settore universitÃ  e ricerca.  Lâ¿¿HUB creerÃ  un circolo virtuoso e un modello di business innovativo, sostenibile e duraturo, sia per i Tech Driven Partner, in termini di crescita delle competenze e aumento della competitivitÃ , sia per gli Use Case Partner in termini di promozione di sviluppo e trasformazione digitale",ai
NON_AI,"“Il progetto proposto è indirizzato al mercato emergente della Realtà Virtuale immersiva basata sul tracciamento a 6 gradi di libertà sia della posizione dell’utente nello spazio, che delle sue mani, attraverso due metodologie di tracciamento. Il nome sarà PROJECT E.G.O. (Extended Global Observer).""",non_ai
NON_AI,IALER 04 - REALTÀ AUMENTATA  LO SVILUPPO DI SW INTERATTIVI PER L'END USER IN MATICAD,non_ai
NON_AI,"Oggi la comunicazione tra Fit2you e il cliente avviene attraverso mail, chiamate e posta tradizionale. L¿obiettivo è di implementare un CRM per la gestione del cliente a 360° per una visione più ampia e trasversale e per abilitare offerte di upselling e cross-selling. L¿Innovation Manager ha individuato Hubspot come software CRM in quanto riesce a digitalizzare, automatizzare e a far interagire 3 diversi livelli aziendali, Marketing, Sales e Customer Care. Attraverso il CRM integrato si potranno: registrare tutte le informazioni sui clienti (b2b / b2c); tracciare le diverse attività marketing (mail marketing, landing page, cta); comunicazioni sales con note sulle telefonate, appuntamenti e scambio mail; pipeline delle opportunità per visualizzare in quale fase del processo di acquisto si trova il contatto e gestire il funnel delle vendite; creazione di task per ogni cliente; dashboard personalizzabili con statistiche sulle performance; creazione di ChatBot da inserire nelle pagine del sito per dare assistenza al cliente in base al suo journey;customer Care per la gestione del singolo cliente, storicizzando tutta la comunicazione avvenuta attraverso i canali digitali e non. Persone coinvolte nel progetto:direttore commerciale e rete commerciale,customer care,dipartimento marketin",non_ai
NON_AI,"Considerando il software rilasciato da SIAE (registrazione del 28/11/2017 n. 012023) all'impresa MTM Srl, futura socia dell'Impresa Proponente, si svilupperà una piattaforma software per la creazione di simulatori per gli interventi chirurgici, da utilizzare sia per le attività di studio che per la simulazione di terapie. Ric3D Srl realizzerà un database interrogabile di elementi diagnostoci di pazienti e sulla base di realtà virtuale, si otteranno dei simulacri 3D che potranno essere utili per studiare le patologie umane. Verranno realizzati presso la struttura dell'Impresa Proponenete incontri di alta formazione, workshop e meetting tra designer, aziende di settore, istituzioni e università per apprendere e affinare le tecniche di modellazione 3D per il settore medicale in modo da promuovere progetti anche all'estero. Il cuore del bussiness e dello sviluppo di RIC3D deriva dal software registrato presso la SIAE da MTM S.R.L. : MED3D VR LAB”. Sulla base di questo software (Registrazione SIAE del 28/11/2017, Numero 012023), imprescindibile per il buon successo del progetto, si svilupperà una piattaforma software per la creazione di simulatori (mock-up) per gli interventi chirurgici, da utilizzare sia per le attività di studio (facoltà di medicina) sia per la simulazione di terapi",non_ai
NON_AI,"Obiettivo è quello di supportare la trasformazione digitale dell¿azienda in due ambiti:
1. commerciale al fine di incrementare i ricavi delle vendite dei prodotti di Spray sfruttando le opportunità offerte dalle nuove tecnologie digitali con particolare riferimento al digital marketing, al posizionamento (branding) e a tecnologie di realtà virtuale e realtà aumentata
2. automazione dei processi interni di progettazione, produzione, vendita, controllo di gestione attraverso l¿integrazione e sviluppo digitale dei processi aziendali al fine di implementare un modello organizzativo innovativo che garantisce una maggiore competitività all¿azienda.
Sarà altresì oggetto della consulenza l¿analisi e verifica dell¿introduzione di tecnologie della NPR (Next Production Revolution) con particolare riferimento a nuovi materiali e all¿applicazione delle tecnologie IoT al settore dell¿abbigliamento nonché a nuovi processi produttivi datadriven e basati sull¿intelligenza artificiale.
Le prestazioni del manager verranno suddivise in fasi:
1.	Fase 1: Analisi dell¿azienda sotto le diverse prospettive
2. Fase 2: identificazione delle azioni, le priorità, il budget e il piano temporale
3.  Fase 3: implementazione del piano operativo suddiviso per step.",ai
NON_AI,"Il progetto ¿Intelligent platform for managing flows and processes of operations and interventions¿ mira a studiare e prototipare una nuova piattaforma applicativa basata su soluzioni avanzate di acquisizione e gestione del dato, in grado di rappresentare e comunicare in modo efficace nella gestione della flotta e degli interventi sul territorio.  A questo scopo, il progetto perseguirà l¿acquisizione di nuove conoscenze abilitanti attraverso specifiche attività di ricerca, finalizzate principalmente a: studio e focalizzazione dei requisiti, processi, interventi e le loro esigenze in termini di informazioni, con particolare riferimento ai modelli di servizio propri; Definire i requisiti e le modalità ottimali di interazione tra la base operativa, flotta e l¿ambiente esterno, attraverso l¿interfaccia offerta dai sistemi innovativi basati su intelligenza artificiale; Mettere a punto nuove metodologie più responsive attraverso l¿interazione semplificata di informazioni in linguaggio naturale con l¿ambiente di una fruizione molto più alta, e mediante metodi in grado di modulare la tipologia e l¿approfondimento delle informazioni erogate in funzione del profilo assegnato all¿utente.  Definire una struttura della piattaforma smart e riuso di informazioni acquisite",ai
NON_AI,"Author Solutions opera nell¿industria:
1.	dell¿editoria digitale 
2.	della formazione e-learning 
3.	della consulenza informatica 

Il progetto prevede i seguenti interventi:
1) trasformazione tecnologica e digitale attraverso l¿applicazione di:
a.	una tecnologia Cloud di Cyber Security basata su algoritmi di machine learning; 
b.	un programma di digital marketing e sviluppo commerciale al fine di valorizzare il brand, i software ed i segni distintivi attinenti all¿ introduzione di tecnologie CLOUD di CYBER SECURITY e comprensiva di un programma di sviluppo commerciale tramite il metodo ¿Buyer ad Personas¿ che prevederà un¿attività di profilatura innovativa del portafoglio clienti per potenziare l¿offerta commerciale.

2)	applicazione di metodi organizzativi nelle pratiche commerciali e nelle di gestione aziendale inclusivi di nuovi:
a.	Metodi gestionali organizzativi nelle pratiche commerciali tramite un progetto innovativo di vendita delle soluzioni della Author Solutions Srls al fine di mantenere una posizione di rilievo nel settore di riferimento
b.	Metodi organizzativi nelle strategie di gestione aziendale tramite un programma di riorganizzazione aziendale mirato alla realizzazione di un progetto innovativo di organizzazione, formazione e specializzazione delle",ai
NON_AI,"Innovazione dei percorsi culturali archeologici e turistici ¿ App, Beacon e Realtà aumentata",non_ai
NON_AI,"Il progetto che la ALFAMEG intende realizzare nasce con l'obiettivo di realizzare una piattaforma accessibile e altamente scalabile a supporto di processi, ambienti di sviluppo e servizi appartenenti a contesti e mercati eterogenei.
L¿errata pianificazione del provisioning Hardware, o più in generale, l¿allocazione delle risorse dedicate a progetti, è causa di problemi di scalabilità in scenari multi-utente e multi-ambiente per l¿allocazione di risorse computazionali per l'analisi e il processamento di grosse moli di dati.
L¿intuizione alla base del progetto è quella di astrarre le risorse necessarie al calcolo computazionale dalle risorse fisiche delle infrastrutture utilizzate per il processamento, attraverso l¿utilizzo di una piattaforma di intelligenza predittiva, basata su algoritmi di machine learning, per l¿individuazione e l¿allocazione dinamica di risorse computazionali esterne ed accessibili dal mercato.Il progetto, una volta sviluppato e raggiunta la maturità, metterà a disposizione degli utenti un marketplace di algoritmi, opportunamente integrati da terze parti, per la commercializzazione del prodotto alle comunità e ai mercati (i.e. scientifici, medicali, privati, etc¿).",ai
NON_AI,"Realizzare una nuova concezione di negozio innovativo per la vendita di prodotti a marchio Melegatti, che grazie all¿adozione delle moderne tecnologie di Big Data, Artificial Intelligence, ChatBot, Realtà Virtuale ed Aumentata, consentono di creare una innovativa concezione del negozio, incrementando significativamente: 
1 - l¿efficienza e l¿efficacia del negozio, ad es. misurabilità del transito davanti al negozio, misurabilità del business (es. frequenza di vista dei clienti, abitudini di acquisto) e della produttività/competenze dei propri commessi, primo screening tramite l¿app (cliente o prospect, consumer o business, esigenza commerciale o di assistenza, ecc) e possibilità di risolvere anche in self-caring; dispatching dei clienti al commesso con le competenze più adatte all¿esigenza del cliente, ecc;
2 - la pedonabilità del negozio, ad es. utilizzando ad esempio una vetrina smart che cambia contenuto e proposte in base ai passanti, piuttosto che attraverso la ¿gamification¿ applicata su base geo-localizzazione, ecc;
3 - l¿experience del cliente/prospect, ad es. utilizzando il sistema di elimina code che consente di prenotare un appuntamento/mettersi in fila anche da remoto, anticipando i motivi della visita e consente di allontanarsi temporaneamente dal negozio.",ai
NON_AI,"Il Convergent Marketing® è un insieme di strumenti e strategie con cui viene generato interesse, coinvolgimento e conversione, raggiungendo il singolo utente con la comunicazione per lui più utile e pertinente. Grazie alla Piattaforma ADA on cloud e alla combinazione di Mobile, Social Media e intelligenza Artificiale è possibile offrire ai tuoi utenti esperienze di contatto personalizzate ed interattive, senza soluzione di continuità.
L¿azienda sarà supportata nell¿implementazione di un nuovo metodo di acquisizione, gestione, conversione e fidelizzazione del cliente. Innovativa sarà anche la gestione del software di CRM integrato nella piattaforma basato sull¿intelligenza artificiale.
Contenuto:
¿      Implementazione di sistemi di mappatura e monitoraggio dei punti di contatto con il cliente (Customer Journey) in logica di customer experience management
¿      Implementazione di software di CRM (Customer Relationship Management)  
¿      Definizione della strategia di lead generation (funnel)
¿      Social Strategy, piano editoriale e programmazione in piattaforma ADA.
¿      Strutturazione della strategia di Direct marketing
¿      Configurazione del chat-bot 
¿      Realizzazione e diffusione di Visual Story-telling
¿      Definizione del processo di vendita",ai
NON_AI,"Analisi dei processi aziendali as-is finalizzata alla trasformazione digitale attraverso l¿integrazione di tecnologie propedeutiche allo sviluppo digitale.
Creazione di nuovi processi per l'apertura concreta verso il mercato online con piani di digital marketing per il branding (aspetto fondamentale dell'azienda) e per lo sviluppo dell'e-commerce attraverso strumenti quali: metodi SEM, backlinking, social media marketing, content marketing, video marketing, funneling, chatbot, impostazione di campagne online mirate ed eventuali nuove tecnologie che possano risultare adatte allo scopo.
L'obiettivo è di acquisire un'elevata visibilità che porti entro la fine del percorso a raggiungere un numero di clienti consistenti e adeguato alle capacità produttive dell¿azienda, nonché fornire le direttive per una strategia di mantenimento e accrescimento del business.",non_ai
NON_AI,"SIPI con sede a Perugia offre piattaforme Web e servizi Chat Bot su temi fiscali on line, strumenti e soluzioni innovative per la gestione di flussi di lavoro, archivi documentali e sistemi CMR, ERP e MRP.
Il progetto Fido Customer Data Platform avrà lo scopo di creare una Customer Data Platform, che raccolga e integri tra loro i dati dei vari sistemi e processi aziendali al fine di instaurare un rapporto esclusivo e fidelizzato con la clientela attivando un sistema che convoglierà i dati aziendali in un unico collettore che consentirà una visione collettiva dell'impresa.
Il ruolo dell¿Innovation Manager, sarà quello di coordinare e seguire il team, portando esperienza su modelli innovativi di gestione dello sviluppo, con metodologie DevOps/Agile, per velocizzare i tempi di rilascio e contenere i budget di investimento. Si tratterà di un sistema in grado di raccogliere dati interni ed esterni, amalgamarli quasi in real-time e renderli facilmente fruibili, al fine di consentire analisi e previsioni per anticipare futuri bisogni e facilitare le scelte aziendali.
Il tutto per creare ¿il Data Lake¿ dove poter attivare tecnologie avanzate di
-	Big Data
-	intelligenza artificiale
-	machine learning
adeguando i processi sia in materia di sicurezza che di GDPR.",ai
NON_AI,"L¿azienda Eximie S.r.l. è attiva nell¿ambito della realizzazione di progetti per clienti di settori diversificati ed afferenti a diverse aree della Strategia Nazionale di Specializzazione Intelligente classificate nell¿ambito ¿Industria 4.0¿. 
L¿azienda ritiene di dover affiancare alle competenze specialistiche dei propri ingegneri, sviluppatori e programmatori,  quelle manageriali di un consulente certificato nell¿Albo MISE che sappia:
¿	coniugare le competenze di innovazione insite all¿azienda con le richieste del mercato per la realizzazione di progetti complessi, sia in ambito nazionale che internazionale. Le aree di specializzazione maggiormente richieste ¿ a livello trasversale da vari settori produttivi - sono: artificial intelligence, augmented reality, predictive analysis, remote sensing, big data analytics, digital retail con punti vendita multicanale;
¿	organizzare le pratiche commerciali dell¿azienda in maniera più consona alle esigenze attuali del mercato dell¿innovazione tecnologica;
¿	predisporre la presentazione dei progetti in ottica di valutazione da parte di investitori privati e strumenti di finanza alternativa e finanza digitale.",ai
NON_AI,"Ablativ vuole attivare un processo di innovazione delle sue produzioni editoriali introducendo tecniche di virtual set 3D, tali da espandere e per modernizzare i format di comunicazione in ottica digitale e di alta risoluzione.
Al riguardo Ablativ ha iniziato a procurarsi nuove tecnologie in termini di piattaforma di virtual set e deve intraprendere un percorso di innovazione dei suoi format e dei suoi processi di produzione interna in ottica digitale
In questo contesto si colloca l¿esigenza della consulenza di un manager dell¿innovazione in grado di rivedere i processi produttivi interni e di contribuire alla personalizzazione dei format editoriali digitali per poterne valutare l¿efficienza e la produttività e al contempo l¿efficacia della comunicazione. In tale contesto Ablativ si avvarrà del Dott. F. Panaia come Innovation Manager.
L¿attività di consulenza riguarda il supporto nella definizione di nuovi schemi produttivi e di nuovi format con tecnologie di virtual set e in ambienti 3D immersivi o di realtà aumentata. La consulenza riguarda la progettazione di un nuovo flusso produttivo da applicare nel contesto di una de materializzazione delle scenografie, da rendere la produzione completamente digitale.",non_ai
NON_AI,"INFINITY MEDIA FACTORY è un'azienda che opera nel settore della consulenza ICT e si occupa primariamente dell¿ideazione, produzione e fornitura di format audiovisivi e multimediali, a supporto del campo della comunicazione. Coerentemente con il core business di Infinity, il progetto che si intende realizzare afferisce all¿area della trasformazione tecnologica e digitale. Il progetto prevede di avvalersi di un Innovation Manager per la sua realizzazione, specializzato in ""Big Data e analisi di dati"" (ambito 1A) e ""Sistemi di visualizzazione, Realtà Aumentata e Realtà Virtuale"" (ambito 1G).
In dettaglio, il progetto prevede un'analisi preliminare atta ad individuare i prodotti di potenziale interesse nell'ambito della comparazione di immagini. Successivamente, il progetto prevederà l'esecuzione della fase di analisi e progettazione di un sistema di visualizzazione innovativo per l'acquisizione, l¿analisi e il processamento di una grande mole di contenuti multimediali. Tale sistema includerà, inoltre, un algoritmo innovativo per la visualizzazione delle immagini in Realtà Aumentata, con l'obiettivo di valorizzare le immagini attraverso il patrimonio di metadati e contenuti multimediali acquisiti.",non_ai
NON_AI,Realtà virtuale e realtà aumentata - consulenze ecommerce,non_ai
NON_AI,"La piattaforma digitale Imago Muse è un innovativo strumento che a breve verrà lanciato sul mercato da Altair 4 Multimedia SRL con lo scopo di creare e diffondere contenuti multimediali per la realizzazione di mostre nei musei. L¿iniziativa si rivolge a clienti istituzionali quali i musei, che potranno scaricare direttamente ricostruzioni 3D, filmati, immagini, realtà aumentata, ed altri contenuti multimediali da utilizzare per la realizzazione di mostre innovative e interattive ma a prezzi contenuti. Per far sì che il debutto di mercato avvenga con successo, sono previste attività di digital marketing volte alla valorizzazione e sviluppo commerciale della piattaforma. Il presente progetto si riferisce proprio a queste attività, le quali verranno svolte entro 15 mesi e avranno come obiettivi quelli di generare visibilità tra  Imago Muse e il pubblico target, costruire una comunità internazionale di followers, generare interazione con gli stakeholders, aprire canali di vendita diretta. Per raggiungere gli obiettivi prefissati verranno svolte le seguenti attività:
¿	Pianificazione della digital strategy
¿	Selezione del target di clientela
¿	Sviluppo contenuti promozionali web
¿	Servizi di community management
¿	SEO
¿	Analytics, KPI e data 
¿	Relazione mensile e feedback",non_ai
NON_AI,"Novus Chain srl per il suo progetto ¿Novus Chain in cloud¿ ha la necessità di intraprendere un percorso consulenziale di analisi e sviluppo commerciale sui canali digitali con particolare riferimento alla vendita ecommerce dei servizi descritti ed abilitati nella piattaforma.
In questo contesto l¿azienda necessità di un manager dell¿innovazione che possa: elaborare una Digital Strategy evidenziando obiettivi, risorse necessarie, dotazioni, risultati attesi; definire le modalità e le funzionalità di integrazione e sviluppo digitale dei processi; evolvere la piattaforma ¿Novus Chain¿ e le peculiarità/funzionalità di ogni strumento digitale di cui è composta (motore Ecommerce, Portale, APP, ChatBot, CRM e motore di marketing automation); definire programmi di digital marketing per lo sviluppo commerciale e la collocazione della value proposition verso professionisti, aziende, enti; coordinare il progetto allo scopo di finalizzare gli obiettivi nei tempi prefissati; monitorare l¿operatività dei fornitori identificati, al fine della permanenza dei requisiti del progetto.",non_ai
NON_AI,"Realizzazione di un¿area protetta clienti ad uso membership e area ¿premium¿ nella quale ci sarà la possibilità di creare diversi livelli di membership in base a sistema informatizzato di indici di assegnazione punteggi (ranking). Il ranking verrà generato in base ad algoritmi di apprendimento e intelligenza artificiale, che permetteranno l¿assegnazione dei punteggi. Di conseguenza, la gestione degli utenti iscritti e dei ruoli per la regolamentazione della visibilità dei contenuti, come per la definizione di altre feature (sconti, premi, etc¿), sarà in base ai diversi livelli di membership acquisiti.",ai
NON_AI,"1.	Realtà aumentata: consulenza per analizzare le modalità per raccogliere l'attenzione della clientela al fine di stimolarla a lasciare una testimonianza della propria esperienza sui prodotti, tramite un QR Code dinamico, i clienti dotati di smartphone potranno, inquadrando, lo stesso, sia lasciare una recensione o collegarsi al sito internet dell'azienda 
2.	Integrazione e sviluppo digitale dei processi aziendali: la consulenza verte sull¿analisi dell¿attuale gestione del magazzino e l¿integrazione, attraverso l¿utilizzo di tecnologie di tracciamento (rfid o barcode o qrcode) per sviluppare una gestione efficace e il più possibile digitale della supply-chain. 
3.	Organizzazione pratiche commerciali  consulenza per analizzare i processi aziendali interni ed esterni l'azienda, per quanto riguarda prevalentemente, ruoli, attività, tipologia di documenti che vengono ricevuti e inviati all'esterno e gestiti internamente, andando a misurare e definire i flussi commerciali (informativi e di vendita) con relative aree riservate con privilegi assegnati in modo permanente e temporaneo ai dipendenti, collaboratori, fornitori e clienti dell'azienda.",non_ai
NON_AI,"Consulenza Di Innovazione Applicata In Ambito Marketing/Sales Declinata principalmente su
: BIG DATA al servizio delle operazioni Marketing/Sales; Digital marketing.
Al fine di intraprendere in maniera strutturata le attività in questi ambiti CBS srl richiede il supporto di un Innovation manager con le seguenti funzioni:
Esplorazione delle opportunità nelle varie tematiche tecnologiche e identificazione dei
verticali specifici su cui sviluppare le tecnologie di cui sopra. Selezione potenziali Partner
adeguati complementari alle competenze di Cbs, Valutazione e scouting delle
opportunità.
La figura dell'Innovation manager dovrà anche supportare il direttivo dell'azienda per
l'ideazione, individuazione e selezione delle nuove tecnologie e metodologie per favorire il
cambiamento culturale in azienda sotto l'aspetto organizzativo e professionale.
A tal fine saranno utilizzate diverse tecnologie abilitanti, previste dal Piano nazionale impresa
4.0 tra cui: sistemi di visualizzazione, realtà virtuale (RV) e realtà aumentata (RA);
integrazione e sviluppo digitale dei processi aziendali; programmi di digital marketing.",non_ai
NON_AI,"Scenario generale
Gamma Indirizzi è una società nata nel 1987 come azienda innovativa. I settori in cui opera sono  Marketing
elettorale, turistico, commerciale editoriale.  
Consulenza
L'obiettivo della consulenza è individuare tecnologie digitali sulle quali costruire dei nuovi servizi.
I due settori che appartengono al patrimonio di Gamma e che vanno completamente reingegnerizzati sono:
-big data e data analytics
-digital marketing
Nel primo caso, in un mercato che ha raggiunto in Italia il valore di 1,7 miliardi di euro, si tratta di affiancare alle competenze nel campo dell¿elaborazione del Dato Variabile (VDP) già presenti in Gamma quelle di:
-raccolta di big data
-descriptive analytics
-predictive analytics
-prescriptive analytics
-automated analytics
Si tratterebbe di un servizio fortemente innovativo perché rivolto a quelle PMI clienti che al momento restano escluse da questo mercato.
Nel secondo caso, la consulenza si occuperà di:
-social network
-SEO e SEM
-Google Adwords
-Realtà aumentata
-Content Marketing
-User Experience
-Digital PR	
Questo aprirebbe il campo a nuove opportunità fino ad oggi inesplorate per debolezze strutturali",non_ai
NON_AI,"Il progetto mira a potenziare l¿innovazione tecnologica nel settore della sensoristica posturale sia integrata con tecniche di voice command e gesture recognition per efficientare le fasi di analisi e recupero dei dati e di potenziare il sistema di visualizzazione dei dati con tecniche di realtà virtuale e realtà aumentata mirando ad una rappresentazione della situazione posturale del corpo umano 3D con la possibilità di valutarne l¿evoluzione temporale. Il processo di storicizzazione dati e la loro analisi dovranno creare una nuova tipologia di base dati capace di evolvere la sua conoscenza nel tempo e rendere sempre più mirata e specializzata un¿analisi comparata su nuovi soggetti rispetto ai casi medi o alle situazioni di postura ideale, al fine di poterne valutare lo scostamento rispetto al caso in esame. In sintesi l¿obiettivo dell¿innovazione è individuare le linee guida dello sviluppo tecnologico e informatico che il Laboratorio seguirà per evolvere verso una soluzione sempre più digitale e di facile gestione con riduzione del personale operativo e una maggiore valenza dei dati acquisti",non_ai
NON_AI,"Il progetto ha come obiettivo quello introdurre in azienda nuovi metodi organizzativi nelle pratiche commerciali e nelle strategie di gestione aziendale mettendo il management nelle condizioni di ottenere un significativo incremento del grado di innovazione. L¿iniziativa si basa sulla progettazione, realizzazione e coordinamento di due strumenti informatici: un sistema di decision support system (DSS) ed una soluzione informatica di business process management (BPM). Attraverso una rielaborazione ed analisi di dati aziendali mediante le più moderne tecniche di data science, il consulente metterà l¿impresa nelle condizioni di efficientare i suoi processi commerciali consentendo la formulazione di preventivi ed ordini di lavoro molto più precisi sia in termini di costi che di tempi. L¿analisi dei dati e la loro valorizzazione mediante strumenti di machine learning piuttosto che deep learning, unitamente a procedure innovative di BPM¿, consentirà di calcolare più precisamente costi e tempi di realizzazione delle commesse processando una serie di variabili e dati endogeni ed esogeni; dall¿altro di automatizzare e velocizzare l¿intero processo produttivo.",ai
NON_AI,"Laboratorio digitale che offra i servizi di realtà virtuale, scanner 3D, stampa 3D e modellazione 3D nel comune di Palermo in viale delle Magnolie, 3.",non_ai
NON_AI,"Immodrone srl (www.immodrone.it) è una startup innovativa il cui obiettivo è lo sviluppo di servizi ad alto valore aggiunto utilizzando droni, sensori ed intelligenza artificiale. Per raggiungere tale obiettivo, gestisce una rete di 1.500 piloti certificati ENAC. L¿ obiettivo del progetto è quello di rendere il processo dei servizi dedicati alle TERMOGRAFIE con drone totalmente automatico, dalla richiesta del servizio, alla formulazione del preventivo, dall¿assegnazione del lavoro al pilota, fino all¿analisi delle immagini termiche.",ai
NON_AI,"I negozi di mobili un progetto poco chiaro quasi sempre cartaceo che spesso non permette comprendere quello che andrà ad acquistare, questo progetto crearà uno store che permetta al cliente un percorso innovativo. Il cliente troverà in negozio un totem touchpoint che ha la capacità attraverso semplici domande rivolte al cliente di consigliare il giusto stile d’arredo. un’area con realtà virtuale dove il cliente potrà muoversi nel suo arredo potendo cambiare in tempo reale colori e materiali, aprire ante. Creeremo Un area tecnica con illuminazione diversificata led. Il programma gestionale permetterà la gestione della fatturazione elettronica e del sistema CRM. L’intero store sarà attrezzata con schermi al led. Inseriremo telecamere. il progetto di realtà virtuale sarà promosso attraverso canali web. Una promozione ed una attenta sensibilizzazione  del nostro cliente potenzierà la fornitura di depuratori di ultrafiltrazione dell’acqua sulle cucine da noi fornite.Nella zona domotica una cucina funzionante permetterà di controllare in remoto gli elettrodomestici.Andremo a perfezionare  l’accettazione di sistemi innovativi di pagamento, utilizzando software per la fattura digitale, l’acquisto di una nuova cassa evoluta per lo scontrino fiscale elettronico.",non_ai
NON_AI,"Goriziane è leader nella realizzazione di impianti e prodotti nel settore Oil&Gas e Navale, oltre ad essere un¿eccellenza nelle attività di MRO dei veicoli militari.In quest¿ambito l¿azienda intende completare il processo di digitalizzazione dei processi  per aumentarne l¿efficienza, e valutare l¿introduzione di automazioni anche abbinate all¿impiego dell¿intelligenza artificiale.1 Digitalizzazione dei processi con particolare riferimento al processo di verniciatura:La verniciatura è un processo oggi svolto manualmente vista la particolarità dei pezzi da trattare e le specifiche esigenze del Cliente.Andranno ricercate le particolarità che oggi sono frutto della specifica esperienza del personale, standardizzate e digitalizzate.2 Automazioni e robotica. Sempre in riferimento al processo di verniciatura,ma non solo,Goriziane ha la necessità di ri-creare fedelmente l¿aspetto del veicolo originario,compreso di mimetizzazioni.Punti specifici del veicolo/elemento richiedono inoltre attenzioni particolari che attualmente sono gestite dall¿esperienza degli operatori.Si ritiene che l¿impiego di robot possa agevolare e velocizzare il lavoro del personale e quindi permettere anche una maggiore standardizzazione ed efficienza dei processi.",non_ai
NON_AI,"Si intende perseguire processi di innovazione, trasformazione tecnologica e digitale  attraverso:
1) trasformazione tecnologica e digitale:
a.	l¿applicazione tecnologia Cloud Cyber Security basato su algoritmi di machine learning su un sistema di riconoscimento biometrico per l¿identificazione e certificazione della presenza di persone fisiche in applicazioni di apprendimento a distanza attraverso l¿elaborazione di un segnale vocale che rappresenta dunque un¿opportunità per espandere il suo business, 

b.	l¿applicazione programma digital marketing e sviluppo commerciale verso mercati.

2)	applicazione di metodi organizzativi nelle pratiche commerciali e nelle strategie di gestione aziendale:
a.	l¿applicazione metodi gestionali organizzativi pratiche commerciali;
b.	l¿applicazione di metodi gestionali organizzativi nelle strategie di gestione aziendale.

Obiettivi aziendali:
-rafforzamento del posizionamento di mercato e della leadership;
-ampliamento dei segmenti di mercato;
-aumento del fatturato;
-diversificazione del fatturato;
-consolidamento del portfolio clienti;
-messa a frutto dei brevetti disponibili;
-stabilizzazione delle risorse umane interne;
-aumento della capacità di sviluppare occupazione sul territorio (diretta e indotto);
-fidelizzazione di c",ai
NON_AI,"In4MA - Industria 4.0 Machine Automation ¿ è un progetto di Ricerca & Sviluppo che - essenzialmente ¿ si riconduce a due anime principali: WMES ¿ Work Management Expert System ¿ Sistema Esperto per la gestione ottimizzata dei flussi di lavoro. MIMA ¿ Mechatronics & Information technology for advanced Machine Automation ¿ Sistemi meccatronici. Il progetto da implementare viene di seguito sintetizzato: Gestione Incoming e Outgoing Magazzino. Gestione procedure di lavorazione. Gestione (semi-)automatica macchine nei centri di lavoro. Le macchine vengono perfettamente configurate in base all¿ordine di lavoro in corso. Nel caso in cui una lavorazione lo consenta, le macchine eseguono la lavorazione necessaria automaticamente, o con operatori che gestiscono il ¿task¿ da remoto. L¿automazione delle macchine avviene con attuatori aggiuntivi e/o bracci antropomorfi. Le lavorazioni sui centri di lavoro con addetti non sostituibili disporranno di opportuni ausili meccatronici per ottimizzare la produttività in sicurezza. Le lavorazioni con addetti umani sono assistite con opportuni sistemi di Computer Vision e Realtà Aumentata. I ¿task¿ di collaudo e controllo qualità con addetti umani sono assistite con opportuni sistemi di Computer Vision e Realtà Aumentata e/o con sistemi olografici.",non_ai
NON_AI,Il progetto prevede l’apertura alla fruizione dei due beni identitari (la Grotta San Giovanni e il nuraghe Sa Domu ‘e S’Orcu) attraverso l’implementazione delle visite ottenuta principalmente grazie all’attrattività della Realtà Aumentata,ai
NON_AI,"Il progetto in base a quanto previsto dal bando riguarda alcune delle tipologie di intervento previste dal bando: - sviluppo di processi, prodotti e servizi innovativi da parte delle imprese culturali e creative per la conoscenza del territorio e delle produzioni locali; - sviluppo di processi, prodotti e servizi innovativi da parte delle imprese culturali e creative con le altre filiere produttive del territorio, manifattura e turismo, utili a migliorare l’integrazione tra settore culturale e altri settori. In maniera particolare si intendono  sviluppare una serie di interventi che  si fondano su una serie di strumenti digitali connessi - aggregatore di dati per sostegno alla comunicazione e alla reputazione digitale - piattaforma e-commerce per aggregazione prodotti e servizi dei soggetti associati - app per fornire servizi ai turisti - beacon per fornire informazioni di prossimità ai turisti - chatbot per servizio CRM H24 - backend per l`amministrazione dell`albergo diffuso - strumento per l`aggregazione e l`analisi dei dati gestiti o generati all`interno della piattaforma  L`aggregazione delle informazioni relative all`area dell`hotel diffuso, delle strutture e degli altri partner del progetto avviene con l`integrazione alle API di piattaforme per il social networking, per il",ai
NON_AI,"MANUTENZIONE PREVENTIVA E
PREDITTIVA",non_ai
NON_AI,"Panozzo srl è una PMI attiva nel settore di viti e articoli per il fissaggio in plastica. Per la crescita continua dell¿azienda, è necessario automatizzare e digitalizzare il flusso operativo, dall¿offerta fino alla consegna del prodotto. Il progetto ha l¿obiettivo di sviluppare una piattaforma gestionale per la produzione che sia integrata con l¿amministrazione e il magazzino. La nuova piattaforma per la gestione della produzione consentirà di gestire, monitorare e integrare tutte le fasi che coinvolgono il processo di produzione, dalla preventivazione alla consuntivazione. L¿obiettivo della realizzazione del progetto in ottica Industria 4.0 è quello di migliorare ed integrare i processi di produzione e gestione del magazzino con un sistema informatico gestionale aziendale.
All¿interno del progetto verrà effettuata una analisi di dati, per una valutazione critica della fase produttiva con una conseguente identificazione di eventuali interventi per aumentare l¿efficienza dei processi produttivi (ad es. differenze tra margine preventivo e consuntivo). Le evoluzioni possibili dello sviluppo della gestione integrata prevedono l¿implementazione di un sistema di realtà aumentata per la risoluzione di problemi tecnici in remoto.",non_ai
NON_AI,"Ci sono 3 obiettivi
1 revisione di tutti i processi di gestione delle informazioni e di passaggio di informazioni tra i colleghi, redesign delle attività, ridefinizione dei bisogni e delle aspettative dei clienti tramite workshop dedicati
2 implementazione di un sistema CAFM (computer-aided facility management) e elaborazione di un sistema di informatizzazione per l¿integrazione con l¿ERP (Enterprise Resource Planning) in uso
3 creazione di un sistema di taggature finalizzato alla gestione digitalizzata in tempo reale della posizione e attività dei manutentori presso i clienti.

Benefici: strutturare, pianificare e tracciare in real time tutte le attività core aziendali, programmare riparazioni e manutenzione preventiva, monitorare gli ordini di lavoro e aderire agli standard di conformità, gestire i turni dei dipendenti e aggregare i dati affinché i processi manutentivi possano essere monitorati, studiati e migliorati, favorire la trasparenza verso il cliente permettendo di verificare in tempo reale la presenza dei tecnici e l¿ottemperanza agli impegni contrattuali.

Vengono forniti: analisi di processo, facilitazione tramite gamification e metodologie di service design e design thinking, formazione del personale, scelta del miglior fornitore di software, supporto al cha",non_ai
NON_AI,"Automatic Press S.r.l da oltre 40 nni opera nello stampaggio con la progettazione e la realizzazione di stampi per produzione di componenti e ricambi per auto, moto, macchine agricole, macchine utensili etc.
L¿azienda ha operato investimenti su tecnologie destinate alla progettazione ed ha introdotto macchinari ad alta capacità produttiva, nonostante questo si registrano forti difficoltà operative in relazione ai tempi e alla qualità delle lavorazioni proposte che generano ri-lavarazioni frequenti.
Da un¿analisi interna è emerso che la fase di assicurazione della qualità è gestita con modalità manuali che non sono in linea con la velocità produttiva dei macchinari: in sostanza si genera un tappo operativo che rende inefficiente il sistema produttivo nel suo complesso. Le problematiche riscontrate riguardano due aspetti: la crescita del personale interno con competenze 4.0 e la presenza di una figura esperta nell'implementazione di soluzioni che favoriscono una automazione efficace ed efficiente. Per questo motivo si intende coinvolgere una figura esterna esperta che guidi il percorso di automazione dei processi e ci consenta una implementazione strumenti dedicati al controllo qualità con tecnologie di robotica collaborativa, in questo modo potremo garantire un piano efficace 4",non_ai
NON_AI,"The Edge Company è una start-up innovativa che vuole completare la sua crescita attraverso la commercializzazione delle soluzioni di Safety e Technology su mercati verticali (Air Trasport, Oil & Gas Plant Surveillance, Urban Air Mobility,, Remote Learning, Remote Maintenance) ed ambisce ad operare in un contesto totalmente internazionale nel quale strutturarsi come compagine societaria (ricerca di partner finanziari) e come presenza e presidio commerciale in tutto il mondo attraverso partner strategici. 
Consulenza
Obiettivo è quello di trasformare la tecnologia proprietaria ed innovativa in soluzioni personalizzate per i mercati ed i clienti sia come componente tecnologica sia come sviluppo di progetti ¿ad hoc¿.
Questo richiede alcune trasformazioni oggetto della consulenza:
- una nuova organizzazione distribuita e orientata al mercato,
-un servizio di CRM incentrato sull¿ascolto del cliente
-un ambiente pronto ad accettare le sfide e portare soluzioni ¿fuori dagli schemi¿ 
-una presenza stabile in mercati competitivi con un brand riconoscibile
-una stabile collaborazione con player leader nel mondo. 
Questo sarà affiancato da un programma di digital marketing incentrato su:
-realtà aumentata
-social network
-SEO e SEM
-Google Adwords
-Content Marketing
-User exp",non_ai
NON_AI,"La società Studio 4 srl è specializzata nella lavorazione del marmo per interni, intarsi di pregio e mosaici destinati a progetti di interior personalizzati per il segmento del lusso. Negli ultimi anni, a seguito di richieste specifiche di clienti facoltosi ed esigenti la società ha attività una collaborazione sinergica con piccole imprese appartenenti al settore dell¿arredamento di lusso, illuminazione e decorazione di interni, finalizzata a fornire soluzioni integrate e complete per progetti di arredamento personalizzati e unici. Di qui la necessità di una consulenza manageriale per implementare un nuovo modello organizzativo e gestionale basato sulla implementazione di sistemi di visualizzazione delle soluzioni personalizzate, anche in maniera virtuale, al fine di poter simulare in maniera rapida la visualizzazione dell¿ambiente mediante l¿applicazione e utilizzo di sistemi di realtà aumentata e su un innovativo sistema di  digital marketing  finalizzato a trasmettere e identificare il brand e l¿immagine nei mercati target quale specialista nella progettazione, realizzazione e installazione di decorativi di interni in marmo, intarsi e pietre preziose nel segmento del lusso;",non_ai
NON_AI,"L¿esigenza di una mappatura completa delle attività dell¿azienda ha portato a riprogettare in modo innovativo i processi sia interni sia esterni che impattano sul sistema informativo aziendale in essere, soprattutto inerente la fase commerciale.
Gli obiettivi del progetto sono due:
il primo è offrire un nuovo servizio di Virtual reality alla clientela, basato sulla completa fusione tra il mondo generato dalla computer grafica (competenza attualmente presente in azienda) ed immagini/video del mondo reale.
Servizi così innovativi necessitano di studi sulla scelta degli strumenti adeguati e strategie di marketing efficaci, secondo obbiettivo quindi è acquisire le competenze per poter redigere e gestire un progetto di tale portata. 
Compito del manager dell'innovazione in questo caso è quindi far crescere e sviluppare il bagaglio conoscitivo dell¿azienda permettendogli  alti livelli di performance.
Il progetto viene suddiviso in due fasi:
prima fase è relativa all¿apprendimento degli strumenti e delle tecniche utili alle riprese/immagini VR del mondo reale e conseguente implementazione dei contributi provenienti dalle elaborazioni di computer grafica;
nella seconda fase si prevede la formazione necessaria alla realizzazione e gestione di strategie di marketing personalizzate.",non_ai
NON_AI,"Verranno individuati algoritmi innovativi di machine learning per la gestione dei processi di impresa, riconoscimento di situazioni di rischio ed efficientamento del processo di produzione.
Inoltre questa consulenza permetterà di sperimentare ed approcciarsi al campo tecnologico della Realtà Virtuale ed Aumentata, con immediati vantaggi per gli operatori e per gli utenti finali. Ad essa si affiancheranno processi di ingegnerizzazione e di innovazione legati all¿ambito IoT. Il paradigma degli IoT si applica a pieno anche al mondo del lavoro ed in particolare alla Fabbrica intelligente.
L¿applicazione dell¿IoT agli ambienti di lavoro sicuramente permette di ridurre tempi e costi di produzione e ridurre i rischi legati alle procedure operative ed agli ambienti di lavoro.",ai
NON_AI,"Istante è una start up innovativa nata nel 2018 per erogare progetti Industria 4.0. Opera con tecnologie Microsoft in un programma di sviluppo indirizzato a business partner con grande potenziale. Fornisce prodotti e progetti nelle aree legate a Big Data e Analytics, Machine Learning e Intelligenza Artificiale e integrazione della Value Chain attraverso tecnologie Internet of Things, operando su piattaforme On Cloud ed On Premise, nonchè in ambito Edge e Grid Computing. Ha un business plan importante, per perseguire il quale deve strutturarsi per una propria crescita equilibrata e gestibile, sia sul piano dello sviluppo organizzativo, che sul piano dell¿assetto economico finanziario. Una parte dell¿intervento riguarda l¿identificazione di prodotti e servizi innovativi industrializzabili e distribuibili attraverso App Store o altri canali, implementando metodologie avanzate commerciali e di delivery.
Inoltre nell¿implementare metodologie di produzione e/o progettuali quali Crisp DM, CRP, Agile e altre, le stesse devono essere adeguate alle evoluzioni tecnologiche dei settori interessati che vedono un ricambio accelerato e l¿ingresso di sempre nuove tecnologie che costringono anche a ripensare schemi e metodi di lavoro, intervenendo su risorse umane e sistemi di controllo.",ai
NON_AI,SMART WORK COLLABORATION E REALTÀ AUMENTATA: INNOVAZIONE PER LA GESTIONE IN MOBILITA' (FORMAZIONE PERSONALE AZIENDALE),non_ai
NON_AI,SMART WORK COLLABORATION E REALTÀ AUMENTATA: INNOVAZIONE PER LA GESTIONE IN MOBILITA' (FORMAZIONE PERSONALE AZIENDALE),non_ai
NON_AI,"1.	Gli obiettivi specifici dell¿intervento 

¿	Sostenere i  processi di innovazione, trasformazione tecnologica e digitale dell¿impresa attraverso l¿applicazione delle tecnologie abilitanti previste dal Piano nazionale impresa 4.0
¿	Favorire i  processi di ammodernamento degli assetti gestionali e organizzativi

2.	I risultati attesi 
¿	Supportare l¿introduzione in azienda di software  ERP completo e modulare totalmente integrato in grado di coordinare al meglio tutti i reparti aziendali, dalla logistica alla produzione, dal magazzino- vendite, dagli acquisti al controllo qualità, dalla amministrazione al controllo di gestione.
¿	Sistemi di visualizzazione, realtà virtuale (RV) e realtà aumentata (RA) (gestione di QR code su confezioni e cataloghi)
¿	Coordinare lo sviluppo e l¿utilizzo di software applicativo per la gestione della block chain
¿	Introdurre nuovi nuovi metodi organizzativi nelle pratiche commerciali e  nelle strategie di gestione aziendale
¿	Progettare e realizzare un programma coordinato  di digital marketing e sviluppo commerciale verso nuovi  mercati anche con l¿ausilio di sistemi di visualizzazione, realtà virtuale (RV) e realtà aumentata (RA) (QR code su confezioni e cataloghi) utilizzati anche nell¿ambito del BLOCK CHAIN MANAGEMENT",non_ai
NON_AI,"Il progetto prevede l¿implementazione di nuove procedure operative che prevedano strumenti di Realtà Aumentata al fine di migliorare la qualità e la sicurezza delle lavorazioni effettuate.
In particolare attraverso nuovi dispositivi AR le lavorazioni più critiche e difficili potranno essere seguite, guidate e supervisionate da remoto da un responsabile qualificato che, quindi, potrà gestire più ¿cantieri¿ contemporaneamente.
Il progetto, inoltre, prevede la possibilità della formazione professionale on the job.",non_ai
NON_AI,"Il progetto promuove la cultura dell'accessibilità tra gli operatori turistico-culturali e la partecipazione attiva della cittadinanza alla valorizzazione del patrimonio naturale e culturale come bene comune. In 3 siti pilota (Valdagno, Resia, Saalfelden - caratterizzati dalla presenza di piccoli musei e da aspetti paesaggistici e culturali significativi) attiverà percorsi di progettazione partecipata con le comunità locali per la raccolta e l’elaborazione di contenuti e valori, con particolare attenzione a quelli che definiscono l’unicità del luogo. I contenuti emersi saranno poi restituiti all’interno di dispositivi innovativi (tecnologici e narrativi) che andranno ad arricchire i siti museali esistenti (App per visita interattiva, realtà aumentata, installazioni multimediali, percorsi tematici) e a valorizzare il contesto naturale (itinerari multimediali di storytelling dei luoghi) per una fruizione esperienziale, immersiva ed emozionale. Centrale sarà l’accessibilità, con dispositivi multimodali che consentiranno una fruizione coinvolgente per tutti, grazie alla possibilità di scegliere e combinare modalità di visita diverse, progettate per rispondere alle esigenze delle differenti abilità, età, provenienze, nonché delle difficoltà motorie, sensoriali e cognitive.",non_ai
NON_AI,"Il progetto promuove la cultura dell'accessibilità tra gli operatori turistico-culturali e la partecipazione attiva della cittadinanza alla valorizzazione del patrimonio naturale e culturale come bene comune. In 3 siti pilota (Valdagno, Resia, Saalfelden - caratterizzati dalla presenza di piccoli musei e da aspetti paesaggistici e culturali significativi) attiverà percorsi di progettazione partecipata con le comunità locali per la raccolta e l’elaborazione di contenuti e valori, con particolare attenzione a quelli che definiscono l’unicità del luogo. I contenuti emersi saranno poi restituiti all’interno di dispositivi innovativi (tecnologici e narrativi) che andranno ad arricchire i siti museali esistenti (App per visita interattiva, realtà aumentata, installazioni multimediali, percorsi tematici) e a valorizzare il contesto naturale (itinerari multimediali di storytelling dei luoghi) per una fruizione esperienziale, immersiva ed emozionale. Centrale sarà l’accessibilità, con dispositivi multimodali che consentiranno una fruizione coinvolgente per tutti, grazie alla possibilità di scegliere e combinare modalità di visita diverse, progettate per rispondere alle esigenze delle differenti abilità, età, provenienze, nonché delle difficoltà motorie, sensoriali e cognitive.",non_ai
NON_AI,"Brandon Group srl è una PMI innovativa che offre alle aziende un servizio di gestione completo del processo di vendita e post-vendita sui principali marketplace internazionali. Grazie alla propria piattaforma tecnologica, Brandon gestisce l'intera filiera distributiva in modo automatizzato garantendo scalabilità dei volumi e massimizzazione della marginalità.
Per accelerare ulteriormente la propria crescita, Brandon intende affidare ad un manager dell¿innovazione con specifiche competenze di supply chain in ambito digitale, un progetto di ammodernamento del suo assetto gestionale e organizzativo volto a:
- Innovare e ridefinire i processi interni
- Progettare un modello di integrazione tecnologica di tutti gli attori della supply chain per velocizzare lo scambio di dati e ottimizzare il coordinamento 
- Rinnovare la struttura organizzativa per gestire i modelli di business B2B e B2C in modo integrato massimizzando le sinergie ottenibili in Brandon e con le società in via di acquisizione
Il progetto rappresenta per Brandon un¿innovazione sia di servizio verso i propri clienti, volto a incrementarne i volumi di fatturato, la brand awareness e la reportistica basata su data analysis e machine learning, sia di processo, rendendo più efficiente il modo in cui opera l¿azienda.",non_ai
NON_AI,"Il progetto ha come obiettivo l’utilizzo di tecnologie di ultima generazione (es, realtà aumentata, realtà virtuale, videogaming) che, unite a modelli innovativi di comunicazione, si applichino a percorsi di educazione e sensibilizzazione al patrimonio culturale destinati ai bambini in età scolastica (scuola primaria e secondaria). L’obiettivo finale è quello di creare una esperienza didattica divertente e, allo stesso tempo, coinvolgente che si prolunghi nel tempo dentro e fuori la scuola. L’intento è quello di trasformare i giovani delle scuole di un territorio da semplici spettatori passivi di un percorso museale chiuso, in fruitori attivi e coinvolti, in grado (oggi) di interagire, giocare e scegliere i contenuti a cui accedere e (domani) di essere cittadini consapevoli e per i quali la conoscenza e la tutela del patrimonio culturale del proprio territorio è una occasione per migliorare la vita, e una opportunità di sviluppo economico e sociale insostituibile. GOAL intende applicare, quindi, le nuove tecnologie per mettere a punto un metodo didattico appositamente studiato e, per la prima volta, integrato funzionalmente ai programmi scolastici coniugando la componente “game” con il patrimonio culturale del territorio.",ai
NON_AI,"Il progetto, Sharing Genius Loci Turismo ¿aumentato¿¿nel Parco San Bartolo, mira a definire una nuova fruizione dell`area turistica del Parco Naturale del San
Bartolo, promuovendo l`utilizzo di strumenti innovativi (APP di realtà aumentata) e percorsi di Storytelling, generando, di fatto, un nuovo prodotto turistico.",non_ai
NON_AI,Ottimizzazione delle prestazioni e fattori di forma di un innovativo prodotto Wearable per la Realtà Aumentata con determinazione della direzione di arrivo di un’onda elettromagnetica e fruizione dei contenuti associati,non_ai
NON_AI,"L'azienda intende effettuare una serie di investimenti rivolti alla digitalizzazione per migliorare la propria efficienza in termini di snellimento del lavoro e di soddisfazione del cliente la stessa si pone l'obbiettivo di acquistare sistemi hardware e software che permettano un migliore gestione del magazzino prodotti che si costituisce di oltre 2000 referenze cosi da poter creare un limite alle scorte e migliorare l'efficienza nell'effettuare gli ordini attuando dove possibile un sistema di just in time, inoltre si ha l'intenzione di installare dispositivi utilizzabili dai clienti che avvalendosi di applicazioni apposite possano dare informazioni in tempo reale sui prodotti, installazione di access point per rendere fruibile l'utilizzo della rete ad alta velocità alla clientela  si prevede inoltre la realizzazione di un sito e-commerce con navigazione virtuale all'interno dell'azienda gestito attraverso nuovi sistemi di realtà aumentata, per la gestione di tali interventi saranno acquistati nuovi pc ad alto potenziale ed installato un server, inoltre si prevede di acquistare registratori fiscali dotati di display touch screen.",non_ai
NON_AI,"Con il presente bando intendiamo acquistare nuove attrezzature tecniche di sviluppo software per ampliare il settore di interventi su ambienti IoT e Realtà Aumentata:
- n. 2 PC Macintosh MacBook Pro
- n. 1 PC iMac 27""
- n. 1 VideoCamera per riprese
-  set accessori video
- mobile device

Faremo anche un corso di formazione sugli ambienti di sviluppo software per IoT e App",non_ai
NON_AI,"Il progetto prevede di realizzare una autoscuola ¿full digital¿ introducendo l¿utilizzo della digitalizzazione nei principali processi di back-office e front-office. Attraverso l¿utilizzo di strumenti informatici all¿avanguardia si potrà infatti migliorare l¿efficienza aziendale e offrire un servizio migliore ai clienti. In particolare l¿autoscuola di doterà di una macchina scanner multifunzione per la digitalizzazione delle pratiche degli allievi, di server per l¿archiviazione delle pratiche e per la gestione della comunicazione verso il portale del ministero delle infrastrutture e trasporti. Saranno inoltre acquistati pc con schermo touch screen /notebook per la simulazione delle sessioni di esame conseguimento quiz patente, al fine di consentire all¿allievo l¿esercitazione con strumenti quanto più possibile simili a quelli che utilizzerà in seduta di esame. Saranno installate delle postazioni dedicate alla esercitazione per gli allievi che devono conseguire patenti superiori e/o CQC. Saranno acquistati smartphone/tablet e visori da utilizzare per la realtà virtuale e da concedere in comodato d¿uso gratuito (per la durata del corso) agli allievi delle famiglie più bisognose per consentire loro di esercitarsi anche da casa.",non_ai
NON_AI,"Il progetto ha come obiettivo lo sviluppo di una piattaforma web, realizzata in rendering 3D compatibile con la realtà virtuale, al fine di evitare tutti gli scogli commerciali che emergono in fase di definizione ordine e preventivazione, causati soprattutto dalle difficoltà nel rapporto con altre lingue. Il sistema garantirà una totale autonomia al rivenditore/installatore che configurerà in modo totalmente autonomo e supportato visivamente il prodotto aziendale, in modo semplice e altamente intuitivo, con l'ausilio di immagini 3D, redering, video e realtà virtuale. Tale procedura genererà un ordine perfettamente concretizzato e modellato su misura del cliente, il quale, prendendo visione del materiale e del contesto di montaggio, potrà provvedere a formalizzare il pagamento della merce nelle modalità concordate. A completamento del progetto, sarà realizzato un sistema di comunicazione che consenta l'integrazione tra la piattaforma web sopra citata e il gestionale interno aziendale.",non_ai
NON_AI,L'obiettivo di questo progetto è quello di incrementare l'efficienza del nostro lavoro in tutte le sue fasi grazie all'utilizzo delle nuove tecnologie: dalla fase più tecnica in falegnameria con l'acquisizione di un software per l'ottimizzazione nella gestione dei materiali e nella realizzazione dei preventivi a quella precedente di contatto e acquisizione del cliente. Il software per l'arredamento di ideaweb ci permetterà di gestire la parte amministrativa e contabile ma anche di redigere preventivi e offerte creando un'anagrafica clienti e implementando dati e progetti da altri software con cui potremo offrire un'anteprima 3D fotorealistica di qualunque soluzione d'arredo fino ad arrivare alla navigazione all'interno dei progetti in modalità di realtà virtuale. Il progetto include chiaramente anche la formazione del personale addetto a ciascuna area. Infine attraverso questo progetto intendiamo effettuare un'analisi di posizionamento SEO con le relative valutazioni strategiche.,non_ai
NON_AI,"Il presente progetto ambisce alla realizzazione digitale di arredo ed architettura di interni con l'ausilio della realtà virtuale. Grazie all'aggiornamento della strumentazione informatica tramite i sistemi più avanzati e potenti per la grossa mole di dati da gestire nel campo della progettazione elettronica e dell'editing digitale. Tutti i flussi di dati verranno centralizzati su NAS di rete per una migliore gestione del processo lavorativo. Alcune postazioni verranno utilizzate per la dimostrazione grafica ai clienti che visiteranno il nostro showroom, tra cui una di Realtà Virtuale per visualizzare il progetto di arredo in anteprima ed apportare modifiche in tempo reale. Per una migliore resa finale i nostri progetti di arredo verranno stampati con stampanti laser a colori che saranno utilizzate anche per la realizzazione di depliant e volantini interni all'azienda per i nostri clienti.",non_ai
NON_AI,"formazione all'utilizzo e alla gestione della realtà virtuale e delle componenti hardware e software ad essa collegata.
formazione a corsi di aggiornamento per campagne di marketing e web marketing.",non_ai
NON_AI,"Il presente progetto si inserisce nel più ampio progetto della startup Bloovery di rivoluzionare il settore del flower delivery in Italia. Dopo aver con successo lanciato i canali di acquisto da Smartphone (App e Chatbot) intendiamo adesso sviluppare e lanciare la piattaforma Web.
La richiesta per il Voucher Digitalizzazione include:
- studio, sviluppo e implementazione software di un sito web ecommerce su piattaforma da definire completo di catalogo, carrello, check out e pagamento e di un backend in grado di gestire il flusso di ordini in ingresso e le anagrafiche dei clienti
- consulenza specialistica strategica, tattica e operativa per il lancio promozionale della soluzione sopra descritta, per un periodo di 6 mesi, volta all¿acquisizione di nuovi clienti e alla fidelizzazione dei clienti esistenti tramite i canali di web marketing e i social media (Adwords, Facebook e Instagram Ads, guest posting, influencer marketing, Social media management)",non_ai
NON_AI,"È prevista l'introduzione, nell'impianto produttivo, di due stazioni di tornitura di nuova generazione progettati e realizzati per sfruttare al meglio sia le nuove tecnologie digitali introdotte con l'Industria 4.0 che le lavorazioni simultanee multicanale possibili con i Controlli Numerici di ultima generazione.
Tali impianti danno la possibilità di lavorare con tre utensili contemporaneamente, a differenza delle macchine della generazione precedente, garantendo una riduzione dei tempi di lavoro (dal 15% al 30%) con tutte le ricadute positive che questo ha in termini di tempi di risposta alle richieste del mercato.
I macchinari sono totalmente integrabili nel sistema informativo aziendale grazie all'introduzione di una serie di attrezzature e tecnologie: software di gestione della macchina da remoto e touch screen per l'inserimento e lo scambio delle istruzioni.
Il software consente di trasferire dati su: numero di pezzi lavorati, cicli di produzione eseguiti, tempi di attività per il calcolo di efficienza e produttività, gestione della manutenzione preventiva; direttamente da remoto sarà inoltre possibile mandare alla macchina il programma esecutivo delle lavorazioni ed anche le istruzioni all'operatore qualora ci dovesse essere la necessità di un intervento manuale.",ai
NON_AI,"La nostra azienda si occupa di migliorare la qualità di vita dei nostri clienti fornendo soluzioni professionali ai problemi dentali. Per questo motivo abbiamo deciso di migliorare lefficienza aziendale implementando soluzioni hardware e software finalizzate alla digitalizzazione dei processi. Limplementazione hardware e software consiste nellacquisto di nuovi computer, nuovo software per la gestione delle procedure interne e di un CRM collegato al centralino per conoscere meglio i clienti, catalogarli, gestire azioni promozionali e tracciare le attività commerciali collegate. Inoltre ci doteremo di una soluzione software per la Realtà Aumentata; la Realtà Aumentata è la tecnologia che permette di aggiungere contenuti digitali a contenuti reali con l'utilizzo di dispositivi mobili. A tal fine sarà acquistata una soluzione hardware/software che ci permetterà di mostrare ai pazienti in maniera virtuale il risultato finale del nostro intervento, eliminando quindi la vecchia procedura cartacea analogica ed aumentando così la velocità di esecuzione. Il sistema sarà
installato e personalizzato secondo le nostre necessità. E prevista anche la formazione specializzata del personale. Per ottemperare alle nuove norme sul GDPR, l'azienda si fornirà di soluzione software ad-hoc.",non_ai
NON_AI,"Join4B è una società che opera nel settore delle tecnologie digitali immersive. Ha coordinato nel 2017 il progetto Focus AR, per la rivista Focus (Mondadori Scienza), per lo sviluppo di una app di Realtà Aumentata collegata ai contenuti del giornale.
Forte del suo know-how commerciale e di marketing, Join4B vuole approfondire le competenze tecniche e organizzative dei suoi soci e dipendenti per rendere più efficiente la gestione interna dei progetti, con meno dipendenze da fornitori esterni.
Oltre a questo punta ad un miglioramento dell¿organizzazione interna, dotandosi di strumenti moderni per la Realtà Aumentata e Virtuale che la rendano competitiva.

Riassumendo, il progetto prevede:
- formazione tecnica del personale e dei soci su Realtà Aumentata e Virtuale
- consulenza processi aziendali e organizzazione interna
- acquisto di hardware di Realtà Aumentata e Virtuale

Con l¿implementazione di questa strategia digitale, ci aspettiamo un incremento del fatturato del 20% nel 2018.",non_ai
NON_AI,"Il progetto SMART GRINDING si pone l¿obiettivo di migliorare l¿efficienza del servizio di assistenza post vendita, area cruciale dell¿azienda. Con il progetto verrà sviluppato un sistema digitale di rilevamento e analisi dei dati in real time sull¿utilizzo dei prodotti, sulle performance e sulle anomalie di funzionamento. Attraverso la digitalizzazione del processo, in una soluzione Cloud Based, è possibile così conoscere ed analizzare le informazioni per fornire assistenza sempre più tempestiva e qualificata ed elaborare algoritmi predittivi statistici e/o altri strumenti di Business Intelligence. Il fine ultimo è un aumento della redditività aziendale attraverso il miglioramento dell'efficienza del sistema azienda.",non_ai
NON_AI,"Sviluppo nuovo sito web con rebranding del marchio. modulo prenotazione farmaci, blog/news con plugin di condivisione automatico su FB e Google plus. realizzazione landing page, pagina aziendale Google My Business, customer care e connessioni chatbot, connessioni Whatsapp, mail marketing",non_ai
NON_AI,"Il progetto prevede: sul versante interno l'ottimizzazione generale dei flussi di lavoro e, principalmente, del sistema di monitoraggio dei processi che comprenda una correzione iterativa dei modelli applicati.
- Revisione dell¿organigramma aziendale ed evidenziazione funzioni interne
- Applicazione di un modello di eXtreme Project Management (Scrum/Kannban) per la
gestione del workflow aziendale. 
Sul versante estreno la creazione di una efficace UI (User Interface) centrata sull¿ottimizzazione delle UX (UsereXperience) che monitorizzi efficacemente i processi di acquisto ed i momenti d¿interazione con il cliente diversificando i modelli di eCommerce attraverso due siti di shop on line dedicati rispettivamente al mercato B2C e B2B, ai quali verranno associati due siti,
altrettanto specifici, per la gestione di processi di Content Marketing finalizzati all¿attuazione di Funnel di conversione Customer oriented.
- Sviluppo interfaccia utente per siti di eCommerce B2B e B2C
- Sviluppo sistema di Funneling e Marketing Automation sui siti di Content Marketing
Applicazione di una piattaforma IT integrata nei sistemi aziendali per collegare il versante esterno ed interno uniformando il flusso di dati anche attraverso applicativi di Machine Learning e di intelligenza artificiale.",ai
NON_AI,"Il progetto si prefigge, alla luce di una attentra analisi di mercato ed in attinenza all'oggetto delle attività svolte, di implementare nuove tecnologie (hardware e software), ora sul mercato, ampliando l'offerta rese ai nostri clienti attraverso i nuovi confini della stazione di realtà virtuale che offre un esperienza unica nel campo dell'intrattenimento visivo, oggetto della nostra attività immergendo lo spettatore a 360* in un mondo completamente fantastico con la nuova tecnologia che rende già passato ila visione 3d. Tale innovazione sarà certamente un volano per ampliare l&#700;offerta che potremmo offrire ai nostri clienti sempre più esigenti.",non_ai
NON_AI,"Lo Studio Tassinari attualmente implementa con efficacia il sistema BIM ed è dotato di strumenti per la presentazione in Realtà Virtuale.
A completamento del servizio e del workflow si intende dotare della tecnologia di rilievo mediante laser-scanner di tipo tipografico. Tale approccio rende possibile l'inserimento della progettazione in un contesto rilevato preciso e dettagliato, senza la necessità di ritorni sul campo. Questo riduce i tempi di esecuzione del lavoro, ne aumenta l'affidabilità e fornisce ai clienti una restituzione completa della realtà geometrica. Questo comporta anche la gestione di una mole di dati molto grande, pertanto oltre all'acquisto del laser scanner 3D  si rende necessaria l'implementazione di una rete dati a 10 Gb e la dotazione di un NAS ad alte prestazioni, dotato di questa tecnologia.",non_ai
NON_AI,"Ojos design lavora da tempo nell'ambito della divulgazione dei Beni culturali, attraverso la progettazione di allestimenti museali cui, negli anni recenti, si è aggiunta la progettazione e la realizzazione di siti web con caratteristiche di interattività.
I progressi compiuti dall'informatica negli anni recenti, pongono nuove esigenze e nuove potenzialità nel campo degli allestimenti museali e del web. I visitatori dei musei chiedono di essere coinvolti e affacinati da restituzioni tridimensionali e da simulazioni di realtà aumentata.
Per stare al passo con queste sfide progettuali si rende necessario l'utilizzo, per la nostra società, di hardware dalle prestazioni più performanti e avanzate.",non_ai
NON_AI,Il progetto denominato “Littera – Letteratura e informatio tecnology; testi estesi in realtà aumentata” ha come oggetto l’analisi e lo sviluppo di una soluzione innovativa per lo studio e la lettura dei testi letterari attraverso l’ausilio offerto in context (cioè nel tempo e nello spazio visivo della lettura) dalle risorse della realtà aumentata,ai
NON_AI,"Il progetto si pone l¿obiettivo di attrezzare lo studio con hardware e rete Gigabit Fibra, sviluppabile nel tempo, al fine dell¿implementazione di una piattaforma privata di cloud computing su cui sviluppare un sistema SaaS-WebServer per la gestione dei modelli BIM-FM, Smart Cities per conto dei clienti. La stessa piattaforma sarà la base per l¿implementazione di un sistema di Customer Care e di formazione continua dei clienti sulle funzionalità dei nostri servizi di virtualizzazione dell¿ambiente costruito, nonché di un sistema collaborativo di management dei modelli tra noi, gli studi di progettazione referenti, i clienti e gli eventuali altri consulenti. In particolare si predispone l¿acquisto di una workstation/server grafico adatto alla gestione di modelli BIM complessi e federati, un server NAS con capacità VirtualMachine su cui implementare l¿ambiente Cloud, nonché il cablaggio dello studio con rete GigaBit Fibra e router ad alte prestazioni e il primo sviluppo di una piattaforma software ¿BIM in Cloud¿ con caratteristiche collaborative, ma sviluppabile nel tempo con servizi di facility management, gestione cantiere, simulazioni anche con l¿uso di tecnologie a Realtà Aumentata.",non_ai
NON_AI,"La rete rappresenta uno strumento indispensabile per moltiplicare le possibilità di vendita, per questo RE CASA IMMOBILIARE srl intende creare un nuovo portale e-commerce con ampi spazi dedicati agli immobili e servizi a pagamento utili a snellire i processi, come la richiesta di visure catastali ed ipotecarie di vario tipo e la contrattualistica immobiliare sia per la locazione che per la vendita. Il portale e-commerce di ReCasa offrirà la possibilità di fruire di una vasta gamma di servizi relativi al mondo immobiliare attraverso il web, con informazioni esaustive, in diverse lingue, l¿introduzione della realtà virtuale ed aumentata per gli immobili di pregio, la creazione di app mobile per smartphone per l¿invio di notifiche ed aggiornamenti e la condivisione nei social network per ampliare la visibilità di ogni immobile ed i contatti con i potenziali acquirenti. In collaborazione con esperti del settore, ReCasa offrirà il servizio di home staging e in collaborazione con le primarie Compagnie di Assicurazione, offrirà la possibilità di sottoscrivere polizze fideiussorie. 
Al termine della realizzazione del progetto e-commerce, al dipendente sarà fornito un corso ecommerce strutturato in base ad una logica che coniuga la formazione tecnologica e quella di marketing.",non_ai
NON_AI,"Nell¿ottica di un miglioramento dell¿efficienza aziendale, il progetto di digitalizzazione 
denominato ¿Digital transformation through strategic thinking & writing¿, intende dare ulteriore impulso alla trasformazione digitale tramite un digital strategist che potenzierà lo sviluppo innovativo dei processi produttivi anche grazie alle consulenze sui temi principali del business di BaxEnergy.
Sono stati individuati i livelli dell¿organizzazione dell¿azienda suscettibili di essere potenziati tramite il progetto in questione.
Il focus della strategia di trasformazione digitale è quello di coinvolgere ancora di più i clienti, in un¿ottica ""agile e lean"" tramite l¿utilizzo dell¿analisi comparata dei dati ponendo al centro la customer experience. 
Il digital strategist avrà il ruolo di Strategic Writing and consulting e si occuperà di fornire consulenza per innovare/migliorare i processi aziendali nelle aree/funzioni relative a:
¿ Intelligenza digitale e intelligenza artificiale
¿ Stack di applicazioni Microsoft (.NET) e stack di applicazioni multipiattaforma Microsoft (.NET Core)
¿ Pratiche fondamentali di progettazione software",ai
NON_AI,"Il progetto prevede il potenziamento degli strumenti gestionali attraverso l¿implementazione dei seguenti moduli gestionali: 
-	Modulo CRP/FCS (schedulatore produzione) che consente di ottimizzare la pianificazione e gestione della produzione e permette di registrare benefici in termini di miglioramento dell¿efficienza aziendale in quanto garantisce di: aumentare il livello di servizio al cliente e il rispetto delle consegne - qualità delle informazioni in tempo reale - incrementare la qualità del prodotto attraverso una completa tracciabilità di prodotto e di processo -analizzare i dati di produzione - individuare rapidamente le non conformità e attivarsi per le azioni correttive - ridurre scarti e non-conformità migliorando il servizio al cliente
-	Modulo manutenzione (schedulatore manutenzione) che consente di gestire e controllare in maniera digitalizzata tutte le attività di manutenzione svolte dagli operatori per macchine/impianti/attrezzature/attrezzi, siano esse attività di manutenzione ordinaria (Manutenzione Preventiva) o manutenzione straordinaria (Manutenzione Incidentale). Il modulo consente di gestire entrambi i processi di manutenzione, rilevando tutti i tempi e le informazioni di dettaglio di ogni singolo intervento calcolando poi le relative performance di manute",non_ai
NON_AI,"L¿azienda intende avviare un progetto di digitalizzazione dei processi aziendali, ammodernamento tecnologico, formazione e riorganizzazione del lavoro, che favorisca un miglioramento considerevole dell¿efficienza aziendale. L¿obiettivo è rendere l¿azienda competitiva a livello nazionale ed internazionale grazie ad un sistema del lavoro basato su nuove tecnologie e performance superiori. Il progetto prevede l¿acquisto di: 1) Hardware performante per ottimizzare fasi operative, evitando tempi di inattività causate da strumenti obsoleti, considerate le necessità tecniche ed i nostri scopi professionali (grafica 2d 3d, realtà virtuale, elaborazione video, sviluppo software); 2) Servizi di consulenza volti ad analizzare l'attuale flusso di lavoro e a sviluppare un sistema gestionale in cloud che digitalizza i processi e permette un¿efficiente gestione dei progetti tramite funzionalità di team management, garantendo allo stesso tempo un elevato grado di sicurezza informatica nei confronti dell¿intera organizzazione; 3) Corsi di formazione specifica a favore dell¿amministratore, dei soci e/o dei dipendenti, volti ad acquisire competenze utili al miglioramento dell¿efficienza aziendale, con particolare riferimento a nuove tecnologie e nuove tendenze nell¿ambito del design digitale.",non_ai
NON_AI,"Edulife si occupa di innovazione dei processi di insegnamento e apprendimento facendo uso di tecnologie per l'apprendimento. Attraverso l'analisi e la ricerca di mercato si vuole verificare la possibilità di esportare prodotti e servizi (piattaforme e-learning, realtà aumentata, contenuti multimediali, ecc.) per la formazione delle reti vendita e post vendita nei mercati esteri.",non_ai
NON_AI,"ll progetto si sostanzia nell'inserimento di un software specifico all'interno dei prodotti editoriali dai quali si possano estrapolare contenuti in realtá aumentata.
Tale innovazione permetterá alla nostra impresa di velocizzare i processi editoriali e conseguentemente l'efficienza aziendale. L'attuale utilizzo della tecnologia analogica per l'elaborazione dei testi, delle immagini fotografiche e delle pubblicità all'interno dei giornali, riviste, brochure, biglietti da visita, etc., che costituiscono la nostra produzione, é di fatto commercialmente obsoleta. 
L'efficacia di tali contenuti é limitata mentre l'inserimento della tecnologia della realtà aumentata con audio, video, animazioni e foto in 3D, renderá piú moderni ed appetibili i nostri prodotti permettendoci anche di ridurre i costi industriali. Il lettore o l'utente finale potrà attivare dei contenuti attraverso la suddetta APP inquadrando alcune immagini - opportunamente indicate - che potranno offrire approfondimenti dei contenuti, sia editoriali che commerciali, come foto a 360°, video, link ad altri siti internet, accessi a portali web etc.
Si richiede pertanto il voucher per lo sviluppo dell'APP che unitamente alla consulenza e formazione della stessa sarà consegnata chiavi in mano",non_ai
NON_AI,"MAP-S è una start-up innovativa iscritta nella sezione speciale del registro delle imprese, la sua spiccata propensione verso le attività di R&S ha portato ad avere un bagaglio di conoscenze e prototipi che ora devono tradursi in fatturato per l¿azienda. Per attivare tale obiettivo è necessario un percorso di miglioramento dell¿efficienza aziendale attraverso consulenze specialistiche che consentano la migliore forma di industrializzazione e commercializzazione dei prodotti della Ricerca. In particolare i percorsi di digitalizzazione che si rendono necessari sono i seguenti: 
&#61656;	Attivazione di servizi di analitycs da Big Data in grado di eseguire matching tra le esigenze del mercato ed i prototipi realizzati da MAP-S per determinare il percorso di industrializzazione sugli scenari applicativi più efficaci per la realizzazione di nuovi prodotti. 
&#61656;	Disegno di soluzioni e-commerce orientate a leads prefiltrati; l¿analisi sarà supportata da adeguati modelli di business applicabili alle modalità di commercializzazione dei prodotti industrializzati. 
&#61656;	Digitalizzazione delle procedure di foundraising (maketing mailing; chatbot; etc¿) per migliorare ed industrializzare gli oggetti della Ricerca.",non_ai
NON_AI,"""Easy VR""’ è un progetto di sviluppo sperimentale che partendo da un set di tecnologie esistenti in ambito ICT, ovvero quello dedicato alla realtà virtuale, si pone come obiettivo di sviluppare prodotti, processi e servizi per rendere utilizzabili su base quotidiana queste tecnologie applicandole ad una serie di settori economici e culturali vari. La realtà virtuale offre strumenti innovativi di presentazione di prodotto attraverso la sua virtualizzazione, permette un maggior coinvolgimento attraverso il marketing esperienziale agendo sulla sfera emozionale e quella immersiva, creando un’esperienza vivida molto simile alla realtà che rimarrà ancorata alla memoria dell’utente.",non_ai
NON_AI,"Il progetto prevede la digitalizzazione del processo di realizzazione del fascicolo immobiliare, contenente informazioni e documenti sia di natura tecnica che amministrativa.
L'acquisizione dei dati tecnici dell'immobile avviene con strumentazioni hw e sw che consentono la rappresentazione dell'edificio in realtà aumentata e la produzione di documenti digitali compatibili con gli standard BIM, per la facilitazione di una successiva gestione tecnica e/o riqualificazione dell'edificio.
Il fascicolo immobiliare è gestito in cloud per un accesso facilitato e regolato da parte dei diversi utenti interessati (proprietario, progettista, manutentore, amministratore di condominio, ecc.)",non_ai
NON_AI,"Adeguamento hardware e software delle strutture in modo da rendere sfruttabile le tecnologie di realtà aumentata e virtuale. Data avvio del progetto: 01/03/2018, Data fine del progetto: 31/12/2018",non_ai
NON_AI,"L¿obiettivo del progetto in questione è l¿acquisto di hardware, software e formazione apposita per la progettazione e lo sviluppo in 3D di impianti per il trattamento e riutilizzo fino al 95% delle acque utilizzate nel settore industriale e civile.
Sono necessarie 2 workstation che garantiscano velocità di calcolo e riduzione degli inconvenienti ai minimi termini durante le lunghe sessioni di lavoro con CAD o software di modellazione 3D.
Le macchine devono essere in grado di sostenere carichi di lavoro impegnativi, come ad esempio il rendering anche oltre l'orario di ufficio, e devono essere pienamente compatibili con i software più utilizzati.
Inoltre, si intende acquistare hardware per la realtà aumentata per interagire in maniera virtuale all¿interno dell¿impianto di commessa.
Per l¿utilizzo efficiente della nuova strumentazione sono necessari corsi di formazione per gli utenti aziendali incaricati di utilizzare queste nuove tecnologie per sfruttare al massimo i nuovi sistemi informatici che porteranno l¿azienda ad un miglior posizionamento sul mercato attraverso l¿efficientamento delle procedure aziendali e ad una riduzione degli errori di progettazione.",non_ai
NON_AI,"Il progetto ArchViz rappresenta l'accesso ad una nuova era per la visualizzazione dell'architettura, nonchè una combinazione di software per la sua materializzazione. Un metodo per accompagnare il cliente nel mondo della realtà virtuale, il quale necessita l'acquisto di nuovi hardware in grado di sostenere la potenza necessaria per un utilizzo esauriente dei software. A completamento del progetto sarà richiesta una preparazione professionale idonea alle aspettative sempre più esigenti della clientela che al momento l'azienda non è in grado di soddisfare.",non_ai
NON_AI,"L¿ASC Web Apps, azienda specializzata nello sviluppo di applicazioni web e mobile e nel digital marketing, opera sul mercato siciliano dal 2014. È un¿azienda giovane e dinamica che crede e investe nell¿innovazione tecnologica. Le caratteristiche intrinseche al servizio offerto impongono, più che in altri ambiti, attrezzature e tecnologie all'avanguardia, con l'obiettivo di offrire un efficiente e tempestivo servizio al cliente oltre che per migliorare le performance aziendali nel suo complesso. È per questa ragione che la ASC ha deciso di intraprendere un percorso di investimento tecnologico che riguarda in primo luogo interventi per il miglioramento della connettività e in secondo luogo l¿acquisto di materiale hardware. Nello specifico, il presente progetto di digitalizzazione include: la realizzazione delle opere infrastrutturali e tecniche necessarie alla attivazione del servizio di connettività a banda larga e le relative spese di dotazione e installazione degli apparati necessari; l¿acquisto di 2 personal computer e 1 server. 
La connettività a banda larga consentirà all¿ASC di svolgere in maniera più efficiente operazioni di base quali invio e ricezione di e-mail e navigazione online, ma anche di utilizzare la realtà aumentata, ambito in cui l¿azienda intende svilupparsi.",non_ai
NON_AI,"Il progetto Laelia 4.0 si basa sull’idea di trasformare un prodotto per il riscaldamento domestico, come le stufe a pellet, in un prodotto SMART, commercializzabile con un
canale prevalentemente diretto, attraverso una piattaforma e-commerce dedicata, connessa ad un configuratore mobile e ad un’applicazione di realtà aumentata che
consenta al potenziale cliente di visualizzare il prodotto scelto all’interno del proprio ambiente domestico, valutandone ingombri e compatibilità di stile;",non_ai
NON_AI,"Format Srl svolge attività legate alla produzione, l¿allestimento, la gestione, l¿organizzazione e la promozione di concerti musicali, manifestazioni culturali e sportive e turistiche sia a livello nazionale che internazionale. Per offrire questa tipologia di servizi l¿azienda necessita di intraprendere un percorso di modernizzazione e digitalizzazione degli strumenti utilizzati per migliorare la gestione e l¿organizzazione del lavoro e la qualità del servizio offerto. Nello specifico intende acquisire: un software capace di digitalizzare i processi di riproduzione e editing di materiale grafico nei maxi schermi, laptop (hardware) con caratteristiche tecniche specifiche capaci di migliorare i processi di creazione di materiale grafico, video e grafica animata ottimizzando i tempi e i costi aziendali di realizzazione, Hardware per la creazione di materiale grafico in realtà aumentata con l¿obiettivo di incrementare i servizi aziendali offerti. Il processo di digitalizzazione aziendale garantirà la modernizzazione dei processi produttivi, il miglioramento della loro qualità e della gestione del lavoro nonché l¿ampliamento dei servizi offerti.",non_ai
NON_AI,"attraverso l'investimento la società intende operare su una doppia direttrice, una direzione gestionale attraverso l'implementazione di nuovo hardware e software per gestire la struttura con controllo accessi e sistemi remoti di gestione, nonché un nuovo servizio WEB con realtà virtuale aumentata in grado di garantire una migliore visibilità all'azienda soprattutto verso le regioni al di fuori della sicilia, e verso i paesi UE ed Extra UE. Infine un sistema di implementazione della banda ultralarga con nuove attrezzature per offrire una gamma di servizi web/streaming per la clientela.",non_ai
NON_AI,"L'azienda, seppur costituita recentemente, è molto attiva, e attenta nel suo mercato di riferimento: ""La Comunicazione"".
Questa attenzione gli ha permesso di comprendere sin da subito, che la comunicazione digitale è alla base dello sviluppo aziendale.
 Il modo più semplice per definire la ¿comunicazione digitale¿ consiste nel dire che essa comprende tutte le iniziative di comunicazione, pubblicità e marketing veicolate attraverso strumenti di natura digitale: piattaforme web, mobile application, sistemi multimediali, giochi e applicazioni interattive, digital signage, realtà virtuale e aumentata, ontologie semantiche, ecc. È un ambito vastissimo, che peraltro tende ad ampliare continuamente i propri confini sia dal punto di vista dell¿innovazione tecnologica sia da quello delle modalità di impiego a fini informativi, commerciali e di entertainment.

L'obiettivo del progetto di investimento è  quello di formare figure professionali che siano in grado di dialogare con il pubblico attraverso i media digitali e di sfruttare le opportunità offerte a ciclo pressoché continuo Per fare ciò il progetto prevede un investimento in:
- formazione
- consulenza
-software (sito internet ed e-commerce)",non_ai
NON_AI,"L'azienda intende evolvere e aggiornare la soluzione di e-commerce acquisendo un servizio di consulenza altamente specializzato strettamente finalizzato allo sviluppo di nuove soluzioni, definizione della strategia di promozione sui social media e sui social network. Inoltre l'azienda intende acquistare hardware per il miglioramento dell'efficienza aziendale sempre perseguendo l'obiettivo di sviluppare e migliorare le proprie potenzialità lavorative implementando anche delle innovazioni tecnologiche al suo interno come la Realtà Virtuale.",non_ai
NON_AI,"Gruppo Pragma progetta e sviluppa esperienze di apprendimento in contesti digitali. Ultimamente abbiamo creato un nutrito catalogo di ¿oggetti di apprendimento¿ che va dai corsi multimediali in e-learning ai webinar, fruibili in sincrono collegandosi col docente tramite un sistema di videoconferenze, o in asincrono, visualizzando un video. 
In questo contesto, si ritiene strategico per la propria crescita e sviluppo concentrarsi nella realizzazione di un canale digitale di vendita di propri prodotti e servizi. 
Una piattaforma di e-commerce diventa il luogo virtuale in cui proporre, vendere e avere un¿interazione costante coi propri clienti. 
Con questo progetto Gruppo Pragma intende:
-	Analizzare e definire in dettaglio l¿architettura sistemica e funzionale del sito e-commerce
-	Implementare il sito di e-commerce, comprensivo della parte dedicata al pagamento
-	Definire il workflow di pubblicazione degli oggetti da vendere (corsi e webinar) e l¿integrazione coi sistemi informativi interni
-	Implementare un sistema di Analytics integrato con la strategia di marketing digitale e di advertising utilizzando tecniche innovative (Chatbot e AI)
-	Sviluppare le competenze del personale per gestire, mantenere e sviluppare il sistema, anche attraverso azioni specifiche di marketing",non_ai
NON_AI,"Il progetto prevede lo sviluppo di un¿applicazione iOS e Android e-commerce nel settore dell¿arredamento ( ma declinabile in altri settori) mediante l¿utilizzo della Realtà Aumentata (da qui in poi AR).
L¿applicazione sarà caratterizzata da un elevato grado di usabilità in grado di permettere all'utente una navigazione facile e veloce. 
Sarà sviluppata una vetrina dei prodotti, e delle categorie che raccolgono i singoli prodotti, suddivisi per caratteristiche comuni e affini ed infine le schede prodotto, intese come pagine dedicate alle singole referenze e alle loro varianti (colore, modello, forma). 
Nella pagina dedicata al dettaglio del prodotto sarà possibile accedere alla funzione di AR. Tale funzione avvierà la camera e mostrerà l¿oggetto 3D selezionato, l¿utente avrà una visione del prodotto nella sua stanza con la possibilità di effettuare uno screenshot e la successiva stampa dell¿anteprima. 
L¿applicazione dialogherà ion modalità client-server con una nostra piattaforma di e-commerce che metterà a disposizione le informazioni sui prodotti, gli oggetti 2d e 3d tacciabili dal modulo di realtà aumentata e le funzioni di Intelligenza Artificiale (AI) per l¿analisi predittiva dei dati di profilazione dei clienti e sui tassi di accettazione dei prodotti ed efficacia dei servi",ai
NON_AI,"Il progetto prevede l'implementazione della trasformazione digitale dell'azienda ELLEDI SERRAMENTI IN PVS SRL per poter avviare lo sviluppo di nuovi servizi online, di servizi innovati rivolti al cliente finale grazie allo sviluppo di nuove funzionalità del sito web Elledipvc.com, allo sviluppo di un app catalogo su tablet e alla promozione dei prodotti tramite una campagna di Web Marketing. Grazie alla progettazione ed esecuzione di una strategia legata all'Inbound Marketing verranno innovati i processi aziendali eseguendo la strategia anche sui nuovi canali di comunicazione sociali quali Facebook, YouTube, Instagram e Linkedin. Il progetto prevede lo sviluppo di un blog aziendale per far emergere l'eccellenza e il prodotto Made in Italy di ELLEDI realizzando dei contenuti multimediali quali video o esperienze di realtà aumentata e realtà immersiva. L'obiettivo dell'azienda sarà implementare servizi innovativi di processo aziendale posizionando il brand ELLEDI sul web avviando così il processo di internazionalizzazione.",non_ai
NON_AI,"La proponente società S.E.SE.F. srl, attiva nell¿organizzazione di corsi di formazione specialistici in materia turistica,  ad oggi effettua la gestione dell¿acquisizione dei leads e dei rapporti con la clientela tramite l¿intervento manuale di personale dedicato; tale configurazione organizzativa risulta inefficiente e non consente di ottenere i migliori risultati in paragone alle ore lavoro necessarie. Il progetto, inquadrato nell¿ambito delle iniziative strategiche di digitalizzazione, si sviluppa su due fronti: 1. acquisto di un software specifico per la gestione in modo digitale e automatico, in mobilità e tramite diversi dispositivi, delle interazioni ricevute dai potenziali clienti con l¿utilizzo dell¿intelligenza artificiale: la piattaforma sarà in grado di rispondere alle richieste dei clienti, direzionando solo quelli realmente interessati all¿interazione con l¿uomo e generando delle campagne marketing più efficienti. 2.Implementazione software gestionale diretto ad automatizzare i processi legati al cliente quali, ad esempio, invio documentazione, scelta azienda per stage. La digitalizzazione dei processi permetterà di implementare strategie di lead generation, migliorando l¿organizzazione aziendale e ottenendo risultati tangibili in termini di minori costi.",ai
NON_AI,Il progetto prevede l'acquisto di hardware portatile per l'utilizzo in mobilità: in particolare la nostra società opera nel campo delle catalogazione informatizzata e degli archivi digitali e si propone quindi di svolgere attività di data entry direttamente presso la sede del cliente senza la necessità di una postazione di lavoro fisica; utilizzando invece degli Ipad e 1 PC portatile migliorando in questo modo l'efficienza aziendale e modernizzando l'organizzazione del lavoro attraverso la condivisione dei files su cloud. Inoltre prevediamo l'adesione a corsi di formazione qualificata per imparare lo sviluppo di applicazioni mobili e la realtà aumentata.,non_ai
NON_AI,"Smartlabs è una start-up innovativa fondata nel 2017 (registrata al MISE) grazie all¿iniziativa di 4 soci professionisti senior del mondo ICT, focalizzata su Big Data, Internet of Things, Digital Transformation.
Il progetto prevede la creazione di un laboratorio R&S su temi di Big Data e Data Science. Le nuove attività prevedono oltre alla consegna di prodotti e servizi per clienti finali anche sviluppo di attività interne di laboratorio necessarie a consolidare conoscenze e tecniche, migliorando la competitività sui temi di Big Data sviluppati, quali social network analysis, on-line sentiment analysis, machine learning.
Per ciò, sono richieste risorse HW: dotazioni personali, laptop e server, e distribuite, per l¿interazione con clienti e ricercatori in enti partner e università (tablet; strumenti per video call, Smart TV e proiettori).
Sulle tecnologie più innovative saranno previsti percorsi formativi personalizzati per risorse anche interne al laboratorio, via corsi presso aziende e associazioni leader di mercato.
Smartlabs intende anche dotarsi di strumenti di gestione automatizzata di processi aziendali per ottenere efficienza pur con ridotto personale di staff. L¿esperienza acquisita potrebbe essere riversata in una seconda fase in prodotti specifici per il mondo business.",ai
NON_AI,"Rosburgo service è una società specializzata in servizi  immobiliari operante nell¿area costiera abruzzese da più di quindici anni. Il progetto in presentazione mira alla implementazione di  un nuovo modello di business replicando i modelli O.T.A. (online travel agencies) e allargando l¿offerta ai servizi di intermediazione per soggiorni vacanze (case,residence,villette) ed incoming. Elemento fondante il progetto sarà la piattaforma web sviluppata in CMS proprietario che verrà poi integrata nelle strategie di marketing e nelle politiche di CRM automatizzate con lo sviluppo di CHATBOT customizzati capaci  di seguire il cliente in tutte le fasi della customer journey e nelle procedure di acquisto e prenotazione. Il management ha quindi inteso sin dai primi passi nel mondo digitale  operare con policy che non prevedano servizi di intermediazione (booking.com,expedia.com ecc) optando per un modello più sostenibile e con una scalabilità minore in termini di volumi ma con margini maggiori:risparmio del 18% circa sui costi di intermediazione. Il progetto mira al raddoppio del fatturato nei trentaseimesi successivi al lancio del portale rosburgorent.it: le KPI sono state calcolate in termini prudenziali visto anche il crescente interese per il territorio servito dalla società.",non_ai
NON_AI,"Il progetto prevede la modellazione di ambienti e oggetti per realtà virtuale  o realtà aumentata con le seguenti finalità:
in fase di preventivazione poter mostrare, tramite tour virtuali et similia, le dinamiche principali dell¿evento in modo da poter lavorare sui dettagli che lo comporranno. Dalla realizzazione del set di uno Studio di produzione  video per un live streaming, a un evento ad alta affluenza come congressi o fiere;
durante l¿evento per proporre esperienze immersive a scopi emozionali o formativi.

A questo scopo provvederemo ad effettuare un upgrade dell¿infrastruttura di rete tramite router e switch di ultima generazione che consentano l¿implementazione di NAS a bassa latenza ed alta velocità internet [ Intranet 10 Gb] ed esterna per la condivisione in cloud [internet fibra 1Gbps]. Nuove macchine dalla grande potenza di calcolo per la composizione di una render farm.
Adeguamento degli spazi comuni per lo sviluppo, i test in tempo reale e le presentazioni al cliente delle event experience.",non_ai
NON_AI,"Con l¿avvento delle nuove tecnologie di digitalizzazione e realtà aumentata abbiamo sentito la necessita di adeguare i nostri sistemi informatici colmando il gap tecnologico attraverso l¿acquisto di un nuovo modello di portatile.
 Nello specifico il nuovo MacBook PRO 15¿ con Touch Bar e Touch ID, questo modello è dotato di un nuovo Processore Intel Core i7quad&#8209;core di settima generazione a 2,8GHz (Turbo Boost fino a 3,8GHz) e 16GB di memoria LPDDR3 a 2133MHz e una scheda video Radeon Pro 555 con 2GB 
 Questo nuovo prodotto hardware ci permetterà di poter sviluppare più velocemente applicazioni e siti internet e animazioni 3D nonché montare video in tempo reale sfruttando la velocità del nuovo modello",non_ai
NON_AI,"Il progetto ha l¿obiettivo di realizzare un sistema di lead generation, sufficientemente flessibile e replicabile, che consenta, attraverso il web, di raggiungere il massimo numero di potenziali clienti profilati in occasione del lancio di nuovi prodotti, riducendo sensibilmente il time-to-market e consolidando l¿identità digitale dei marchi aziendali. L¿idea è quella di realizzare una serie piattaforme-satelliti di disintermediazione ognuna delle quali nascerebbe in occasione del lancio di ogni nuovo prodotto o linea di prodotto. Attraverso queste architetture evolute, opportunamente integrate attorno ad una suite e-commerce, faremo in modo di ingaggiare nuovi utenti-mobile in dei punti di approdo digitali dall¿elevato contenuto emozionale in modo da sollecitare la curiosità e l¿interesse degli stessi attraverso strumenti ad elevata misurabilità quali: e-commerce booking, opt-in tool, landing coupon, storytelling, movietelling, wi-fi spot, chatbot.",non_ai
NON_AI,"Il NARV è un progetto di ampio respiro, il cui sviluppo - divisibile idealmente in tre fasi - prevede l¿utilizzo delle ultime soluzioni tecnologiche nell¿ambito della Realtà Aumentata e Realtà Virtuale per la realizzazione di una piattaforma
software modulare, utilizzabile su smartphone e tablet, in cui poter visualizzare e animare i modelli 3D fotorealistici dei prodotti Villa, fornire in modo interattivo informazioni relative a tali prodotti, associare video e presentazioni su determinati aspetti e argomenti (potendo così animare anche brochure e pubblicità cartacee), utilizzare in modo immersivo le apparecchiature virtuali (in scala 1:1, come fossero reali), condividere in remoto con altri soggetti tali prodotti e/o informazioni, oltre che fornire l¿accesso a questi contenuti in modo differenziato e monitorato (mediante registrazione)",non_ai
NON_AI,"Con questo progetto aspiriamo a migliorare l'efficienza dei processi aziendali interni, investendo in nuove tecnologie innovative hardware, software e tecnologia di realtà aumentata. Questo sviluppo devi portarci anche alla gestione più snella nell'internazionalizzazione dell'impresa.",non_ai
NON_AI,"Reverse Studio Srls è una società di marketing e comunicazione attiva dal 2016. 
Fin dall'inizio, vista la giovane età dei soci fondatori, ha puntato sull'innovazione e sull'utilizzo delle nuove tecnologie grazie alla collaborazione con diverse realtà italiane, tutte under 35.
In tal senso nel 2017 ha collaborato alla realizzazione e promozione di un corto realizzato interamente in Realtà Virtuale e presentato al 74* Festival di Venezia.
Ha iniziato cosi ad esplorare nel campo innovativo della VR con il fine di aumentare la propria competitività ed offrire nuovi servizi ad alto contenuto tecnologico ai propri clienti.
Per poter sviluppare in modo adeguato e porsi come azienda competitiva nel settore anche a livello internazionale, Reverse Studio ha bisogno di investire nella digitalizzazione della propria attività e nell'acquisizione di strumenti S&H in modo da proseguire il suo percorso di Ricerca e Sviluppo. Inoltre, al fine di dare solidità al progetto, intende investire in consulenza specialistica per migliorare il proprio posizionamento online ed elaborare una strategia volta all'acquisizione di nuovi clienti.
L¿aumento del fatturato derivante da queste attività permetterà alla società la contrattualizzazione di forza lavoro qualificata.",non_ai
NON_AI,"In 10 anni ho raggiunto l'eccellenza nella vendita delle polizze RC Professionali ai Professionisti (Consulenti del lavoro, Commercialisti e Avvocati) in termini di prodotto, assistenza e consulenza offerta, lavorando con le 2 realtà più importanti del settore in Friuli Venezia Giulia: Servizi CGN Spa (Amministratore Unico di CGN Assicura) e Celesti Assicurazioni Snc (Responsabile Professionisti). 
Voglio sfruttare questa opportunità per condensare la mia esperienza, competenza e passione per realizzare una Piattaforma web che mi permetta di ottenere i risultati che oggi ottengo in modo tradizionale in FVG e Veneto, in digitale (online) in tutta Italia.
In accordo con 2 sottoscrittori di condizioni assicurative, ho studiato un algoritmo di calcolo che rivoluzionerà la vendita in questo settore, rilevando gli elementi di rischio ed elaborando automaticamente il preventivo alle migliori condizioni di mercato.
Le innovazioni di software (chatbot, data analisys ed epay) di questa innovativa Piattaforma digitale, permetteranno alla mia ditta individuale di doppiare i risultati che oggi ottengo in modo tradizionale (assistenza telefonica-app.ti), in metà tempo.
Utilizzerò il voucher per pagare la realizzazione della piattaforma web e per acquistare l¿hardware necessario a gestirla.",ai
NON_AI,"IMPLEMENTAZIONE 3D ¿ M2 INGEGNERIA SRL
La nostra Società, attraverso le sovvenzioni Vaucher di digitalizzazione vorrebbe un aiuto nell'avanzamento e nell'aggiornamento dell'azienda nell'ambito 3D di cui si occupa, in parte già da qualche anno. Aneliamo a poter offrire alla nostra clientela una progettazione a 360°, intesa, non soltanto, come gestione a tutto tondo dell'iter progettuale ma, in senso più pragmatico, come esperienza sensoriale coinvolgente sia di realtà aumentata che virtuale. Per perseguire questo scopo, abbiamo necessità di accedere a nuove tecnologie e di aggiornare quella già in suo, come stampa 3D e fotogrammetria, compatibili con l'ambizione del nostro team di far diventare M2 Ingegneria s.r.l. un¿impresa le cui caratteristiche combacino, in tutto e per tutto, con la definizione di Industria 4.0.
Occupandoci di progettazione architettonica e strutturale il nostro obiettivo è quello di offrire al cliente un servizio 2.0 in grado di rendere fruibile un know how fortemente tecnico, grazie all¿ausilio di mezzi altamente tecnologici di larga diffusione come samrtphone e tablet in modo da renderne userfrindly non solo la consultazione ma anche l¿interazione.",non_ai
NON_AI,"Il progetto intende migliorare l¿efficienza aziendale in termini di qualità, quantità e tempi di realizzazioni delle produzioni nell¿ambito dei progetti destinati al mercato della editoria tradizionale ibrida ed elettronica. In particolare si intendono sviluppare al meglio le opportunità legate allo sviluppo delle applicazioni in AR e in VR IMMERSIVA. Per questo motivo è stato previsto un rinnovamento delle attrezzature tecnologiche e una consulenza specialistica per la realizzazione di applicazioni in realtà aumentata/realtà virtuale destinate al target turistico. Intendiamo altresì valorizzare il nostro database attraverso un miglioramento della organizzazione e della accessibilità sia attraverso il sito aziendale che attraverso i social network, abbiamo quindi previsto consulenze specifiche per l¿organizzazione dei dati al fine della attivazione di un sistema di e-commerce. Nell¿ambito del miglioramento della organizzazione del lavoro abbiamo previsto l¿acquisizione di alcune unità mobili (portatili) per permettere di operare sui progetti in corso anche attraverso accesso remoto alle risorse condivise. Anche in questo ambito abbiamo previsto sia una specifica dotazione tecnologica che una consulenza specialistica sulla gestione degli accessi e della sicurezza dei dati.",non_ai
NON_AI,"HIMARC srl è una start-up che opera nel mercato della sicurezza e delle tecnologie per l¿¿ ¿¿efficienza energetica che commercializza sistemi innovativi completamente progettati nella propria sede operativa di Genova. 
Dopo il primo anno di attività dedicato alla definizione ed allo sviluppo dei prototipi, inizia ora una fase di consolidamento, che richiede una revisione della organizzazione aziendale accompagnata da un sostanziale aggiornamento delle infrastrutture tecnologiche. Il progetto oggetto di questa proposta di finanziamento ha i seguenti obiettivi:
* Miglioramento del processo che governa il ciclo di vita dei prodotti, automatizzando ed integrando ove possibile le fasi di acquisizione materiali ed industrializzazione. Ciò include l¿ ¿¿ aggiornamento della infrastruttura di rete aziendale per sfruttare al meglio la connettività internet a larga banda
*  Modernizzazione dell¿ ¿ ¿area di sviluppo reti neurali, mediante l¿¿ ¿ ¿incremento della potenza di calcolo della infrastruttura digitale e l¿¿ ¿¿ introduzione di tools a supporto delle fasi di  simulazione/prototipazione
* Miglioramento del processo di lavoro nel settore commerciale con l¿¿ ¿¿ acquisizione di strumenti informatici atti a snellire le attività di marketing, offerta e vendita prodotti",non_ai
NON_AI,"Il progetto ha come presupposto l¿esigenza, da parte dell¿agenzia immobiliare, di velocizzare e migliorare la pubblicizzazione e diffusione delle informazioni sugli immobili da vendere o locare. Al momento, un cliente coloro che cercano immobili, spendono molto tempo per visionare le proposte. Per risolvere questo problema sono tre le soluzioni alla base del progetto: 1) utilizzare dei visori di realtà virtuale che tramite una APP riproducono una visita degli immobili. L¿utente ha la possibilità di visitarli virtualmente restando all¿interno dell¿agenzia o in qualunque altro luogo e potrà muoversi negli ambienti percependone gli aspetti emotivi; 2) l¿utilizzo di una APP per il live streaming, un visore VR ed una camera 360 attraverso i quali un utente che non ha modo recarsi presso l¿immobile di interesse, potrà fissare un appuntamento con l¿agente il quale direttamente dal locale sarà in contatto video e audio in diretta; 3) diffondere agli utenti le informazioni riguardanti gli immobili dell¿agenzia attraverso l¿utilizzo di una APP di realtà aumentata. Tale applicazione, stando all¿esterno di un edificio ed inquadrandolo semplicemente con lo smartphone, permetterà di visualizzare sul proprio dispositivo foto, video, tour virtuale ed altro ancora inerenti l¿immobile.",non_ai
NON_AI,"L¿obiettivo principale del progetto è l¿incremento delle visite organiche complessive al sito e di ranking di alcune parole chiave con lo scopo di migliorare il trust del sito, posizionare un numero sempre crescente di keyword in Top100, spostare verso la prima pagina le parole chiave attualmente posizionate e, soprattutto, aumentare il traffico organico ed il fatturato che ne deriva. Il sito Janet(www.janetandjanet.com), dal quale è possibile fare anche acquisti on line, è stato aperto nel settembre 2014 ed in questi  3 anni e mezzo ha dato buoni risultati. Tuttavia, in un mondo sempre più globalizzato e spostato sulla realtà virtuale ha bisogno di  qualcosa che possa dargli più slancio, che lo renda maggiormente visibile e accessibile da più parti del  Web. Quello che vorremmo fare è attirare sempre più clienti, invogliandole a visitare il sito per conoscerci ed apprezzare ancora di più i ns prodotti. E¿ dimostrato, infatti, che le azioni off-site sono quelle che possono fare la differenza in termini di visite, agendo attivamente sulla popolarità ed autorevolezza del sito per determinate keyword e sviluppando attività di link building e reputation building. Le attività si svolgeranno in due step principali: una prima parte di consulenza per ottimizzazione SEO on line e una seri",non_ai
NON_AI,"MELAZETA è una società che opera nello sviluppo di soluzioni mobili. Pertanto, il presente progetto è costituito dall'acquisto di materiale hardware finalizzati a supportare lo sviluppo e il testing dei prodotti. Investimenti previsti: SAMSUNG Gear VR Visore di Realtà Virtuale con Controller per Galaxy S8; HTC VIVE PRO; APPLE  iPad Pro 256 GB 12.9"" Wi-Fi - 4G Grigio; 2 WACOM Tavoletta Grafica Intuos Pro Large (Pen e Touch); 3 LG Monitor 24"" IPS 24MP58VQ-P Full HD 1980x1020 Full HD; 5 HP Mouse Ottico X1500; APPLE iPhone X 64 GB; SAMSUNG Galaxy S8; SAMSUNG Galaxy S7; SAMSUNG Galaxy A5; HUAWEI P8 Lite 2017; 2 iMac 27""; Computer Apple Macbook pro 13"".",non_ai
NON_AI,"La società si occupa principalmente della vendita di mobili e prodotti di arredamento per la casa. In tale ambito l¿attenzione al design ed alle innovazioni diventa cruciale. Progetto si concentrerà sull¿implementazione della fase di formulazione dei preventivi ai clienti. Le persone che intendono arredare la propria abitazione hanno sempre più l¿esigenza di percepire l¿ambiente e gli spazi una volta arredati, per questo molto spesso le semplici visualizzazioni grafiche non bastano. Viene quindi in aiuto la realtà virtuale. Con software e nuovi device (maschere ed occhiali per la realtà aumentata) è possibile far entrare i clienti in un ambiente che simula in tutto e per tutta la loro abitazione una volta arredata. Allo stesso tempo è possibile in tempo reale apportare tutte le modifiche desiderate e non solo quelle standard previste dai produttori di mobili. Allo stesso tempo è necessario attrezzare i locali commerciali con adeguati hardware and infrastrutture per il potenziamento della connettività, come nuovi devices e monitors. Il nuovo volume di dati che si andrà a produrre dovrà essere archiviato anche in cloud, in quanto tale processo di arredamento e calcolo dei costi avverrà non solo nei locali espositivi ma direttamente presso le sedi dei vari clienti.",ai
NON_AI,"Nell'ottica di fornire servizi avanzati nel settore della Digitalizzazione Culturale, Farzati Consulting vuole arricchire il proprio Know-How, per realizzare sistemi multimediali in realtà Aumentata e Virtuale per il settore della Cultura e del Turismo Culturale, avvalendosi di attrezzature HW e SW che le consentano di sviluppare servizi e applicazioni innovative in tale ambito.",non_ai
NON_AI,"Il progetto, Sharing Genius Loci Turismo ""aumentato"" nel Parco San Bartolo, mira a definire una nuova fruizione dell`area turistica del Parco Naturale del San
Bartolo, promuovendo l`utilizzo di strumenti innovativi (APP di realtà aumentata) e percorsi di Storytelling, generando, di fatto, un nuovo prodotto turistico.",non_ai
NON_AI,"Il progetto prevede la realizzazione di una piattaforma online per la creazione di biancheria intima e lingerie su misura e personalizzabile usufruendo della virtual reality o augmented reality tramite dispositivi predisposti.
La piattaforma sarà sviluppata con Magento, soluzione e-commerce basata su tecnologie standard per il web:HTML,CSS,Javascript,PHP e MySQL; dando priorità all¿utilizzo da dispositivo mobile e comprendendendo la prima versione del personalizzatore. Per la parte mobile, la piattaforma rispetterà gli standard di Progressive Web App e prevedrà anche applicazioni native per iOS, sviluppate in Swift, e Android, in Java.
La piattaforma segue due obiettivi:la realizzazione di processi tecnologici per lo sviluppo di nuovi prodotti e loro personalizzazione online, in termini di misure,componenti e dettagli, attraverso sistemi di computer graphics e computer vision e conseguente commercializzazione; la realizzazione di processi tecnologici per la gestione di piattaforme integrate di comunicazione con la clientela, i fornitori per gestione della filiera produttiva, i servizi logistici e di pagamento nonché per l¿elaborazione di dati, con processi di intelligenza artificiale, utili alla profilazione della clientela e per l¿analisi di informazioni.",ai
NON_AI,"Mymax Edutainment è una società di produzione audiovisiva indipendente specializzata in documentari televisivi e prodotti interattivi di genere storico e scientifico, che trattano prevalentemente del patrimonio culturale e paesaggistico italiano. Ha realizzato numerose produzioni per le principali Tv italiane (Rai, La7, Sky Italia) e sta entrando nel mercato internazionale. Ha già realizzato due co-produzioni internazionali e ne sta sviluppando di nuove tra le quali una serie di documentari scientifici in co-produzione con la società francese Bonne Pioche e con la società di distribuzione internazionale tedesca ZDF Enterprise. MYMAX, inoltre, sta sviluppando una serie di App turistiche in Realtà Aumentata anche in collaborazione col Gruppo editoriale Lozzi, col quale collabora già da anni.
Per essere all¿altezza del confronto con tali grandi società nazionali e internazionali e restare al passo col mercato digitale, MYMAX intende aggiornare il proprio hardware per migliorare i sistemi di montaggio, post-produzione, computer grafica e produzione di App digitali. La società, quindi, richiede il Voucher Digitalizzazione per avere un sostegno all¿ammodernamento della struttura tecnica dell¿azienda che le permetta di essere al passo con i tempi.",non_ai
NON_AI,"Miglioreremo le performance dell¿azienda tramite la creazione di un sito web e l'attuazione di strategie digital volte ad ottimizzare la comunicazione con i potenziali clienti e ottenere visitatori in target da molteplici fonti di traffico al fine di aumentare le vendite. Qui descritto in breve: 

SITO: Creeremo un portale da utilizzare sia come raccoglitore dei contenuti video pubblicati sui social che, seguendo il percorso inverso, come ¿snodo¿ che possa portare dal sito web alla community Facebook.

FACEBOOK: effettueremo un¿analisi dello scenario attuale col fine di definire delle audience specifiche per i diversi obiettivi. Metteremo in campo una campagna specifica finalizzata ad aumentare la fanbase della pagina la popolarità del brand.
FUNNEL CONVERSIONE: Funnel 1: Utilizzeremo parte del traffico generato dalle facebook ads per portare traffico alla landing dei servizi. Funnel 2: Sfrutteremo i contatti acquisiti in fase di lead generation per portarli ad acquistare. 

CHATBOT: L¿implementazione di un BOT su facebook Messenger permetterà di gestire le richieste di contatto in modo automatizzato, gestire in modo alternativo le sequenza di email e fare attività di remarketing.",non_ai
NON_AI,"In un mondo che predilige l¿online all¿offline, il digitale al fisico, è giunto il momento di trasformarsi: il digital retail è alle porte. Valorizzare il punto vendita fisico e tutti i suoi aspetti umanizzanti significa anche andare di pari passo con le innovazioni tecnologiche che possono esaltarlo, semplificare l¿esperienza d¿acquisto e fornire un servizio migliore : solo così il punto vendita è dappertutto, e tutto può trasformarsi in un punto vendita. L¿unica certezza è che il futuro del negozio è all¿insegna dell¿omnicanalità e cresceranno solo quelle imprese che saranno in grado di essere ubique, incontrando il cliente là dove nasce l¿esigenza di consumo accompagnandolo in una user experience appagante e senza frizioni tra le varie piattaforme, comprese quelle di pagamento e logistiche. Naturalmente alla base di questo approccio ci sono i dati e la loro analisi, la Business Intelligence e il Machine Learning e proprio in questa ottica nasce il presente progetto, in quanto attraverso l¿acquisto dell¿hardware programmato, l¿impresa sarà in grado di offrire esperienze aggiuntive, mettere in atto il cosiddetto retailtainment, enfatizzare esperienze sociali e usufruire di sconti ed ogni altra opportunità di natura commerciale.",ai
NON_AI,"Alpi Aviation Srl opera dalla sua sede operativa di S. Quirino (PN) dal 2000, nel settore delineato dal codice ATECO 30.30.09, ovvero all¿interno della Filiera Produttiva Metalmeccanica nel contesto della Progettazione, Fabbricazione e Vendita di Aeromobili, Elicotteri ed anche Mezzi Aerei Senza Pilota (Unmanned Aerial Vehicle). Ad oggi ha prodotto e venduto quasi 800 aeroplani, 20 elicotteri e 60 piattaforme UAV, esportando nel mondo prodotti pensati e fabbricati in Italia. Il presente progetto si colloca nel contesto di una continua crescita aziendale e della tecnologia impiegata nei propri prodotti, con l¿obiettivo di mantenere la competitività industriale.
Il progetto consiste nell¿implementazione dell¿area progettazione di ALPI AVIATION attraverso l¿installazione e configurazione del Software ¿Catia V5 Exxpress CAT3DEXPERIENCE¿. 
Modellazione solida, superfici base, assemblaggio, rendering (simulazione realtà virtuale), messa in tavola, disegno 2D, convertitori 2D/3D, knowledge management (feature intelligenti, template, regole aziendali), gestione documentale della piattaforma 3D Experience inclusa, queste sono le principali funzionalità del software.",non_ai
NON_AI,"Obiettivo dell¿intervento è l¿acquisizione di consulenza e servizi specialistici ICT finalizzati a migliorare l¿efficacia di alcuni processi aziendali per la produzione di report informativi per i propri clienti,con determinazione del sentiment dell¿utenza verso i servizi degli enti locali. Tale sentiment, oggi attribuito manualmente, e quindi con tempi di lavorazione e costi molto elevati, è l¿elemento fondamentale su cui si basa il calcolo dell¿indice reputazionale dell¿ente locale, aspetto centrale del servizio di reportistica erogato. L¿impiego di tecnologie innovative attinte dall¿area dell¿Intelligenza artificiale e dal mondo dei Big Data, consentiranno di realizzare economie di scala, permettendo di offrire alla propria clientela nuovi livelli di servizio ad un prezzo competitivo. Il progetto proposto avrà una durata prevista di 6 mesi  ed è finalizzato a progettare e realizzare una componente software prototipale che sarà in grado di acquisire una serie di dati Open attualmente disponibili (con profondità storica) e di acquisire informazioni provenienti dai canali web e social per calcolare con frequenza un indice reputazionale multidimensionale e seguirne l¿andamento nel tempo.",ai
NON_AI,"Il progetto riguarda la realizzazione di una mostra dedicata alla vita e alle opere di Leonardo da Vinci attraverso
un format fortemente innovativo e tecnologicamente avanzato, che vedrà l'impiego di una realtà virtuale e aumentata
(attraverso appositi software), multimedialità e interattività con il pubblico. Tale progetto è finalizzato alla
penetrazione della società nel mercato cinese, dove verrà realizzato, nel 2018, un evento culturale ad hoc proprio
per presentare Leonardo da Vinci in questa forma che coniugherà arte, storia, e tradizione con le nuove tecnologie
digitali, determinando un'esperienza unica e del tutto sconosciuta all'utente.",non_ai
NON_AI,"L¿azienda Branchetti 2.0 Srl sita a Reggio Emilia si occupa della produzione e vendita di arredo bagno offrendo ai propri clienti proposte di personalizzazione dei prodotti nei colori e soprattutto nelle materie prime selezionate di alta qualità e prodotte in Italia per fornire  la massima espressione del Made in Italy.
Nell¿ottica di riqualificazione della propria offerta e di miglioramento continuo nella qualità di gestione della struttura si è deciso di procedere con un investimento che riguarderà :A) Acquisto di Workstation X99 Xeon 6-Core HD - Hardware rivoluzionario per la progettazione professionale  dalle alte performance nelle visualizzazioni delle immagini che richiedono precisione e dettaglio nella risoluzione e nei colori. B) Software 3CAD Evolution - Software per il settore del mobile e dell'arredamento efficace per tutti gli attori coinvolti sulla stessa piattaforma con molteplici funzioni: Integrazione rete vendita in tempo reale, Gestione automatica e centralizzata degli ordini ecc..C)Software 3DS MAX  con Licenza ESD inclusa - Software di rendering, animazione e modellazione 3D  che consente di creare progetti  in realtà virtuale.D)Corso 3DS MAX - Tenuto da uno dei massimi esperti italiani di modellazione e rendering, 3ds Max 2018 - Architettura e Design è un cor",non_ai
NON_AI,"Magma è una nuova società operante nel settore dei media digitali immersivi che sviluppa una piattaforma web-based per la creazione di contenuti di Realtà Aumentata e Virtuale per l¿editoria. Suo cliente principale è Mondadori Scienza per cui cura anche i contenuti AR dell¿App Focus Realtà Aumentata. Al fine di potenziare la sua strategia digitale di crescita, Magma ha la necessità di dotare il suo personale del know how commerciale e di sviluppo tecnico che solo i suoi partners strategici possono offrire. 
L¿obiettivo del progetto è fornire al personale di Magma una formazione sia sugli aspetti commerciali che sugli aspetti tecnologici dello sviluppo di applicazioni di Realtà Aumentata e Virtuale nel mercato di riferimento.
Il progetto riguarda l¿implementazione di un piano di formazione essenziale per il personale interno attraverso le seguenti azioni legate alla consulenza:
-formazione sulle attività di vendita delle applicazioni di Realtà Aumentata per i media digitali
-Formazione sugli aspetti tecnologici dello sviluppo di tali soluzioni 
-Adozione di strumenti digitali per la gestione della pipeline di vendita
A valle dell¿implementazione di questa strategia, ci aspettiamo un impatto sulle vendite pari a circa il 15% rispetto al fatturato previsto nel 2018.",non_ai
NON_AI,"La realtà virtuale è una possibilità concreta di sviluppo, applicabile in numerosi settori che spaziano dalla medicina al design e all¿arredo, una tecnologia che entrerà strettamente nella vita di tutti i giorni. Grazie ad un sistema di proiezione binoculare che avviene sul visore all¿interno dell¿apparato tecnologico degli HTC Vive è possibile far provare all¿utente uno sguardo a 360° del modello virtuale dell¿ambiente cucina come fosse reale. Si potrà fruire di un¿esplorazione del modello stesso con un livello di interattività dato da una parte dalla possibilità di spostarsi virtualmente all¿interno dell¿ambiente 3D visualizzato, avvicinandosi, allontanandosi o cambiando direzione dello sguardo; e dall¿altra configurare il modello della cucina mediante un¿interfaccia grafica gesture based, che permette di selezionare interattivamente colori ed essenze di tutti i componenti della cucina stessa. Sviluppare la realtà virtuale per far immergere il cliente all'interno degli ambienti progettati  diventa anche un potente strumento di marketing, sia in fase di di comunicazione dell'iniziativa sul proprio territorio, sia soprattutto in fase successiva alla vendita. 
Importantissimo anche lo sviluppo dell'e-commerce per l'aumento del fatturato e per raggiungere i clienti lontani.",non_ai
NON_AI,"Realizzazione app Android e iOS per il miglioramento dell'efficienza della palestra attraverso l'espansione digitale dei processi interni, in particolare si punta al miglioramento dell'esperienza atleta degli iscritti e a migliorare l'efficienza nelle comunicazione tra socio e palestra attraverso l'implementazione delle seguenti funzionalità mobile : 

1) Gestione accessi atleti 
2) Gestioni comunicazioni atleti e istruttori mediante apposita sezione nell'app e push notification 
3) Gestione programma di allenamento mediante ""virtual assistant"" e ausilio agli istruttori mediante ""virtual assistant""",non_ai
NON_AI,"Dal 2003 Proxima Milano crea soluzioni visive per spot pubblicitari, lungometraggi, televisione e nuovi media, grazie a un team che è un mix di produttori esecutivi, produttori, direttori creativi, editori, supervisori VFX, coloristi, artisti VFX, sviluppatori di realtà virtuale, """"VRtists"""", artisti CG 3D, artisti CG 2D, compositori, grafici e ingegneri di codifica digitale.

Questo team permette a Proxima Milano di offrire una vasta gamma di servizi di video / audio post-produzione e VR, e ha permesso di diventare uno degli studi italiani VFX e VR più riconosciuti a livello mondiale: un laboratorio produttivo e artistico in cui idee e confini produttivi sono costantemente sfidati, andando oltre l'immaginazione.

Per mantenere questa leadership, sono necessari costanti investimenti, anche rispetto alla digitalizzazione, e intendiamo usufruire del Voucher Digitalizzazione 2018 per migliorare la nostra performance aziendale grazie all¿acquisto di hardware e software e per usufruire di consulenze specializzate.",non_ai
NON_AI,"Con la richiesta del presente contributo, il sottoscritto geologo Vito Muscio, intende acquistare strumentazione Hardware (pc) e Software, al fine di permettere la digitalizzazione nonché la virtualizzazione (VR) di risorse geologiche e archeologiche.
Le moderne tecniche digitali, permettono l'acquisizione con tecnica fotogrammetrica e/o laser scanner di informazioni geometriche e colorimetriche ad alta definizione, permettendo una condivisione in realtà aumentata del patrimonio registrato.
Per ottenere ciò, bisogna che la dotazione hardware sia all'avanguardia e permetta l'elaborazione dei dati in totale fluidità e sicurezza. A tal fine, lo scrivente intende acquistare strumentazione hardware e software che migliora e velocizza il processo di virtualizzazione.",ai
NON_AI,"Il Sistema consente la gestione completa, integrata e flessibile del Parco Beni Aziendale: Flotta, Veicoli, Impianti, Attrezzature, ecc. Versatile e di facile utilizzo è uno strumento essenziale ai fini del monitoraggio dei costi e dell¿ottimizzazione dei processi manutentivi. Il prodotto si compone di un modulo base centrale contenente le anagrafiche e diversi moduli opzionali integrati tra loro e specializzati nelle gestione delle problematiche di officina. La sua modularità consente combinazioni mirate secondo ogni esigenza e si adatta alla gestione di qualsiasi tipo e dimensione del Parco Beni. Il programma si occupa, in particolare, di tutta la problematica connessa alla programmazione sia degli interventi di manutenzione preventiva sia degli interventi accidentali relativi ai guasti veri e propri che coinvolgono il Parco Beni nello svolgimento della normale attività aziendale. Le attività di manutenzione ordinaria e straordinaria effettuate sui Beni sono gestite come commesse di lavorazione; la commessa consente di sintetizzare e contabilizzare tutte le imputazioni relative ad un certo lavoro di manutenzione o di riparazione guasto, consentendo di registrare oltre alle ore interne di lavorazione ed al materiale utilizzato anche le eventuali prestazioni esterne.",non_ai
NON_AI,"La nostra idea è quella di proporre un tipo di relazione che vada incontro all'evoluzione della tecnologia sia dal punto di vista della vendita che del supporto verso il cliente, In tal senso la nostra azienda vuole implementare tutte quelle tecnologie, ormai necessarie nel mercato odierno, per renderlo moderno. La realizzazione di un sito e-commerce ci permetterebbe di puntare a una clientela di più ampio respiro e di mettere appunto delle nuove tecniche di vendita conccorrenziali rispetto al passato. Inoltre avremmo la possibilità di creare delle postazioni di lavoro più efficienti dal punto di vista informatico in grado di sviluppare un lavoro più efficacie ed efficiente. Ed infine l'ammodernamento della vendita nel nostro settore showroom traimte l'implementazione di realtà virtuale garantirebbe un grande passo in avanti.",non_ai
NON_AI,"Negli ultimi anni il concetto di marketing per le aziende del b2b ha subito dei cambiamenti drastici, dovuti all¿evoluzione dei comportamenti di consumo di persone, aziende e professionisti, in risposta ai cambiamenti della tecnologia.
Potenziare l¿attività di lead generation e misurare il ritorno d'investimento (ROI) delle attività di marketing e comunicazione, sono diventate vere e proprie necessità ed esigenze per i marketer di quelle aziende che hanno un progetto di crescita guidato dai dati.
L¿Inbound Marketing nasce da qui, per soddisfare entrambe le esigenze. Diasen intende sfruttare queste opportunità, tramite l¿acquisto di software tecnologicamente avanzati come piattaforme di email marketing e marketing automation e software CRM e di project management.
Piattaforme in grado di intercettare le ricerche delle buyer personas e, con l¿applicazione di meccanismi di intelligenza artificiale applicata alla SEO, di contribuire alla redazione di contenuti rilevanti su tutti i canali di marketing e comunicazione dell¿azienda. Il tutto in un clima costante di misurazione scientifica dei dati per velocizzare i flussi informativi trasversali dell¿organizzazione, modernizzare l¿intera organizzazione, migliorare l¿efficienza aziendale, allineare i team di marketing e vendita.",ai
NON_AI,"Il programma prevede l¿acquisizione di una infrastruttura software in grado di automatizzare la gestione CRM dei nostri clienti. Essa metterà in relazione il gestionale esistente con il sito web aziendale in modo da creare un¿area utenti per i clienti. Inoltre aumenterà considerevolmente la produttività aziendale essendo in grado di automatizzare diverse attività attualmente gestite a mano. E¿ previsto inoltre l¿acquisto un software IDOM prodotto dalla Emilio Ravotti Informatica in grado di effettuare monitoraggio, efficiente e puntuale, della nostra infrastruttura di rete. IDOM è un sistema studiato per monitorare, controllare, analizzare e calcolare la manutenzione preventiva di un generico impianto. In realtà per I.D.O.M. ""un impianto"" si traduce in ""una generica sorgente dati"": è infatti possibile attingere dati da sorgenti totalmente eterogenee.",non_ai
NON_AI,"Ampliamento della piattaforma e-commerce per la vendita online a livello internazionale. Il progetto consisterà nell'analisi del target di riferimento e nello sviluppo della struttura del sito web mirata all¿ottimizzazione dell'esperienza utente e al posizionamento dei motori di ricerca, con l¿obiettivo di agevolare la navigazione anche da dispositivi mobili. Durante questa fase è prevista altresì la realizzazione di software di intelligenza artificiale per il miglioramento dei processi aziendali e l¿automazione dei flussi informativi per una migliore gestione dei clienti. Il progetto proseguirà poi con l'analisi dei flussi di conversione e una serie di attività di consulenza specialistica per lo sviluppo di campagne di web marketing volte al monitoraggio delle performance dell¿e-commerce",ai
NON_AI,"La Carparelli Nicola SRL è l¿esempio di una realtà affermata e consolidata nel commercio di arredi domestici interni e materiali per la costruzione. L¿attività opera nel comune di Fasano (BR) e i canali di vendita si allargano in tutta la Puglia. Gli obiettivi da raggiungere sono l¿ammodernamento dell'attività di progettazione e rendering degli ambienti interni, l¿attivazione di una piattaforma e-commerce, l¿implementazione di nuova strumentazione per la gestione del magazzino e dei contestuali ordini, ed infine il potenziamento della rete informatica. Una maggiore efficienza nella progettazione si otterrà grazie all¿acquisto di nuova strumentazione tecnologica, ma specialmente grazie ad un nuovo software cad per gli ambienti interni che, collegato ad un monitor ultra hd di ultima produzione e al visore 3D, ne esalterà la precisione. Ne conseguirà la creazione di una realtà virtuale, con la quale i clienti potranno constatare il risultato finale dell¿ambiente interno creato. L' e-commerce invece sarà un valido strumento per ampliare i canali di vendita e la visibilità dell¿azienda. Il lettore bar-code automatizzerà la gestione degli ordini di magazzino. Il risultato finale sarà un armonico sviluppo tecnologico dell¿azienda con l¿impiego di strumentazione all'avanguardia.",non_ai
NON_AI,"L¿azienda intende realizzare un progetto di digital transformation finalizzato al miglioramento complessivo dell¿efficienza aziendale. Acrm Net si occupa di sviluppo di applicazioni per smartphone e tablet, realizzazione di siti web ed è specializzata in tecnologie della realtà aumentata. Nell¿ambito dello sviluppo di applicazioni l¿azienda necessita di utilizzare computer e dispositivi mobili di ultima generazione e che garantiscano potenza di calcolo. In particolare, l¿azienda sta focalizzando lo sviluppo dei software su architetture Decentralizzate ovvero DAPP Decentrilezed appllications. La realizzazione di queste applicazioni basate su protocolli blockchain, richiede l¿impiego di una potenza di calcolo molto avanzata. Processori veloci, capacità di archiviazione elevata, capacità di trasmissione elevata. In tal senso per trasformare le applicazioni attualmente prodotte da Acrm net e per impegnarsi su applicazioni future in contesti decentralizzati, si rende necessario di asset digitale con potenza di calcolo di primissimo livello. Il progetto prevede spese per l¿acquisto di PC, Tablet, SmartPhone.",non_ai
NON_AI,"La società intende avviare un progetto per migliorare l'organizzazione e il posizionamento sul mercato attraverso l¿offerta di nuovi strumenti digitali e la formazione del personale sugli adempimenti legati alla digitalizzazione.Puntiamo al miglioramento dell'efficienza, delle relazioni con i clienti e della capacità di fornire servizi in cloud computing.I dati che transitano verranno utilizzati, poi, per fornire nuovi contenuti alla clientela: strategici sono i Big data e analytics che potranno essere sfruttati grazie al progetto.
L'adozione di nuovi strumenti tecnologici faciliterà l'evoluzione dei modelli di organizzativi nei quali il cloud è percepito come leva strategica.Le nuove soluzioni permetteranno anche di offrire consulenza online alla clientela. Per quanto riguarda le competenze interne, saranno potenziate per quel che riguarda gli strumenti informatici evoluti (come intelligenza artificiale e business intelligence), e sugli strumenti a supporto dei processi lavorativi (portali,FE,workflow). Verrà attivato, inoltre, un sistema di rilevazione dei tempi interni dedicati alle singole attività. Il progetto punta a migliorare la produttività, riducendo i tempi di esecuzione di alcuni compiti, grazie agli automatismi nell¿acquisizione dei dati e nella gestione documentale.",ai
NON_AI,"La PROMOTION & CO. GROUP S.R.L. opera nel settore dell¿organizzazione di convegni e fiere. Con il presente investimento l¿azienda vuole implementare servizi web dedicati alla realizzazione e pubblicazione di un sito e-commerce. La realizzazione della piattaforma di e-commerce prevede la realizzazione dei contenuti del sito; la ricostruzione vettoriale loghi; l'amministrazione dei contenuti; la visualizzazione su Tablet e Smart Phone; l'organizzazione dei contenuti e albero di navigazione sito;a ltri servizi internet accessori per sito adamlink. Attraverso un'interfaccia semplice e fruibile via internet tramite i principali browser presenti sul mercato, sarà possibile accedere direttamente al sistema di aggiornamento sulla base del profilo assegnato per poter gestire testi arricchiti dai più comuni elementi di formattazione, Link, elenchi e pubblicare i contenuti nei diversi moduli disponibili o assegnati.
L¿investimento sarà completato con l¿acquisto di software per realtà virtuale ed hardware per realizzare  tre postazioni per la realtà virtuale, comprensive di visori 3d, per consentire ai clienti di avere un accesso virtuale alle location delle fiere e mostre strutture comprese nei pacchetti turistici da acquistare.",non_ai
NON_AI,"L¿ASC Footwear è un¿azienda che opera nel settore della vendita all¿ingrosso di calzature dal 1973. Nel corso degli ultimi anni quello delle calzature, settore trainante dell¿export Made in Italy, ha subito una contrazione soprattutto sul fronte interno, ciò ha determinato la necessità di ripensare al business e investire nell¿innovazione tecnologica, non solo per uscire dalla fase di stallo in essere, ma anche per migliorare il proprio posizionamento competitivo. 
L¿investimento che l¿azienda intende realizzare riguarda il miglioramento dell¿efficienza aziendale (tramite l¿acquisto di un server) e lo sviluppo di una piattaforma e-commerce che, in una prima fase, vuole rivolgersi al solo mercato Business (B2B) e, in una seconda fase, anche a quello Customer (B2C). L¿e-commerce, che sarà sviluppato in Ruby On Rails, avrà alla base un software gestionale che consentirà di integrare in un¿unica piattaforma l¿intera gestione aziendale: amministrazione, contabilità, magazzino ecc; inoltre, verrà associata una chatbot che, tramite l¿impiego dell¿Intelligenza Artificiale, consentirà una gestione più efficiente della customer care. Incluse nel progetto tutte le attività legate a posizionamento e indicizzazione su motori di ricerca e la promozione del sito tramite social network.",ai
NON_AI,"TIC Green VLE si concentra sull¿utilizzo della tecnologia innovativa della Realtà Virtuale per la realizzazione di ambienti realistici e immersivi al fine erogare contenuti educativi-informativi a tema ambientale. Gli ambienti saranno realizzati in grafica 3D e conterranno anche elementi di gamification per rendere l'esperienza educativa più fruibile e adatta a ragazzi.
Si richiede la prenotazione del voucher per un intervento di modernizzazione dell'organizzazione del lavoro, necessario per via della tipologia innovativa di prodotto che si intende sviluppare. 
Per portare avanti un prodotto competitivo nel campo della realtà virtuale sarà necessario acquisire competenze specialistiche attraverso servizi di formazione professionali per il personale e nel contempo rimodernare le attrezzature di produzione a modelli più moderni e potenti che riescano ad affrontare le esose richieste di calcolo di cui la visualizzazione 3D immersiva ha bisogno.
Sarà inoltre necessario attivare delle consulenze professionali per la realizzazione delle funzionalità di interattività e gamification previste nel prodotto finale.
La particolarità della tecnologia impiegata permette, una volta definito un prototipo operativo, un alto livello di replicabilità in altri ambiti tematici, come i beni culturali.",ai
NON_AI,"In linea con la propria mission aziendale, la proponente intende  migliorare l¿efficienza aziendale (ambito di attiv. a) e nel contempo modernizzare l'organizzazione del lavoro rinnovando le tecnologie attualmente in uso con un nuovo Software per Fatturazione Automatica e un nuovo Customer Relationship Management. Più precisamente le spese del programma sono:
1) SW per il calcolo, la produzione e la trasmissione elettronica delle Fatture di Vendita dei servizi SaaS con integrazione al sistema My Insurance; notifiche di prossima scadenza, report riepilogativi ed analisi statistiche.
2) SW per gestire in maniera efficace la relazione con i clienti CRM; con integrazioni anagrafiche al sistema My Insurance ed alla fatturazione di cui sopra; integrazione con centralino virtuale e/o Skype; analytics e statistiche di produttività.
3) SW per la relazione Natural Language Processing con i clienti di tipo Chatbot per fornire informazioni ai clienti circa i servizi e/o prendere in carico chiamate di assistenza. Il software sarà conforme alle modalità operative dei moderni Chatbot con predisposizione per l¿innesto ad una rete neurale in una fase successiva.
E¿ previsto inoltre la Consulenza specialistica e la formazione ai soci necessaria all¿utilizzo dei software (ambito f)",ai
NON_AI,"Il progetto consta della partecipazione a due tipologie di corsi di aggiornamento che verranno svolti dai soci ed in linea con l'attività principale dell'azienda: il primo riguarda la formazione professionale nell'ambito della virtual realty e della realtà aumentata e il secondo riguarderà in un corso di formazione professionale per animazioni 3D. Tali corsi, inerenti all'attività principale dell'azienda, saranno necessari al fine di migliorare le competenze in materia di realtà virtuale, saranno funzionali alla soddisfazione della clientela e alla creazione di ambientazioni virtuali in grado di regalare esperienze di tipo immersivo. Per mettere in pratica le nozioni acquisite ai corsi di aggiornamento oggetto del presente progetto, la società intende acquistare le attrezzature necessarie alla realizzazione dei suddetti scenari. In particolare prevede di acquistare un server per realtà virtuale che consisterà in un computer con funzione di archiviazione degli scenari la cui produzione sarà possibile attraverso delle camere 360 che permettano la ripresa di ambientazioni a 360 gradi.",non_ai
NON_AI,"Coders51 si occupa di sviluppo di piattaforme web e mobile di alto livello, oltre che di soluzioni IoT (c.d. Internet delle cose). 
L¿impresa, in considerazione dell¿ambito di operatività altamente specialistico, intende migliorare l¿efficienza interna grazie a interventi a supporto della digitalizzazione dei processi aziendali e dell'ammodernamento tecnologico, per meglio rispondere alle esigenze del mercato. 
Se da un lato gli strumenti hardware e software attualmente in uso sono adeguatamente dimensionati, dall¿altro è emersa la necessità di avvalersi di servizi di consulenza specialistica e di formazione ICT del personale, in particolare nei seguenti ambiti: Lean and Functional Domain Modelling, Practical Machine Learning with Functional Programming, Software development, Event-Oriented Domain-Driven Design. 
La consulenza specialistica e la formazione qualificata in ambito ICT dei dipendenti costituiscono attività prioritarie e basilari per assicurare la massima efficienza aziendale e modernizzare l¿organizzazione del lavoro. L¿apporto dei consulenti e la migliore preparazione di soci e personale contribuiranno inoltre a migliorare e innovare la qualità dei processi aziendali e dell¿offerta, anche internalizzando competenze finora acquisite da terzi.",non_ai
NON_AI,"La società ha previsto  un investimento per modernizzare l¿organizzazione del lavoro e migliorarne l¿efficienza con particolare attenzione all¿area marketing e vendite: l¿intervento è finalizzato all¿inserimento di una realtà virtuale dedicata ai clienti per ottimizzare l¿attività commerciale; sono inoltre state preventivate spese di intervento sul sistema E-Commerce aziendale per consolidare la presenza digitale dell¿azienda.
Le implementazioni previste saranno supportate da adeguata formazione specifica del personale per una corretta ed efficiente gestione della presenza online e per sviluppare competenze di problem solving legate ai nuovi sistemi digitali.",non_ai
NON_AI,"Descrizione dei costi
Capitoli 1  PC portatile ad alte prestazioni DELL (¿2572). Questo PC potrà garantire una maggiore produttività aziendale grazie ad una capacità di calcolo circa 20 volte superiore alla strumentazione utilizzata ora; ci permetterà di essere molto più competitivi nel nostro settore riducendo tempistiche e costi di progetto. Grazie a questo dispositivo potremo sviluppare nuove tecnologie per la realtà virtuale essendo predisposto a questo lavoro. 
Capitolo 2 Tablet iPadPro 12,9¿(1359¿). Il tablet in oggetto servirà per la presentazione dei progetti ai clienti, sia in ufficio che presso la loro sede, garantendoci un miglioramento dell¿organizzazione del lavoro grazie alle capacità del dispositivo sia in fase di preparazione dei progetti  che di presentazione al cliente.
Capitolo 3 Formazione aziendale online in Digital Marketing di Ninja Academy (2997). Il terzo capitolo di spesa prevede l¿iscrizione ad una piattaforma di corsi online ultra specializzata nel nostro settore che ci consentirà di frequentare corsi specializzati con rilascio di attestati su tutti i settori da noi trattati (Social Media Marketing, SEO, SEM, Content marketing etc.). Questo corso aumenterà la nostra competitività sia a livello nazionale che internazionale.",non_ai
NON_AI,"L¿azienda intende digitalizzare i propri processi di raccolta dati clienti al fine di analizzarli ed elaborarli tramite modelli di intelligenza artificiale. In questo modo l¿azienda sarà in grado di realizzare indagini di mercato automatizzate basate sulla data analysis. Grazie al progetto, l¿azienda disporrà di una piattaforma per realizzare le proprie attività di R&D, di lavorare da remoto e di ottenere un notevole vantaggio competitivo rispetto ai propri concorrenti. Il progetto prevede un investimento hardware attraverso l¿acquisto di: un¿area di salvataggio dei dati ¿ SAN/NAS; un¿unità di elaborazione ridondata e due server multiprocessore; GPU Rig ¿ unità per l¿elaborazione per poter eseguire algoritmi di machine learning, che potrà ospitare al suo interno fino a 18 GPU del tipo Nvida Titan V. Al fine di sfruttare il potenziale offerto dal nuovo hardware, l¿azienda procederà alla realizzazione di una nuova rete aziendale grazie all¿adozione di Firewall e Switch/Router 10 Gigabit (fibra) in modo da garantire trasferimenti dati veloci sia all¿interno della rete aziendale che su internet.",ai
NON_AI,"Awhy è una start-up innovativa che, tramite un portale online, offre un servizio di assistenza clienti self service, automatizzato e attivo h24. Il servizio offerto si basa sull¿uso di chatbot e live chat che, sfruttando un motore semantico, sono capaci di riconoscere e rispondere alle domande poste dai clienti. Il principale obiettivo che l¿impresa intende raggiungere con il progetto ¿Digitalizzazione Awhy¿ è potenziare la struttura digitale dell'impresa. Si prevede di raggiungere tale obiettivo grazie all¿acquisto strategico di software e servizi di consulenza specialistica non ordinari, finalizzati al miglioramento dell¿efficienza aziendale e allo sviluppo/ottimizzazione della piattaforma e-commerce. Il piano strategico di digitalizzazione si concentra principalmente sull¿acquisto dei servizi di consulenza, principale voce di spesa del piano degli investimenti. Mentre l¿acquisto degli strumenti hardware permetterà all¿impresa di migliorare i processi aziendali ed incrementare la qualità del lavoro, consentendo un risparmio di tempo, l¿acquisto delle consulenze specialistiche permetteranno di migliorare la piattaforma e-commerce, incrementando le potenzialità di comunicazione e di vendita, la qualità ed il livello dei servizi offerti.",ai
NON_AI,"Adeo ha realizzato una sistema che integra sia tecnologie di Realtà Aumentata che tecnologie di Realtà Virtuale denomnato ¿Smart Shop¿. Tale prodotto è rivolto a rivenditori di articoli di arredamento e design che possono realizzare innovative politiche di marketing e di vendita dei loro prodotti presentandoli in modalità ¿reale¿ direttamente nelle abitazioni dei potenziali acquirenti.
Per la vendita tramite un portale di ecomemerce dei servizi erogabili con Smart Shop è necessaria la realizzazione di nuovi processi aziendali tramite una infrastruttura di pubblicazione (server, sistema di storage) e di un sistema per la gestione delle informazioni di descrizione 3d degli oggetti di arredamento che verranno pubblicati.
La gestione dei modelli 3d con adeguate workstation permetterà un notevole miglioramento dei processi aziendali di generazione e pubblicazione dei cataloghi e la loro vendita tramite il portale di ecommerce.",non_ai
NON_AI,"Descrizione del progetto:L'azienda IBS si occupa di web marketing e fonda il proprio core business nella creazione di contenuti ad alto impatto tecnologico grazie all'utilizzo della realtà aumentata. Nello specifico diamo vita ad ogni tipo di immagine: un biglietto da visita, un flyer, un menù, una foto ecc... Oggi per realizzarli è necessario l'intervento di un grafico, di un video maker e di un tecnico che renda il tutto in realtà aumentata. La realizzazione di questa piattaforma permetterebbe di automatizzare le varie fasi di creazione di un' immagine in realtà aumentata. Grazie a questo strumento infatti, l'utente potrà creare, per esempio, il proprio biglietto da visita in realtà aumentata potendo scegliere la propria veste grafica, creare il video aziendale e attivare la tecnologia della realtà aumentata; potrà scegliere anche di mandare in stampa gli stessi grazie al collegamento tramite API a piattaforme di stampa on line. Questa evoluzione permetterebbe di automatizzare e velocizzare i processi che portano alla creazione di un immagine in realtà aumentata, inoltre aprirebbe le porte ad altri canali di vendita come, per esempio, una piattaforma e-commerce. Il costo dell'intervento è di euro 20.000 oltre iva. La cifra comprende anche consulenza tecnica e formazione.",non_ai
NON_AI,"NEDO BAGLIONI - L¿impresa Individuale Nedo Baglioni, svolge l¿attività di fotografo professionista e video maker, di prodotti food & wine e foto per l¿industria. Per il miglioramento dell¿efficienza aziendale, il richiedente intende acquistare un computer e dei software che gli permettano di realizzare brevi filmati di realtà aumentata, 3D, o 360°. Il computer MacBookPro 15"" i7 3.1GHZ 16GB 1TB SSD RadeonPRO 4GB permette una maggiore velocità nell¿elaborazione delle immagini e dei video ed ha una maggiore capienza dati, rispetto all¿attuale dotazione. Il software Final CUT PRO con i relativi plug in, permette di creare i video che possono essere linkati alle foto di un prodotto per aumentare l¿esperienza emotiva dell¿utente. In questa direzione, il richiedente deve frequentare un corso formativo per il corretto e migliore utilizzo del computer e del software dedicato. Ulteriore investimento rivolto ad incrementare il fatturato dell¿impresa, è un sito e-commerce che il richiedente vuole creare, vendendo brevi filmati di realtà aumentata, 360°, 3D, oltre che fotografie digitali proprie.",non_ai
NON_AI,"Nell'ambito di un continuo sviluppo tecnologico, per il 2018 D-sign intende:
-mantenere aggiornati i propri software (favorendo la compatibilità con vari fornitori), oltre a potenziare il reparto hardware (vista la crescente richiesta di risorse dei software grafici) acquistando client di lavoro e tablet di presentazione e testing per la parte digitale;
-adeguarsi alle nuove necessità di lavorare su template grafici con clienti che usano le ultime versioni di prodotti commerciali, acquistando licenze d'uso degli applicativi da ufficio; 
-usare lo storage online, già offerto da Google, con spazio illimitato per poter ottenere una copia remota dei dati sia di archivio che di lavoro, così da garantire massima sicurezza in caso di disastro in sede. Ciò sarà possibile con l'intervento di un sistemista che cura la nostra rete e server interni per l'impostazione e i test delle procedure di copia remota dell'archivio;
-sfruttare le nuove potenzialità nel settore della realtà virtuale, strumento di comunicazione recentemente sempre più diffuso, di cui D-sign ha colto l'opportunità cominciando ad offrire prodotti e servizi VR fin dai primi tempi. Per rimanere al passo con il rinnovo tecnologico di questo settore, si prevede quindi l'acquisto di postazioni per lo sviluppo di tali prodotti.",non_ai
NON_AI,"Sviluppo di un app su sistemi operativi IOS e Android che consentirà ai clienti di avere un virtual assistant durante tutto il viaggio. Le principali funzionalità includeranno: visualizzazione dei documenti di viaggio; visualizzazione degli itinerari giornalieri; utilizzo di servizi di geolocalizzazione collegati alle mappe interattive, consultabili off-line.
Miglioramento del sito internet www.blueberrytravel.it con sviluppo modulo inserimento anagrafica online direttamente da parte del cliente. Miglioramento della user-experience rendendo più semplice l'accesso alle informazioni ricercate.
Acquisto hardware (nuovi terminali per addetto booking e upgrade del server) per rendere più efficiente il workflow del personale e migliorare la sicurezza dei dati.",non_ai
NON_AI,"L'obiettivo dell'investimento ha la finalità di potenziare gli strumenti in possesso degli addetti per render il processo di vendita più snello e dinamico in quanto avviene in diretta con il cliente. Queste macchine essendo decisamente più performanti ottimizano i calcoli dei programmi restituendo risultati migliori a livello grafico in tempistice decisamente inferiori.
Oltre a migliorare il processo di vendita offre l'occasione all'azienda di aumentare i servizi al pubblico aggiornandoli alle nuove esigenze di mercato rendendo la struttura più competitiva.
Inoltre questi strumenti uniti ai nuovi software permettono l'apertura di nuovi sbocchi lavorativi verso attività di progettazione e rendering.
Infatti amplierebbero i settori di offerta dell'azienda in prima istanza verso la progettazione di interni, visualizzazioni di arredi su misura e oggetti di design, visualizzazioni 3D di stand fieristici per la loro successiva realizzazione, ma gettano le fondamenta per infinite applicazioni del 3D in settori come la produziuone video, realtà virtuale, ecc ecc

Il progetto ha inoltre l'obbiettivo di aumentare le competenza dei singoli lavoratori con la conseguente crescita qualitativa dell'azienda.",non_ai
NON_AI,"Il soggetto richiedente ANTONELLI E IAFRATE S.R.L. al fine di favorire la digitalizzazione dei processi aziendali e l'ammodernamento tecnologico della propria impresa intende, secondo il DM 23 settembre 2014 art. 2 comm. 2 lettera a) Migliorare l'efficienza aziendale, dotarsi di:
Workstation CAD Intel progettazione e creazione di realtà virtuale immersiva di qualità professionale che garantisca  velocità di calcolo e riduzione dell'inconveniente ai minimi termini durante le lunghe sessioni di lavoro con CAD o software di modellazione 3D. Massime capacità di calcolo, sia su CPU che su GPU, per calcolo scientifico, elaborazioni finanziare e rendering dunque con software di montaggio video e correzione del colore. La soluzione proposta permetterà di ridurre le ore di lavoro per progetto aumentandone la qualità potendo sviluppare un output con requisiti realistici, precisi ed un layout che migliora l¿esperienza di acquisto del potenziale cliente.
Il sistema così realizzato ha la caratteristica inoltre di gestire le informazioni prodotte durante i processi operativi ed effettuare raccolta dati, condivisione, elaborazione ed archiviazione in modo tale da adempiere con efficacia ed efficienza alle necessità informative interne ed esterne del richiedente.",non_ai
NON_AI,"Il progetto aziendale consiste nell'acquisto di un'etichetta digitale adesiva da applicare sulle bomboniere per cerimonie. La suddetta etichetta contiene un codice Marckar che inquadrato attraverso l'app di un qualsiasi smartphone permette di visualizzare video, foto e oggetti in realtà aumentata.
Come funziona:
Attraverso il sistema di riconoscimento su cui si basa la tecnologia dell¿Augmented Reality sarà possibile associare ad un codice univoco (identificato con l¿adesivo Marckar) contenuti multimediali personalizzabili e modificabili in qualsiasi momento collegandosi ad una propria area riservata.

Investimenti previsti:
Acquisto di codici digitali per le etichette,
Progettazione APP per smartphone,
Progettazione Sito per la vendita e la pubblicizzazione del prodotto",non_ai
NON_AI,"Il progetto riguarderà la progettazione e lo sviluppo di un¿interfaccia visual, con logiche di graph editing, che semplifichi e migliori il processo di costruzione, condivisione e implementazione di interfacce conversazionali evolute e integrate con soluzioni di intelligenza artificiale ovvero ¿chatbots¿.
Lo strumento in oggetto dovrà consentire anche a profili non tecnici, privi di competenze di sviluppo informatico, di creare e integrare interfacce conversazionali evolute in grado di compiere operazioni su sistemi esterni e di elaborare dati. Inoltre dovrà gestire l¿import da piattaforme di progettazione grafica e l¿export in formati pdf, jpg e altri. Funzionalità di collaborative working e gestione dei profili di accesso completeranno la soluzione.
Inoltre, al fine di abilitare lo scambio e la diffusione dei progetti realizzati tramite lo strumento di creazione dei chatbot, sarà sviluppato un marketplace su cui offrire i template realizzati per specifici settori di applicazione.",ai
NON_AI,"L'investimento prevede interventi che possono sensibilmente migliorare l'efficienza aziendale mediante la realizzazione delle opere  infrastrutturali e tecniche, quali lavori di fornitura, posa, attestazione, collaudo dei cavi presso i propri locali consistenti pertanto nella realizzazione di un impianto di connessione Ethernet con cablaggio di standard .  Si prevede inoltre l¿acquisto di Hardware e software che possano offrire al cliente un servizio migliorativo offrendo agli stessi una presentazione dei prodotti in realtà virtuale potendo interagire sui progetti presentati.¿Si prevedono n. 4 workstation grafiche con caratteristiche di potenza ed affidabilità fondamentali per l¿azienda che garantisca una buona velocità di calcolo e riduzione al minimo degli inconvenienti durante le sessioni di lavoro con CAD o software di modellazione 3D e con software di arredamento. Arredo CAD designer  Professional v.14 con funzioni aggiuntive (plug-in) . Sono previsti corsi specifici per il software Arredo CAD",ai
NON_AI,"Il progetto si colloca nell'ambito di un più ampio programma di investimenti realizzato dalla start-up innovativa a vocazione sociale Tech4Care srl, finalizzato a rafforzarne le competenze nel settore delle tecnologie per la Realtà Virtuale ed Aumentata. Il programma di investimenti avrà come scopo principale il miglioramento dell'efficienza aziendale, l¿ampliamento e la modernizzazione del capitale tecnologico dell¿azienda. 
Nell¿ambito del progetto verranno acquisiti apparecchiature hardware e pacchetti software di risorse ed applicazioni per la creazione di contenuti per la realtà virtuale (dettaglio nella sezione ¿costi progetto¿) e la valutazione degli stessi sulle funzioni fisiologiche degli utenti. Tale investimento si inserisce nella più ampia strategia dell¿azienda attualmente coinvolta in più progetti R&D di interesse internazionale che sperimentano il potenziale delle tecnologie VR e AV in ambito socio-sanitario ed assistenziale. Una consulenza tecnico specialistica sarà acquisita presso il Prof. Charles dell¿Ulster University per la preliminare configurazione dei sistemi cloud per efficientare il workflow di sviluppo e programmazione software a livello aziendale.
Il progetto avrà sostanziali ricadute in termini di ottimizzazione dei processi produttivi di Tech4Care.",non_ai
NON_AI,"Il progetto ha lo scopo, da un lato di migliorare la gestione del sistema informativo interno attraverso il potenziamento hardware e software della farm del CED realizzando una architettura ridondate che assicuri la piena funzionalità del sistema informativo anche in caso di guasto di uno dei server attraverso la installazione di un sistema Cluster tra i server, che duplicando in mirroring i dati consente una maggiore sicurezza sia da eventuale perdita di informazione che di protezione dei dati sensibili.
Dall'altro lato potenziando il software applicativo disponibile attraverso l'acquisizione di specifici programmi per la modellazione energetica degli edifici sia in capo statico che in campo dinamico, nonché nel campo della simulazione grafica 3D - Realtà aumentata.",non_ai
NON_AI,"Il progetto che viene di seguito presentato è riferito ad un intervento di consulenza volto alla
realizzazione di un prototipo di agenzia immobiliare completamente virtualizzata e web-based.
Il progetto si pone come obiettivo la pianificazione integrale della infrastruttura tecnologica di
supporto al portale.
Le fasi operative del progetto riguardano:
Progettazione della infrastruttura e-commerce
Progettazione della infrastruttura tecnologica dei servizi
Progettazione dei sistemi di aste on line
Progettazione dei sistemi di credits anche legati a tecnologie blockchain
Progettazione delle piattaforma per la gestione dei contratti preliminari on line e per il
versamento di caparre tramite carte di credito.
Progettazione dei servizi di realtà aumentata
Sistemi di geo-localizzazione",non_ai
NON_AI,"Sul versante interno si prevede l'ottimizzazione generale dei flussi di lavoro e, principalmente, del sistema di monitoraggio dei processi che comprenda una correzione iterativa dei modelli applicati. 
&#9679;	Revisione dell¿organigramma aziendale ed evidenziazione funzioni interne
&#9679;	Applicazione di un modello di eXtreme Project Management (Scrum/Kanban) per la gestione del workflow aziendale.
Sul versante esterno invece si prevede la creazione di una efficace UI (User Interface) centrata sull¿ottimizzazione delle UX (User eXperience) che monitorizzi efficacemente i processi di acquisto ed i momenti d¿interazione con il cliente ottimizzando il modello di eCommerce attraverso un sito di shop on line B2C con un ampia area per la gestione di processi di Content Marketing finalizzati all¿attuazione di Funnel di conversione Customer oriented ed alla gestione della community di utenti attraverso la progettazione ed installazione di un CRM avanzato. Per l'organizzazione generale si è pensato all'applicazione di una piattaforma IT integrata nei sistemi aziendali per collegare il versante esterno ed interno cercando di uniformare il flusso di dati, anche attraverso applicativi di Machine Learning e di intelligenza artificiale per fornire una visione efficace a fattuale dei proce",ai
NON_AI,"Il progetto prevede portare la Realtà Virtuale i  Azienda; in specie, estendere le funzioni dal software in uso oggi utilizzando un caschetto di realtà virtuale al fine di consentire ai Clienti  di visualizzare i nostri progetti.
Si prevede inoltre un intervento in hardware e software dedicato ad una migliore efficienza aziendale.
Il progetto di investimento sarà avviato ad inizio Aprile 2018 e si intende realizzarlo entro 5 mesi.
Dallo sviluppo di esso si attendono importanti riscontri sia sul fatturato che sulla qualità del servizio offerto, con possibilità di una ricaduta positiva sul piano occupazionale.",non_ai
NON_AI,"l'azienda intende implementare una piattaforma in grado di gestire le richieste di assistenza dei clienti attraverso il CRM già presente in azienda collegandosi con l'area riservata del sito aziendale. Il CRM verrà installato in un'architettura cluster server presso un Data Center. Inoltre l'azienda intende ottimizzare l'intervento tecnico con l'utilizzo di occhiali per la realtà aumentata, in modo che il tecnico possa accedere alle informazioni direttamente nella piattaforma cloud attravreso gli stessi ottimizzando i tempi d'intervento",non_ai
NON_AI,"La società ha intrapreso un percorso di innovazione tecnologica che implica lo sviluppo della progettazione d'interni in realtà virtuale.
Tale progettazione permetterà a tutti i client che si rivolgeranno allo studio di vedere e vivere il loro progetto riferito ad un ambiente in modo completamente nuovo e tecnologicamente avanzato., che necessita di risorse umane e tecnologiche. 
Il progetto permetterà  agli interior designer, grazie al PC Assemblato con  programmi quali AutoCAD e 3ds Max, la progettazione negli spazi e la modellazione dei prodotti in realtà virtuale, in contemporanea il procederà alla post produzione, alla modellazione dei prodotti, alla costituzione di finiture e texture necessari ai progettisti per la realizzazione della Realtà Virtuale.
Quando il progetto sarà concluso, il Cliente verrà invitato in azienda per visionare il Progetto d'interni in realtà virtuale tramite Vive HTC collegato al Pc Assemblato e a seconda dell'entità del progetto potrà utilizzare anche il Gear Vr con Controller con all'interno lo smartphone Samsung Galaxy S8.",ai
NON_AI,"Il progetto prevede l'ampliamento delle tecnologie utilizzate in azienda attraverso l¿acquisto di
workstations, licenze software 3DS Max e Vray, l¿aggiornamento di schede video e di rete per adeguare le
workstation esistenti, ammodernamento di periferiche e terminali video, sostituzione dei supporti di memoria
workstation, acquisto di una workstation mobile e i costi di installazione degli stessi.
Così facendo potremmo rendere più fluido e preciso il processo produttivo, permettendo agli operatori di
concentrarsi maggiormente sulle lavorazioni e allo stesso tempo ottenere un ambiente di lavoro più salutare.
Questo ci permetterà anche di attrarre nuovi potenziali clienti nell¿ambito del web, della grafica 3d, video,
applicazioni interattive e realtà virtuale.",non_ai
NON_AI,"Il progetto prevede la realizzazione di un software informatico che permetta di progettare nuove linee di montaggio, costruzioni meccaniche e carpenterie metalliche ad oggi realizzate mediante software 2D o 3D in realtà virtuale, permettendo di vedere in anticipo tutti i possibili errori e problematiche prima di iniziare la costruzione, dando modo al cliente finale di visualizzare e ottimizzare quanto visto nell¿ambiente virtuale mediante l¿utilizzo di appositi visori e joypad per interagire nello spazio, calcolando tempi di montaggio, analisi ergonomiche e di sicurezza o addirittura simulare cicli di lavoro da operatori virtuali.
I benefici sono la possibilità di fare formazione preventiva su nuove linee di prodotto, interagire e visualizzare linee di montaggio in prima persona e testarle, per ottimizzare le scelte finali del cliente offrendo un servizio innovativo anche in ottica Industry 4.0",non_ai
NON_AI,"Tiny Bull Studios s.r.l. si occupa di sviluppo software, in particolare operando nel campo della realtà virtuale per sviluppare soluzioni di virtualizzazione di vario tipo (training professionale, educazione, terapia medica, intrattenimento, ecc.).
Attualmente si è in possesso di attrezzature hardware di tipo ""workstation"", fino a qualche tempo fa indispensabili per sviluppare applicazioni in realtà virtuale a causa della capacità di calcolo necessaria, localizzate presso la sede di Tiny Bull Studios.
Il progetto di miglioramento dell'efficienza prevede l'acquisto di computer portatili ""VR ready"", che permettano di operare in telelavoro.",non_ai
NON_AI,"Per adeguarsi al processo di digitalizzazione del settore turistico, far fronte a nuove esigenze di mercato e garantire servizi innovativi ad una nuova utenza, l'Araba Fenice Service sostiene un processo di rinnovamento per l'erogazione e la fruizione dei suoi servizi sia utlizzando  le nuove tecnologie applicate al turismo, sia sviliuppando soluzioni e-commerce, nuova frontiera del mondo travel. L'azienda, attraverso l'implementazione del progetto, intende:
- promuovere la realtà aumentata, attraverso i virtual tour, per permettere agli utenti di visitare luoghi inaccessibli, anche per ragioni economiche, nonchè favorire la digitalizzazione dei processi aziendali;
- promuovere la tecnologia di stampa 3d per creare vere e proprie ""mostre tattili"" riproducendo monumenti e siti archeologici fruibili anche ad ipovedenti e non vedenti e favorire l'efficienza produttiva garantendo nuovi servizi;
- integrare una soluzione di e-commerce per la fruizione di servizi e dei pacchetti viaggio riducendo tempi e costi e migliorando l'efficienza del personale ed il time to market;
- adeguare il know how del personale attraverso una formazione qualificata nell'ICT ed in particolare nell'utilizzo dei sotfware ed hardware per il 3d, del software e-commerce e del marketing online.",non_ai
NON_AI,"L'investimento preventivato consentirà alla Puntocomitalia di erogare, in maniera più efficiente, i seguenti servizi:
- Manutenzione preventiva/ordinaria, ovvero attività periodiche che hanno l¿obiettivo di mantenere i normali livelli dell¿impianto e di tutti gli apparati che lo compongono;
- Manutenzione correttiva, mirata all'eliminazione dei guasti e/o malfunzionamenti alle componenti dell¿impianto (hardware e software), con i tempi di intervento e ripristino specificati nell¿ambito del singolo contratto;
- Telediagnosi/telemanutenzione, che assicura un monitoraggio periodico della funzionalità delle apparecchiature, oltre alla diagnosi di eventuali malfunzionamenti.
La società è da tempo strutturata ed organizzata per la migliore gestione degli interventi di manutenzione e assistenza nel rispetto dei livelli di servizio contrattuali. Elemento determinante per garantire una gestione in qualità del servizio è l'elevato know how specialistico dei tecnici dedicati.
Lo scopo della società proponente è di diventare punto di riferimento del territorio ed privilegiato interlocutore per affrontare e risolvere i problemi relativi alla tecnologia informatica e al suo utilizzo.",non_ai
NON_AI,"Ventuno Srl innova il settore tradizionale e unico del ¿Made in Italy¿, avendo come scopo quello di portare i consumatori esteri a ¿vivere un¿esperienza¿ enogastronomica legata alle regioni italiane, avendo cura per le specificità territoriali, alla loro arte, cultura e tradizioni, spesso mal percepite o ¿confuse¿ in un ¿unicum¿ indistinto da parte dei consumatori esteri.
Ventuno commercializza box con eccellenze enogastronomiche italiane (brand non presenti nei canali della GDO Italiana e/o estera), attraverso una piattaforma di e-commerce proprietaria. Il progetto si prefigge di inserire nei box ¿ assieme ai prodotti enogastronomici selezionati su base regionale ¿  una completa esperienza di realtà virtuale fruibile dagli acquirenti, che saranno in grado di immergersi a 360° nei territori di provenienza dei prodotti stessi, facendo sì che il consumatore straniero possa conoscere le diverse regioni italiane, la sua arte e la sua cultura. Il cibo diventa il veicolo più importante per conoscere l¿Italia. Sul piano tecnico, il progetto di realtà virtuale si realizzerà attraverso l¿ausilio di un visore ¿cardboard¿, inserito nei box, ed utilizzando una app proprietaria, scaricabile gratuitamente sui diversi dispositivi mobile dai clienti.",non_ai
NON_AI,"Il progetto consiste nelle seguenti misure:
1) sviluppo sito web, con predisposizione e integrazione servizi social media, consulenza on line in realtà virtuale, archiviazione digitale on line mediante predisposizioni di suite box personalizzate;
2) sistematizzazione della gestione dell'archivio dati e dell'archivio documentale , con digitalizzazione del processo e catalogazione informatica tridimensionale;
3) sviluppo di nuovi servizi di gestione di consulenza on line in  realtà virtuale e servizi di gestione contabili e gestione cedolini paghe per conto terzi in remoto;",non_ai
NON_AI,"La Digital Novel è una start up innovativa costituita nel 2016 e si occupa di produzione e commercializzazione on line di video filmati digitali innovativi ad alto valore tecnologico contenenti funzionalità di editing e personalizzazione via web da parte dell'utente/ acquirente. Il mercato di riferimento è quello dell'entertainment e gaming. Oggetto della presente domanda è l'investimento nel miglioramento delle proprie dotazioni HW e SW per la realizzazione di una nuova linea di applicazioni realizzate utilizzando la nuova tecnologia di ""realtà aumentata"". Tale investimento è in grado di ampliare notevolmente il mercato di riferimento della ditta. Oltre a soddisfare la domanda crescente dei gamers,che hanno dimostrato elevatissimo gradimento nell¿applicazione PokemonGO,  un ulteriore importante settore di mercato che sarà destinatario dello sviluppo dell¿app è quello delle amministrazioni locali e dei musei che possono sfruttare l¿applicazione gaming per migliorare la fruizione e conoscenza del proprio patrimonio in una innovativa chiave di lettura.",ai
NON_AI,"Il progetto IMPACT 2.0 prevede una serie di azioni volte alla valutazione del patrimonio ancora nascosto, alla localizzazione puntuale dei diversi elementi e alla comunicazione efficace delle nostre attività professionali. Riteniamo che la valutazione del patrimonio culturale ancora nascosto rappresenti una operazione di grande importanza per la conservazione del patrimonio culturale, capace di rappresentare un forte stimolo per gli stakeholders locali (enti locali, imprese, università etc.). A tale scopo, si prevedono una serie di rilievi fotogrammetrici condotti dalla Coop Impact (grazie al drone Dji Phantom 4 Pro+ e alla camera multispettrale MAPIR CAMERA SURVEY 2 ¿ NDVI RED + NIR), all¿interno dei principali siti archeologici nonché nel corso dei lavori che abitualmente conduciamo, grazie alla quale sarà possibile dimostrare che è possibile, attraverso una serie di interventi programmati e sostenibili, non solo garantire la conservazione del patrimonio, ma anche la sua valorizzazione attraverso un programma di comunicazione appositamente realizzato. Alcuni dei principali siti archeologici, beni monumentali e centri storici del nostro territorio, verranno promossi attraverso un portale di prenotazione visite guidate e di una Augmented Reality App appositamente dedicate.",non_ai
NON_AI,"Il settore dell'arredamento, come tanti altri settori, si sta orientando sempre più verso l'utilizzo dei canali digitali. Nonostante questo molte aziende sono ancora abituate ad usare sistemi distributivi convenzionali: cataloghi, campionari, sistemi analogici.
La GDO detta il prezzo di mercato a discapito della qualità mettendo a rischio la produzione italiana e sfavorendo le condizioni economiche dei lavoratori. Tutti fattori che vanno a riflettersi sul servizio nei confronti del privato.
Il progetto ha come obiettivo quello di creare un e-commerce B2B di arredamento che colleghi in modo diretto il produttore e il consumatore, modernizzando la rete commerciale e rendendola più competitiva. Questo lo si può fare attraverso la velocizzazione delle informazioni ed una razionalizzazione delle risorse.
Il progetto non ha lo scopo di sostituire le attuali figure professionali, ma piuttosto di prepararle per il futuro del mercato, fornendo un'esperienza digitale e un'interazione tra produttore e consumatore, grazie a configuratori e applicazioni per la realtà virtuale.
L'organizzazione di questa attività (e-commerce) sarà formata da giovani professionisti del settore digitale che lavoreranno dalla propria abitazione con strumenti Hardware e Software da noi forniti (telelavoro).",non_ai
NON_AI,"Dotazione di visori VR/AR e dell¿hardware abilitante.
Immerxive intende migliorare l¿efficienza organizzativa e produttiva aziendale nello sviluppo di esperienze in Realtà Virtuale ed Aumentata. 
L¿acquisizione di adattatori wireless e l¿acquisto di visori WI-FI,  consentirebbero ai dipendenti programmatori di realizzare più agevolmente, oltre che da postazioni remote, sessioni compartecipative di sviluppo delle esperienze in realtà virtuale. Le schede grafiche e gli hard disk inseriti nella domanda corredano l¿adeguamento, resosi necessario dai nuovi visori, delle specifiche tecniche dei PC in dotazione ai dipendenti programmatori.",non_ai
NON_AI,"Il progetto ha come obiettivo principale quello di andare ad innovare il settore dell¿arredamento attraverso l¿introduzione di strumentazioni che permettano di utilizzare la realtà aumentata come metodo di vendita di complementi d¿arredo da interni. Più precisamente si intende acquistare una componente hardware e una software:  per quanto concerne l¿hardware è necessario l¿acquisto di un visore di realtà virtuale che permetterà la visualizzazione immersiva ed in tempo reale delle ambientazioni d¿arredo, ricostruite secondo il gusto del cliente il quale potrà muoversi a 360 gradi e vedere virtualmente la sua casa arredata. Per far si che questo sia possibile è necessario l¿acquisto di un software di virtual reality che elabori le immagini e le trasmetta sullo schermo di un personal computer ad alte prestazioni, ulteriore elemento facente parte del progetto. Per finire, il proponente intende far sviluppare un sito e-commerce attraverso il quale avverrà la commercializzazione e la promozione degli arredi presenti nel negozio fisico  per il quale verrà curata minuziosamente la parte grafica.",non_ai
NON_AI,"CREAZIONE NUOVO BRAND, STUDIO DEL NAMING, BRAND BOOK, BUSINESS CARD, STRUTTURA E VESTIZIONE FURGONI FULL ELETTRIC, CREAZIONI INFOGRAFICHE (VIDEO E FOTO BOOK).
CREAZIONE NUOVA STRUTTURA SITO INTERNET E MODULO E-COMMERCE, ACQUISTO NUOVI DOMINI.
CREAZIONE CAMPAGNE DEDICATE GOOGLE ADWORDS, CAMPAGNE FACEBOOK, CAMPAGNE WHATSAPP E CHATBOT.
SISTEMA DI MAILING AUTOMATION
OTTIMIZZAZIONE SEO E GEOLOCALIZZAZIONE",non_ai
NON_AI,"Attraverso la nuova tecnologia è possibile progettare a distanza con il visore 360° Oculus Rift e si può far vivere l'esperienza di ""essere all'interno"" degli ambienti virtuali a 360 gradi dei progetti di ristrutturazione prima che vengano realzzati.  L'Oculus Rift supporta esperienze in scala complete con sei gradi di libertà, per un entrare e vivere nel realismo dei progetti che ancora devono essere realizzati.
Per poter realizzare questo progetto di virtualizzazione serve oltre alla comunicazione di un sito internet/facebook:
- Visore 360° Oculus Rift - Occhiali per la realtà virtuale per entrare e vivere i progetti di ristrutturazione prima che siano realizzati. 
- Il software Autodesk Revit® per il BIM (Building Information Modeling) include funzionalità per la progettazione architettonica e strutturale.
Oltre a collegare il progetto con la realtà virtuale il software BIM permette di accedere ai bandi pubblici.
- PC portatile ottimizzato per supportare il Visore 360° di realtà virtuale Oculus Rift
- Dropbox business 
- Cellulare Xiaomi
Inoltre per poter interagire completamente a livello digitale si implementa il sistema di fatturazione elettronica tramite piattaforma web - Fattura24 - Servizio che consente la crescita tecnologica nei processi interni ed esterni dell¿impresa",ai
NON_AI,"Il presente progetto si propone di contribuire allo studio e sviluppo di un sistema per il training avanzato del personale tecnico basato su visori di realtà aumentata di ultima generazione. L’utilizzo di uno strumento innovativo di realtà aumentata, che supporti questa fase di formazione avanzata del personale, comporterebbe numerosi vantaggi nella gestione delle risorse e dei processi aziendali, sia in termini di efficienza produttiva, sia per quanto riguarda aspetti legati alla sicurezza",non_ai
NON_AI,"L'obiettivo del progetto è quello di sviluppare uno studio sul profilo di competenze tecniche trasversali relativo ai ruoli del personale ICT di categoria Specialist Operation Marketing. La formazione nello specifico comprende: Linee guida di base per tool digitali newsletter, landing page, story telling, movietelling, ChatBOT, Social Content...). Quale tool scegliere per migliorare le prestazioni di comunicazione dei clienti. Esempi pratici di applicazione metodo. Come realizzare micro contenuti digitali persuasivi (grafici e testuali) Come ottimizzare le risorse di facebook con TAB dedicate e relazionarle con tool digitali specifici Principi Web & Design I: Progettare uno sketch/bozza (strumenti e software) Migliorare le prestazione di un sito web. Principi Web & Design II: SEO e posizionamento sul web e social. Integrazione web e social 3. UX Design. Rilascio software Mysnooper che monitora e analizza sul web che parlano di te, della tua azienda e dei tuoi concorrenti. Misura la performance dei profili social aziendali. Tale strumento amplia e migliora la penetrazione commerciale dell¿azienda migliorando e innovando l¿attività comunicativa.",non_ai
NON_AI,"Il progetto è volto alla Digitalizzazione del Processo Ingegneristico MEP & Sviluppo Piattaforma Realtà Virtuale, ciò al fine di migliorare i propri processi aziendali legati all¿erogazione dei servizi ai propri clienti e al miglioramento del reparto amministrativo della stessa. 
Inoltre, il software per la Realtà Virtuale è un progetto pilota da applicare ai processi di formazione per la sicurezza sul lavoro, mercato di interesse per la easyIT.
Sono previsti costi per: 
- miglioramento del processo aziendale MEP (Marketing Engineering Process) con lo scopo di fornire un metodo per la digitalizzazione del processo che viene applicato ai clienti della easyIT
- miglioramento dell¿organizzazione del lavoro di easyIT e della piattaforma digitale per il processo MEP sulla piattaforma digitale Fluxbit 
- acquisto software e consulenza per progetto software Realtà Virtuale per progetto con visore digitale HTC VIVE 
- efficientare i processi di contabilità analitica interni aziendali con l¿utilizzo del software QuickMastro",non_ai
NON_AI,"Meca-Tecno nasce nel 2008 come evoluzione della ditta  MECA, azienda storica produttrice di saldatrici per film plastici. Meca-Tecno oggi propone, oltre alla gamma di saldatrici universali e specializzate per la produzione di sacchi sagomati copri abito, una serie di dispositivi di stampa flessografica  da istallare in linea con saldatrici, estrusori e tutte le tipologie di macchine per la trasformazione di film plastico coniugando la competenza costruita in decenni di presenza nel mercato, a stretto contatto con le aziende del settore, con la capacità di progettare tecnologia per la saldatura e per la stampa di film plastici. Nell¿ottica di riqualificazione della propria offerta e di miglioramento continuo nella qualità di gestione della struttura si è deciso di procedere con un investimento che riguarderà :A) Acquisto di Product Design & Manufacturing - Software di animazione e modellazione meccanica 3D che consente di creare progetti in realtà virtuale dalle alte performance completamente integrato con Autodesk. Compresa installazione e configurazione B)Corso di formazione qualificata che permette di raggiungere la piena conoscenza nella modellazione meccanica 3D  e l¿utilizzo corretto del software. C) Attrezzature informatiche per l¿utilizzo dei software.",non_ai
NON_AI,"Realizzazione Sito e-commerce customizzato, con funzioni avanzate, comprensivo di:
¿	filtro categorie in maschera di ricerca; Realizzazione di un filtro categorie (con categorie di primo livello per ciascun listino) visualizzato come menu a tendina da accostare al campo testuale di ricerca.
¿	In caso di selezione di una categoria la successiva ricerca verrà ristretta solo a quest'ultima;
¿	Box ""filtri automatici;
¿	Realizzazione di un box a funzionamento completamente automatico e visualizzato nella pagina ""elenco prodotti"".
Al caricamento delle pagine ""elenco prodotti"" e ""dettaglio prodotti"" le immagini remote (provenienti dal fornitore del listino drop-shipping) verranno caricate in maniera asincrona con tecnica AJAX in modo da velocizzare il caricamento e rendering iniziale della pagina.
Realizzazione di un box a funzionamento completamente automatico e visualizzato nella pagina ""dettaglio prodotto"". Verranno visualizzati alcuni prodotti appartenenti alla stessa categoria del prodotto selezionato.
Box ""Iscrizione alla newsletter""; Checkout rapito
Realizzazione di un box a funzionamento completamente automatico e visualizzato in tutte le pagine del sito.
Sistema live chat di autoapprendimento e intelligenza artificiale
Realizzazione tema grafico responsive",non_ai
NON_AI,"L'obiettivo di questo progetto è di dotare la società di tecnologie ed apparecchiature di ultima generazione necessarie a costruire collaudare testare e vendere immobili di nuova costruzione adottando quelle che sono gli strumenti hardware e software più moderni come: droni, termocamere, BIM, stampanti 3d, realtà virtuale, plotter pluricromatici ad altissima risoluzione, videoproiezione immersiva. Il progetto di ammodernamento della T&Co srl che si occupa di progettazione e realizzazione di nuovi fabbricati con diverse destinazioni (residenziale, produttivo, direzionale, agricolo, etc.)  sia per appalti privati che pubblici, in tutte le sue parti ed in tutte le sue fasi, ha l¿obiettivo di sfruttare tutte le ultime tecnologie al fine di migliorare le seguenti fasi:
1.	analisi dei territori e dei terreni, 
2.	progettazione su carta dei nuovi edifici 
3.	presentazione dei progetti agli enti e alla committenza 
4.	Supporto in fase di direzione dei lavori
5.	Supporto in fase di collaudo
In particolare i software quali archicad, edificius, nonché SketchUp Pro e V-Ray3 hanno lo scopo di consentire allo studio di chiudere l¿intero ciclo di progettazione secondo  i nuovi requisiti imposti dal nuovo codice degli appalti pubblici secondo l¿approccio BIM (Edificius) consentendo di focali",non_ai
NON_AI,"Data la prossima apertura del punto vendita sito a Roletto, è necessario
l'acquisto di un gestionale (con funzioni amministrative e  con funzioni di
CRM avanzato) per la gestione della struttura commerciale. In parallelo
verrà realizzata una postazione di Realtà Virtuale con un software che
cpermette la simultanea trasformazione di qualsiasi file 3D in realtà
virtuale, per consentire al cliente finale di vivere virtualmente i propri
ambienti da noi arredati, già in fase di preventivo. E' poi prevista una app
gratuita che consente di scaricare il progetto degli ambienti acquistati,
direttamente sullo smartphone del cliente con evidenti azioni legate al
marketing diretto azionate dallo stesso cliente in direzione di propri
conoscenti",ai
NON_AI,"Realizzazione di due postazioni di realtà virtuale di cui una in sede e una
mobile, per la visualizzazione da parte del cliente finale dell'immobile terminato, sebbene lo stesso sia in fase preliminare di progetto o di ristrutturazione. Tale modalità operativa contribuirà a 
fornire alla clientela una immagine di professionalità e tecnologia avanzate, aumentando la fiducia e le possibilità di business. In funzione di tale progetto, sarà assunto un giovane operatore
specializzato in rendering, per ottimizzare la qualità delle immagini.",non_ai
NON_AI,"Il progetto presentato al finanziamento prevede la modernizzazione dell¿attività mediante la digitalizzazione della gestione aziendale con l'acquisizione di hardware e software confacenti alla gestione moderna ed efficiente di una impresa operante nel settore ricettività rurale e agricola. Nel detteglio si intendono rinnovare le dotazioni hardware mediante l'acquisizione di 2 computer, dotazioni per la realizzazione di un servizio efficiente di vigilanza e videosorveglianza. La parte software prevede si l'acquisizione di applicativi per la gestione del booking con sistemi di prenotazione e gestione delle presenze e capacità di poter effettuare tutte le elaborazioni e comunicazioni conseguenti. E¿ prevista inoltre la realizzazione di una rete di dispositivi di visualizzazione che consenta agli ospiti di ammirare in forma digitale i beni e gli attrezzi della tradizione rurale di cui l¿azienda dispone, mediante la realizazzione di un percorso digitale di realtà virtuale.",non_ai
NON_AI,"¿Gianluca Colagrossi¿ è un¿azienda specializzata in comunicazione visuale, attenta ai molteplici sviluppi nel campo multimediale e negli ambiti di realtà virtuale. Il rapido cambiamento tecnologico spinge a specializzarsi nella produzione e post produzione di video e foto 360° attraverso l¿utilizzo di drone o camera a terra, con output ottimizzato per Web, Desktop o Mobile tramite investimenti di attrezzatura software e hardware seguenti: 
- Sigma 8mm f/3.5 EX DG Circular Fisheye Obiettivo produce immagini circolare con un angolo di campo di 180°
- Rylo fotocamera 360 ° crea video cinematografici con la rivoluzionaria tecnologia di stabilizzazione.
- Panoweaver 9 software professionale per creare immagini 360°
- Tourweaver 7  crea tour virtuali 360° foto e video aggiungendo contenuti interattivi
- Creazione di un sito web specifico per la vendita di servizi e-commerce 
- Filtri DJI Phantom 3 Cinema Series: migliorano la fluidità delle riprese video del drone già in dotazione all'azienda
Attraverso Ia creazione di prodotti multimediali veicolati con il sito e-commerce, l¿azienda amplierà i propri servizi rivolgendosi a settori commerciali quali il real estate, l¿alberghiero, il museale e la ristorazione.",non_ai
NON_AI,"Il progetto riguarda la realizzazione di una postazione per la visualizzazione tramite tecnologie di Realtà Virtuale delle soluzioni progettuali proposte al cliente. L¿obiettivo è di rendere più immediato, efficace e di semplice comprensione tutto il processo di proposta, accettazione e variazione di un progetto architettonico nei suoi aspetti strutturali, illuminotecnici, sonori e di arredamento.",non_ai
NON_AI,"Miglioramento dell¿efficienza aziendale attraverso l¿acquisizione di nuove dotazioni software e hardware per l¿incremento delle performance dell¿impresa e l¿innovazione del servizio.
L¿impresa acquisterà un simulatore studiato per la formazione dei conducenti, con l¿impiego della realtà virtuale. 
Questo strumento permetterà all¿impresa di essere più competitiva sul mercato, fornendo un servizio nuovo e migliorato ai propri clienti.
Grazie a questo sistema gli utenti potranno esercitarsi in scenari, condizioni metereologiche e con automezzi differenti e apprendere il codice della strada e le tecniche di guida sicura più velocemente.
Ne conseguirà un miglioramento dell¿efficienza aziendale:
- integrazione delle ore di formazione e assistenza diretta ai singoli clienti con una formazione interattiva
- miglioramento del percorso didattico, personalizzato ed elaborato automaticamente dal sistema sulla base delle competenze maturate dal singolo utente
- miglioramento, grazie alle esercitazioni con la realtà aumentata, delle conoscenze e della sicurezza dell¿allievo nell¿affrontare le prime guide pratiche
- riduzione del rischio infortunio degli istruttori di guida
- digitalizzazione della procedura di analisi delle competenze acquisiste dal cliente e aggiornamento della scheda utente.",non_ai
NON_AI,"Abbiamo sviluppato dei Software per WEB ed un APP per SmartPhone per la fruizione di contenuti video in modalità VR360 ( Realtà Virtuale) tramite la rete Internet.  I video che realizziamo per la Realtà Virtuale sono registrati con gruppi di Telecamere che variano in quantità, da 2 a 10, secondo la qualità dei video da realizzare . I file sono tutti in formato HD e devono essere lavorati con programmi particolari di Stitching che uniscono i suddetti file in un unico grande file. In fase finale questi file risultano molto pesanti, si trasformano in formati video con risoluzioni 4/8K. Per gestire e lavorare questi file abbiamo necessità di attrezzatura e Server altamente performanti. Aggiornando il nostro Hardware aziendale potremmo ottimizzare i tempi di lavorazione riducendo del 50% i tempi di attesa. Per lavorare un file 4K oggi abbiamo necessità di circa 4h che potremmo ridurre del 50% con attrezzature adeguate, migliorando così il servizio per il cliente ed ottimizzando i costi aziendali ed i tempi.",non_ai
NON_AI,"Le recenti evoluzioni del mercato globale della Realtà Aumentata hanno fatto emergere la necessità di rifocalizzare la proposizione di una specifica linea di prodotto di Inglobe Technologies, e cioè i Plugin ARmedia. Si tratta di software, acquistabili online sul sito web di Inglobe, che, agganciandosi a programmi 3D esistenti di un nostro partner industriale chiave (Autodesk), consentono di creare e pubblicare contenuti di Realtà Aumentata su dispositivi mobili senza bisogno di programmare. Attualmente Inglobe Technologies ha 45.000 utenti registrati per questa linea di prodotto.
L¿obiettivo del progetto è riposizionare strategicamente i Plugin ARmedia nel mercato dell¿AR per aumentare il numero degli utenti registrati e il tasso di conversione all¿acquisto. 
Il progetto riguarda l¿implementazione di una parte della strategia di riposizionamento attraverso:
- Sviluppo di un piano di marketing e vendita online anche attraverso l¿adozione di strumenti di sales management e di scambio con un partner industriale chiave
- Rifocalizzazione del sito web e annesso eCommerce esistente.
A valle dell¿implementazione di questa strategia, ci aspettiamo un incremento delle registrazioni del 10% e un miglioramento del tasso di conversione dall¿attuale 4% al 8% in 12 mesi dal lancio del portale",non_ai
NON_AI,"Attua Project snc nasce dall¿esperienza pluriennale dei suoi promotori nel settore dell¿arredamento ¿chiavi in mano¿. È un¿organizzazione flessibile e dinamica a supporto di aziende, artigiani e studi di architettura, che offre servizi di design d¿interni, progettazione architettonica, gestione commesse e produzione in tutte le sue forme. 
La sfida che Attua vuole affrontare si sviluppa nel campo della realtà virtuale.
Lo scopo è di offrire ai clienti la possibilità di entrare e vedere l¿ambiente progettato, sia esso negozio, hotel o abitazione, come se si stesse realmente vivendo dentro la stanza, sopperendo al bisogno di realizzare concretamente ambienti campione (esempio camera di albergo).
Lo strumento da utilizzar è la cosiddetta ¿Realtà virtuale¿ che permette, con l¿utilizzo di un visore, di immergersi completamente in un ambiente tridimensionale ed esplorarlo, o interagire con esso, come se ci si trovasse al suo interno per verificarne l¿adeguatezza ai propri gusti, esigenze e aspettative. 
Il designer e l¿architetto interpretano i desideri del cliente e poter mostrare ¿realmente¿ come il progetto si concretizzerà è un valore aggiunto che permette al cliente di rendersi conto di quanto si stia progettando e poter apportare modifiche prima che l¿idea venga realizzata.",ai
NON_AI,"Attraverso il presente piano si intendono realizzare interventi tesi alla digitalizzazione dei processi aziendali della società, attiva nel mercato della fotogrammetria e nei rilievi aerei grazie all¿utilizzo di sensori di ultima generazione.
Obiettivo del piano è principalmente: 
IL MIGLIORAMENTO DELL'EFFICIENZA AZIENDALE attraverso l¿acquisto di attrezzature hardware altamente specialistiche e innovative che permetteranno alla società di innovare tecnologicamente tutti i sistemi di raccolta e archiviazione dei dati aerofotogrammetrici che necessitano di una riorganizzazione e archiviazione precisa, rigorosa e tecnologicamente avanzata.
Nello specifico le nuove attrezzature previste permetteranno:
L¿archiviazione
Elaborazione dati
Presentazione e Realizzazione Virtual Reality
Visualizzazioni in 3d Stereoscopico
Progettazione grafica",non_ai
NON_AI,"CON L'OBIETTIVO DI AUMENTARE LA QUALITA' DEL PROCESSO PRODUTTIVO TENENDO SOTTO CONTROLLO I PARAMETRI DEL PROCESSO STESSO, LA VALUTAZIONE DELL'EFFICIENZA PRODUTTIVA E IL MIGLIORAMENTO DELLA DISPONIBILITA' DELLE MACCHINE ATTRAVERSO LA MANUTENZIONE PREVENTIVA, IL PROGGETTO PREVEDE LA REALIZZAZIONE DI UN SISTEMA INFORMATICO AL FINE DI GESTIRE E ARCHIVIARE DISTINTE BASE, DATI DI PRODUZIONE E INFORMAZIONI RELATIVE ALLA MANUTENZIONE.",non_ai
NON_AI,"Curiosity s.r.l. agisce creando processi di re-ingegnerizzazione che hanno come obiettivo finale l’incremento della competitività dell'offerta dei mercati tradizionali. La direttrice di sviluppo percorsa
è l’interazione tra uomo e macchina, che coinvolge i sistemi di scansione 3D e digitalizzazione, la realtà virtuale (VR), la realtà mixata (MR), la realtà aumentata (AR) e tutte le infrastrutture di sviluppo correlate.",non_ai
NON_AI,"AR4FM ha l’obiettivo di creare un ecosistema software pionieristico, che, avvalendosi delle più moderne tecnologie, supportaoperazioni innovative di Facility Management (FM) attraverso la Realtà Aumentata. Tale visualizzazione sarà implementata tramite l’utilizzo di dispositivi mobili e wearable. Per ovviare alla limitazione che affligge la tecnologia di localizzazione GPS in ambiente indoor, sono nate diverse soluzioni che permettono un corretto posizionamento sia attraverso sistemi progettati ad-hoc sia attraverso l’adattamento di tecnologie esistenti: Fingerprinting delle reti wireless (Bluetooth Low Energy, WiFi), l’estrapolazione della posizione attraverso sensori inerziali (magnetometri, accelerometri, altimetri), il posizionamento tramite Visual Feature Recognition e la localizzazione tramite tag passivi (Passive RFID). L’integrazione di queste tecnologie con il sistema GPS può garantire la continuità del servizio anche all’interno di edifici, permettendo lo sviluppo di funzionalità aggiuntive per i servizi di Facility Management del futuro. Sfruttando le caratteristiche sia delle tecnologie mobili che dei wearable Smart Glasses disponibili sul mercato e valorizzando le informazioni sull’attuale localizzazione indoor, l’operatore sarà in grado di ricevere e ...",ai
NON_AI,"Il progetto si propone di dotare la Società delle capacità di sviluppo applicativo nel campo della Mixed Reality (MR), utilizzando le più recenti tecnologie disponibili sul mercato di fascia Developers.
L¿obiettivo specifico del progetto è di acquisire un ambiente olografico Microsoft HoloLens, entro cui sviluppare un sistema di gestione e visualizzazione di Big Data secondo una struttura di tipo Mind/Solution Mapping 3D, integrabile con interfacce macchina e ERP (gestione dell¿automazione), con piattaforme di grafica e stampa 3D (progettazione), con contenuti web (comunicazione e formazione). 
HoloLens è il primo visore a realtà mista (MR) che sfruttando il principio dell¿ologramma, riproduce oggetti 3D interattivi nello spazio reale, integrando le proprietà della realtà aumentata e della realtà virtuale.
Output: sviluppo di 1 struttura gestionale 3D in ambiente olografico (MR) e di 1 set di oggetti predisposti per l¿utilizzo nei campi automazione industriale, commerciale-fieristico, accademico-culturale.
Attività: Acquisto del device HoloLens Development Edition e di 1 workstation. Realizzazione di una survey Google Forms per indirizzare la fase di sviluppo verso una domanda territoriale. Acquisizione di servizi per la prototipazione del sistema. Marketing.",non_ai
NON_AI,"L'investimento che l'azienda intende realizzare  afferisce l'acquisto di hardware e il software per la realizzazione di montaggio e post produzione in 3D, Realtà Virtuale e Realtà Aumentata",non_ai
NON_AI,"La Boschiva nasce nel 1979 a Castelluccio di Porretta Terme, dove costruisce i propri stabilimenti e matura l'esperienza che ancora oggi le permette di porsi come un'azienda di primaria importanza nel settore produzione arredi in legno. Per ampliare le nostre proposte in termini di produzione di arredamento, il progetto prevede di utilizzare la tecnologia per far vivere al cliente in fase di progettazione un¿esperienza unica, grazie alla realtà aumentata infatti il cliente ha la possibilità di vedere l¿arredo prima proiettato su un maxi schermo quindi a dimensioni reali e successivamente in tridimensione attraverso il visore 3D. Per quanto attiene la realizzazione di strutture in legno, invece il progetto prevede l¿utilizzo di un software che permette di velocizzare e rendere più precisa la progettazione di tetti, tettoie e qualsiasi altra struttura di copertura. Gli investimenti pertanto riguardano:
- Hardware: pc, monitor, casse, proiettore, visore 3D
- Software: programmi per progettazione in 3D di arredi e coperture
- Formazione sull¿utilizzo dei programmi 3D in acquisizione.",non_ai
NON_AI,"Il nostro progetto si propone di attrezzare e formare il personale con l¿innovativa tecnica del rilievo fotogrammetrico da DRONE e da terra. Il processo fotogrammetrico permetterà di realizzare una realtà virtuale di quanto fotografato dall¿alto o da terra, formando delle nuvole di punti che rappresentano l¿oggetto ripreso nelle tre dimensioni e rapportato metricamente in modo da consentire precisioni centimetriche.
Tale innovazione tecnologica permetterà all¿azienda di porsi sul mercato in modo concorrenziale e competitivo rispetto ai risultati dell¿indagine in quanto, oltre ad essere ancora poco diffuso, l¿utilizzo dei DRONI oggi è di ¿gran moda¿ per altre applicazioni, e porta il possibile cliente ad essere affascinato dall¿offerta con maggiore possibilità di approvazione.
Di fatto, l¿utilizzo dei DRONI e della fotogrammetria terrestre cambierà l¿intero processo produttivo di un rilievo topografico, fornendo al cliente elaborati realistici come nuvole di punti tridimensionali e rappresentazioni del territorio prodotti con stampanti 3D
Quindi, migliorare la propria struttura, i propri software e più in generale le proprie risorse informatiche consente l¿ottenimento di grandi benefici produttivi, e pianificare gli investimenti in quest¿area è divenuto obbligatorio nei tempi",non_ai
NON_AI,"L¿azienda ha, nell¿ultimo anno, realizzato consulenze orientate ai servizi di e-commerce. Con l'avvento di nuove tecnologie come la Realtà Aumentata, Virtuale e l'inteligenza artificiale, la domanda di integrazione di tali tecnologie nei servizi di e-commerce è radicalmente aumentata. Abbiamo già iniziato lo sviluppo di diverse soluzioni che sfruttano la realtà aumentata per incentivare il commercio elettronico utilizzando la tecnologia ARKit offerta da Apple. Al fine di migliorare l¿efficienza produttiva e di ottimizzare i tempi di valutazione delle soluzioni offerte,  l¿azienda intende acquistare un computer Apple di ultima generazione corredato di monitor 4k al fine di ampliare le attività integrando anche la modellazione e scansione 3D, richiesta dai clienti che vogliano incrementare le vendite sui loro siti di e-commerce. Con le stesse finalità l¿azienda intende acquistare una fotocamera digitale per rendere più efficiente e standard la produzione dei modelli 3D attualmente generati. Il nuovo hardware e software consentiranno di rendere i servizi maggiormente efficienti e di avanzare proposte e soluzioni commerciali più competitive.",non_ai
NON_AI,"LiftUp Group è la società di comunicazione che nasce nel 2017. Una realtà anagraficamente giovane ma con una storia importante alle spalle. 
Il piano di digitalizzazione elaborato è tale da poter posizionare il brand a livello web. A tal fine abbiamo previsto la creazione di:
-	Un sito internet inteso propriamente come portale. Non una one page ma un portale ricco di sezioni e informazioni. Notizie legate ai servizi e alle attività, allo staff e alle collaborazioni.
Un luogo virtuale affiancato dal blog inteso come forum: motivo di scambio e confronto. Aperto e utilizzabile da tutti previa registrazione. 
Un sito articolato ma con un livello alto di usabilità.
-	Apertura account ADA: la più innovativa piattaforma per il Mobile Marketing che permetterà di digitalizzare i processi ed effettuare un lavoro di Marketing Automation. Il ruolo del mobile nella strategia è sempre più rilevante e per questo affiancheremo al lavoro di comunicazione la gestione della piattaforma ADA. In questo modo diventerà possibile ottimizzare le performance di customer engagement e personalizzare le esperienze di contatto degli utenti mediante campagne capaci di aumentare l¿efficacia delle interazioni e delle conversioni. Nello specifico con Ada andremo ad attivare landing page, chatbot e altri strumenti",non_ai
NON_AI,"DsTech vuole rispondere agli assidui  cambiamenti del mercato dovuti alle continue accelerazioni che subisce la digitalizzazione che si manifesta con la crescente domanda di piattaforme e soluzioni. L¿esigenza alla base della richiesta di finanziamento, in linea con Asse III ¿ Competitività PMI, Azione 3.5.2, risponde alla volontà di diventare una realtà sempre più innovativa in ambito tecnologico. 
L¿innovazione che DsTech cerca riflette in buona parte ciò che accade nelle startup Californiane. La volontà di DsTech è quella di seguire l¿impronta di queste realtà americane sempre più digitalizzate e che fondono la loro essenza in internet, ormai infrastruttura della nostra vita economica, culturale, affettiva.
DsTech vuole innovarsi dotandosi di strumenti tecnologicamente avanzati con l¿obiettivo di supportare tutto il lavoro che DsTech svolge abitualmente. Questo bisogno tecnologico si concretizza con l¿acquisto di nuovi dispositivi e strumenti come Smartphone IOS e Android, Tablet, Smartwatch, Televisori, Oculus Rift per tutto ciò che concerne lo sviluppo della realtà virtuale; wearable device per specifici progetti legati alla salute. Tali attrezzature saranno fondamentali inoltre per il testing delle soluzioni innovative sviluppate dalla DS Tech in vari campi di applicazione.",non_ai
NON_AI,"Aggiornamento dispositivi informatici e audio-video per la realizzazione di contenuti multimediali, in realtà aumentata e in realtà virtuale e per la presentazione degli stessi a clienti e utenti in ambiente immersivo.
Sviluppo dell'ecommerce aziendale.",non_ai
NON_AI,"Il mercato auto mondiale è in ripresa, le vendite ci sono, ma le sfide che si dovranno affrontare sono sempre tante. Si è in presenza di automobilisti sempre più esigenti, si informano online, vogliono più interattività, guida autonoma e sistemi di assistenza avanzati.
L¿automotive è in continua evoluzione da quando è nato, sempre alla ricerca di migliorie. Negli ultimi anni è però protagonista di una particolare accelerazione data dalla tecnologia e da Internet. Il panorama sta cambiando rapidamente e di conseguenza anche le abitudini delle persone. Il cosiddetto ¿Internet delle cose¿ ci circonda. Aumentano le competenze digitali, ormai alla portata di tutti, e le nuove tecnologie si riflettono sulle aspettative, mutando i rapporti, gli iter e facendoli evolvere in nuovi modelli ibridi reale/virtuale.
Internet ha cambiato sia il modo in cui le persone si rivolgono al rivenditore sia il ruolo del  venditore in carne e ossa.
In quest¿ottica il nostro obbiettivo è quello di utilizzare questa opportunità per l¿acquisto di hardware e software specifici per la codifica dei nostri prodotti e implementare sempre di più l¿e-commerce che rappresenta sicuramente un'interessante opportunità di business.",non_ai
NON_AI,"Boss Video si occupa di riprese e montaggio video, animazioni e post produzione video, shooting e post produzione foto e stampa fotografica. Il progetto di miglioramento aziendale consiste nell'aggiornamento dell'hardware di post produzione video, nuove fotocamere e accessori, attrezzature di ripresa 3D e Realtà Virtuale, un software sviluppo e-commerce, la connettività internet via satellite.",non_ai
NON_AI,"Il progetto Amalfi Coast's Land nasce con lo scopo di salvaguardare il territorio della
Costiera Amalfitana. Attraverso un sito web con funzionalità di e-commerce, l'utente può contribuire al
progetto con una donazione. La donazione consiste nell'acquisto di un prodotto digitale definito ""Albero"". A
fronte del corrispettivo versato, all'utente verranno assegnate le credenziali per accedere ad una propria area
dedicata. Il portale permetterà di progettare una visita sul luogo con la possibilità di visualizzare itinerari,
percorsi turistici, sentieri e strutture ricettive della zona. Strettamente collegata al portale e-commerce, viene
sviluppata un'applicazione per smartphone sia Android che iOS diffusa sui market a costo zero ma i cui
contenuti saranno accessibili previo inserimento di un codice generato all'atto dell'acquisto. L'applicazione
permetterà la visualizzazione di contenuti in Realtà Virtuale attraverso una Cardboard personalizzata che sarà
recapitata all'acquirente. La cardboard permette di inserire lo smartphone al suo interno, avvicinarlo agli
occhi e godere delle bellezze della Costiera Amalfitana visualizzando il panorama che si sta contribuendo a
salvaguardare. Sono inclusi nel progetto il logo, copywriting, gestione dei canali social e formazione",non_ai
NON_AI,Il progetto prevede l'acquisto di hardware e software per la progettazione in 3D e realtà virtuale funzionali alle attività svolte dall'impresa richiedente.,non_ai
NON_AI,"Il progetto prevede il miglioramento della efficienza aziendale attraverso l'implementazione di nuove tecnologie informatiche e digitali all'interno del processo di progettazione ingegneristica. La comunicazione del progetto al cliente finale deve puntare alla massima comprensione attraverso soluzioni immersive totali (3d, realtà aumentata,ecc.). Questo permette anche ai non addetti ai lavori di avere una visione semplice e realistica del progetto proposto. Attraverso la postazione di visualizzazione, dotata di visori e impianto audio, il cliente potrà passeggiare ed interagire con il manufatto progettato in una esperienza di immersione totale molto prossima alla realtà. Per il progettista sarà uno strumento utile per la revisione del lavoro ma anche per la gestione diretta del progetto e dei suoi componenti. L¿utilizzo di software BIM (Building Information Modeling) permette di disporre di un metodo di progettazione collaborativo in quanto consente di integrare in un unico modello le informazioni utili in ogni fase della progettazione: quella architettonica, strutturale, impiantistica, energetica e gestionale. Per questo può essere utilizzato dagli impiantisti, dagli strutturisti, dagli architetti, dal costruttore, dai collaudatori, ecc.",non_ai
NON_AI,"In accordo con lo sforzo di ricerca e specializzazione in ambiti gaming e di realtà virtuale/aumentata, Studio Evil si prefissa per l'anno 2018 di integrare nel suo flusso di produzione nuove tecnologie e servizi. Le finalità principali identificate dall'azienda sono le seguenti:

1) Velocizzare e/o spostare nella produzione interna diverse fasi della realizzazione di grafica tridimensionale e bidimensionale. Per questo motivo è previsto l'acquisto di una macchina fotografica, con relative ottiche, necessari per realizzare modelli e texture utilizzando la tecnica denominata ""fotogrammetria"";

2) Modernizzare l'hardware a disposizione del team, per mezzo dell'acquisto di due PC fissi e un laptop. L'acquisto dei computer renderà possibile parallelizzare le fasi bloccanti di lavoro su dispositivi diversi, come ad esempio la compilazione e il calcolo dell'illuminazione di scene complesse per la realtà virtuale;

3) Infine, per la divisione gaming, Studio Evil intende avvalersi della consulenza specialistica di collaboratori esterni, relativamente alle fasi di ottimizzazione e conversione su diverse piattaforme di tali prodotti (videogiochi).",non_ai
NON_AI,"L'iniziativa prevede l'acquisizione di un¿applicazione mobile multipiattaforma (iOS/Android) per la visualizzazione di contenuti 2D e 3D con tecniche di realtà aumentata per libri stampati.
Più in particolare l'applicazione consentirà di:
1) implementare il riconoscimento dei QR Code presenti nei libri e la visualizzazione dei contenuti
associati;
2) implementare il riconoscimento di immagini e illustrazioni (presenti sia in copertina che all'interno del
libro) con tecniche di ¿natural feature detection¿;
3) fruire di contenuto aumentato che verrà opportunamente registrato coerentemente alle immagini e ai QR Code riconosciuti in relazione alle seguenti categorie: immagini, video, audio, modelli 3D, animazioni, effetti grafici.
L'impresa intende altresì procedere con la progettazione e lo sviluppo di un sito di e-commerce nonchè integrarlo con i principali social network.",non_ai
NON_AI,"Evolvere Smart opera nell¿ambito dell¿ Internet of Things applicata alle soluzioni di Energy Management per il residenziale, ovvero, sviluppa un device Hardware/Software in grado di recepire i consumi/produzione (in caso di impianto fotovoltaico) di una utenza domestica ed analizzare tali dati con algoritmi di Intelligenza Artificiale, residenti nel proprio Cloud, con l¿obiettivo di proporre all¿utilizzatore un uso più appropriato dell¿energia (sia per questioni di risparmio economico, sia di impatto ambientale).
Grazie all¿accettazione della presente domanda, Evolvere Smart potrà:
-	Migliorare l¿efficienza aziendale attraverso l¿implementazione di tecnologie per la tracciatura organizzata della progettazione hardware e degli sviluppi software, per la velocizzazione degli accessi ad Internet sia per il rilascio degli applicativi nei repository Cloud, sia per l¿erogazione di assistenza remota sui dispositivi dei propri clienti, nonché per il miglioramento nella fase di testing delle APP di gestione dei device;
-	Modernizzazione dell¿organizzazione del lavoro mediante l¿implementazione e la formazione su uno strumento di Project e Team Management.",ai
NON_AI,"L'azienda ha intenzione di acquistare un pacchetto professionale per la realtà virtuale per gli Store LUBE e Creo Kitchens in grado di innovare lo show room dal punto di vista digitale.
Il punto vendita infatti farà un grande balzo in avanti offrendo un servizio a valore aggiunto con un'alta qualità che sarà immediatamente percepita dai clienti finali.
Il pacchetto completo che l'azienda andrà ad acquistare è composto da Hardware, Software e consulenza specialistica informatica soprattutto per cio' che concerne le specifiche tecniche per l'implementazione della tecnologia ""LUBE VR"".",non_ai
NON_AI,"Acquisto di  2 workstation per grafica 3d per la realizzazione di render a fini di presentare ai clienti le modalità costruttive e di arredo dell'immobile in fase di costruzione.  Verrano utilizzati anche per creare dei video in realtà aumentata, al fine di rendere l'esperienza dei clienti più verosimile possibile; si richiede pertanto che le componenti del pc quali scheda grafica, processore e ram possano raggiungere elevate prestazioni. Li stessi verranno utilizzati anche per calcoli strutturali, previo utilizzo di software appositi e progettazione architettonica in genere.
Acquisto di stampante termica Zebra, per stampare etichette e codici a barre per per catalogare e classificare informaticamente le rimanenze di magazzino (materie prime, sussidiarie e di consumo).
Acquisto di efficiente stampante multifunzione laser con wifi. Multifunzione laser 4 in 1 compatto con velocità di 34 pagine al minuto e stampa e scansione in fonte/retro automatica. Capacità cassetto carta da 250 fogli.Scheda di rete integrata, connettività wireless e NFC.
Dotato di display touchscreen da 6,8 cm, ADF da 50 fogli. Stampa e scansione da dispositivi mobile e cloud tramite wireless, Wi-Fi Direct o NFC. Interfaccia USB 2.0 Hi-Speed",non_ai
NON_AI,"Il progetto che si intende realizzare vuole apportare un valore aggiunto a quello che è il settore dell¿arredo e della fruizione degli spazi dello showroom. Il suddetto consta nell¿utilizzo di diversi applicativi che riguardano principalmente tecnologie quali il videomapping,lamixedrealty e la realtà olografica.  Relativamente al videomapping, attraverso alcuni software che consentono all¿operatore di far vivere un esperienza immersiva, si va a proiettare l¿utente in una realtà ricostruita in 3D, attraverso l¿utilizzo di proiettori ad alta luminosità e visori di realtà aumentata. Gli scenari, come parte dell¿arredo, saranno l¿environment dove l¿utente può navigare,immergendosi cinestesicamente in una realtà aumentata. Tale modalità di fruizione dei contenuti può apportare un alto valore tecnologico nel creare ambientazioni reali dove l¿operatore può arredare dinamicamente degli spazi al fine di rendere il più fedele possibile l¿ambiente desiderato dal cliente. Per quanto riguarda il dispositivo olografico con comandi gesture (ossia attraverso l¿utilizzo del movimento delle mani), da porre  all¿interno dell¿area espositiva,  si vuole migliorare  una visione tridimensionale di tutte quelle che sono le forniture che l¿azienda può offrire, in modo dinamico.",non_ai
NON_AI,"Per ora lavoriamo molto con il cartaceo e con excel ma il nostro obiettivo e quello di riuscire a gestire l'azienda in maniera più digitale e strutturata.
-Sviluppo di soluzioni di e-commerce: creare il sito dell'azienda affidandoci ad uno studio di professionisti. L'obiettivo è quello di creare una linea di prodotti ""AD group"" solo in versione digitale (render), vendibile dal sito e personalizzabile dall'utente. L'utente potrà scegliere colori, materiali, texture e vedere direttamente dal sito, applicato su un 3D, il proprio progetto. Inoltre vorremmo realizzare immagini 3D dei progetti realizzati di modo che il cliente possa immergersi con realtà aumentata nel suo futuro progetto.
- Formazione qualificata nel campo ICT del personale: CAD per due persone, corso Rhinoceros + V-Rayper una persona, corso Sketchup di base per due persone
- Miglioramento dell'efficienza aziendale - hardware: plotter A0 wireless, stampante A3, stampante A4 laser, telefono aziendale, 3 schermi 24 pollici, 10 chiavette USB per catalogo versione digitale, due PC, 3 mouse, proiettore, etichette elettroniche
- Modernizzazione dell'organizzazione - software: acquisto Rhinoceros 5 + plugin RhinoCam + acquisto V-Ray per renderizzazione + acquisto licenza sketchup commerciale + software gestione magazzino",non_ai
NON_AI,"Il progetto prevede l'acquisto di un software che consente lo sviluppo di applicazioni che utilizzano il riconoscimento ed il monitoraggio delle immagini e della realtà aumentata della geo-localizzazione.In aggiunta al software si intende effettuare un corso chiamato Angular 5, che ha come obiettivo quello di trasmettere solide basi architetturali del framework .",non_ai
NON_AI,"Si vuole migliorare l'efficienza aziendale in termini di innovazione di prodotto, innovazione produttiva ed innovazione di gestione aziendale grazie all'implementazione di procedure e tecniche proprie dell' Internet of Things (IoT), della realtà aumentata, dell'implementazione di controller per rilevazione di dati di produzione/vendita e della gestione aziendale in generale. Questo permetterà di ricavare continuamente dati di produzione/vendita in modo da migliorare la produttività e la qualità produttiva e nel contempo di arricchire i prodotti con ulteriori funzioni di supporto sia all'utente finale che al venditore del prodotto stesso. Lo sfruttamento dei dati rilevati e di altri dati che si rendessero necessari (come ad esempio dati finanziari) è parte integrante del processo di miglioramento dell'efficenza aziendale con un procedimento PDCA continuo: pianificazione, lavorazione, controllo e retroazione.",non_ai
NON_AI,"La nostra azienda si occupa di migliorare la qualità di vita dei nostri clienti fornendo soluzioni professionali ai problemi dentali. Per questo motivo abbiamo deciso di migliorare l¿efficienza aziendale implementando soluzioni hardware e software finalizzate alla digitalizzazione dei processi. L¿implementazione hardware e software consiste nell¿acquisto di nuovi computer, nuovo software per la gestione delle procedure interne e di un CRM collegato al centralino per conoscere meglio i clienti, catalogarli, gestire azioni promozionali e tracciare le attività commerciali collegate. Inoltre ci doteremo di una soluzione software per la ¿Realtà Aumentata¿; la Realtà Aumentata è la tecnologia che permette di aggiungere contenuti digitali a contenuti reali con l'utilizzo di dispositivi mobili. A tal fine sarà acquistata una soluzione hardware/software che ci permetterà di mostrare ai pazienti in maniera virtuale il risultato finale del nostro intervento, eliminando quindi la vecchia procedura cartacea analogica ed aumentando così la velocità di esecuzione. Il sistema sarà installato e personalizzato secondo le nostre necessità. E¿ prevista anche la formazione specializzata del personale. Per ottemperare alle nuove norme sul GDPR, l'azienda si fornirà di soluzione software ad-hoc per la",non_ai
NON_AI,"L'obiettivo è di raggiungere il cliente con una progettazione personalizzata e al passo con la tecnologia sempre più attuale e portarlo all'interno di una realtà virtuale dove muoversi liberamente modificando nei propri gusti l'ambiente che lo circonda. Interconnessione tecnologica per migliorare il proprio lavoro diminuendo i costi sempre più alti di maxi esposizioni oramai obsolete e inutili. Hardware e software in rete con trasmissioni di immagini su monitor dedicati per una pubblicità verso l'esterno comodamente fruibili in ufficio, a casa, in cantiere per semplificare il lavoro che oggi sviluppiamo con ore e ore spesso inutili e difficilmente ripagabili. E' pertanto necessario sviluppare una rete gestionale personalizzata e specifica per ogni esigenza.",non_ai
NON_AI,"AeroDron è una start up nata nel 2013 con l¿obbiettivo di sviluppare applicazioni e servizi avvalendosi dell'utilizzo dei SAPR (aeromobili a pilotaggio remoto). Il volo a bassa quota permette una visione del territorio privilegiata e consente, tramite l¿elaborazione delle immagini, tutta una serie di azioni utili alla tutela e controllo del territorio.  Solo un parco hardware e software sempre aggiornato e più performante può consentire ad AeroDron di implementare, modernizzare e migliorare l'operatività e progettualità aziendale in una serie di settori già sviluppati riguardanti, solo per citarne alcuni, l'agricoltura di precisione e il machine learning per l'individuazione di elementi noti attraverso l'analisi delle immagini acquisite. 
AeroDron sviluppando progetti su tutto il territorio nazionale, promuove da tempo forme di flessibilità del lavoro utili allo sviluppo e allargamento del proprio mercato e ad una maggiore efficienza lavorativa",non_ai
NON_AI,"VR-DEMO intende migliorare la capacità di Grifo multimedia di presentare le proprie soluzioni in realtà virtuale (VR). L'esigenza è trasmettere al cliente le potenzialità di un approccio immersivo in VR affinchè possa decidere di investire in una tecnologia costosa e altamente performante.
L¿idea non si ferma agli aspetti commerciali. Il coinvolgimento del cliente lungo tutta la filiera di produzione, dall'ideazione al testing finale, permettrà a tutto il team di lavorare su specifiche realmente comprese e concordate con il cliente evitando la richiesta di continue modifiche spesso dovuta ad una scarsa chiarezza iniziale delle idee. Ciò aumenterà la soddisfazione del cliente efficientando il lavoro di tutto lo staff aziendale.
Gli acquisti necessari sono: un sensore aptico (con relativo software licenziato per l'uso) con cui fornire all'utente sensazioni aptiche reali nell'ambiente virtuale, una workstation potente per supportare un'ambientazione VR fruibile con casco e sensori di movimento, uno smartphone per mostrare la soluzione anche su sistemi di elaborazione meno sofisticati con visori passivi (es. Samsung Gear), un monitor di grandi dimensioni per ricreare un effetto immersivo anche in assenza di casco VR, una consulenza per lo sviluppo di una demo di impatto.",non_ai
NON_AI,"DNARCH opera nella progettazione architettonica e nella rappresentazione digitale dei progetti. Per soddisfare le richieste dei propri attuali clienti, incrementare il proprio portafoglio cliente ed intercettare l¿evolversi del settore la società ha deciso di investire nella maggiore digitalizzazione dei propri processi secondo alcune direttive tra loro sinergiche. La società intende applicare alla propria metodologia progettuale la logica del B.I.M., con l¿acquisto di un software dedicato. Nel settore della visualizzazione grafica (al momento costituita per lo più da rendering statici) si vuole sviluppare il servizio di realtà aumentata mediante l¿acquisto di visori Hololens Microsoft. Per supportare queste attività si rende necessario l¿acquisto di un nuovo computer con maggiori capacità di calcolo. Per completare il processo di digitalizzazione è necessario investire nei processi gestionali interni ed in una gestione professionale del sito internet aziendale. In questa logica si prevede la partecipazione a due corsi di formazione: il primo orientato all¿acquisizione delle competenze necessarie ad una gestione economicamente proficua del sito internet; il secondo corso sarà finalizzato alla digitalizzazione dei processi gestionali interni all¿azienda ed al project management.",non_ai
NON_AI,"3DIVE intende dotarsi di innovativi strumenti che supportino il processo di digitalizzazione, prima che degli operatori che ne potranno fruire in futuro, della propria attività aziendale. La tecnologia che si intende adottare permette di realizzare, infatti, metodi di comunicazione, ora non esistenti, in grado di garantire un valore aggiunto nel settore dell¿interattività multidimensionale, sfruttando le potenzialità della realtà virtuale. Il sistema che si allestirà assume un forte carattere distintivo, oltre che migliorativo rispetto ai normali standard di efficienza aziendale, giacché ha la capacità di proiezione in aria senza schermi e senza accessori indossabili, che consente di trasformare immagini/video bi-dimensionali visualizzati su un display in immagini/video tridimensionali.
In particolare 3DIVE necessiterà di consulenze tecniche per quanto riguarda:
- la prototipazione, progettazione e ingegnerizzazione di dispositivi di proiezione 3D destinate a migliorare la qualità della videoconferenza, nonché in grado di interfacciarsi con i software di progettazione meccanica ed ottica
- l¿implementazione di applicazioni per smartphone, tablet e PC per la cattura dello schermo e la trasmissione ad un server di raccolta in quattro versioni: PC Windows, PC Mac, iPhone, Android.",non_ai
NON_AI,"Oggi l'azienda ha deciso di implementare export attraverso una serie di studi e ricerche di mercato utili a
identificare meglio il target per i prodotti che l'azienda produce. Attraverso la ricerca di mercato nel
settore videoludico, realtà aumentata e virtuale, l'azienda vuole acquisire una serie di informazioni di
dettaglio per identificare meglio i Paesi target su cui puntare.",non_ai
NON_AI,"La nostra Società opera nel settore dell'incoming Retail creando allestimenti scenografici per Centri Commerciali.
La richiesta di Voucher è quindi mirata ad un potenziamento dell'azienda nell'ambito della comunicazione dei progetti in fase di vendita del prodotto. A tale scopo la società ha la necessità di avere il supporto di specifici, di software mirati alla creazione di modelli tridimensionali e alla loro Renderizzazione e di corsi formativi per il loro utilizzo.
In particolare il Voucher avrà lo scopo di acquistare:
Hardware:  
- Pc Desk top: LENOVO THINKSTATION P410  Processore Intel -E5-1620v4 | 3,6 GHz - 8  MB L2| - RAM: 8 GB - Professional 64 bit
- Notebook: LENOVO THINKPAD T540P Processore Intel® Core¿ I7-4710MQ | 2,5 GHz -   3 MB L3| - SSD: 256 GB - RAM: 8 GB - Display: 15,5'' LED - WiFi IEEE 802.11b/g/n - Professional 64 bit - Scheda 
  grafica: nVidia GeForce GT 730M, 1 GB dedicata
-  Notebook convertibile: LENOVO Yoga 520-14IKB
Software: 
3ds Max:  software di modellazione e rendering 3D che consente di creare Scenografie per Allestimenti particolari con scene sorprendenti per la visualizzazione dei progetti ed esperienze coinvolgenti di realtà virtuale 
Formazione:
- Corso Formativo 3ds Max 
- Corso Inglese per gestione Software e comunicazione internazionale",non_ai
NON_AI,"La ditta individuale ¿Luca Cosmi¿ lavora nel settore della comunicazione audio video, con una vera vocazione per l¿essere al passo coi tempi e proporre così ai propri clienti sempre nuovi modi di comunicare, sia dal punto di vista creativo che tecnico.
Nuovi contenuti richiedono sempre più nuovi strumenti, che sappiano integrare le risorse e riducano i tempi di attesa tra un¿operazione e l¿altra. In questo modo il flusso di lavoro diventa efficiente e la crossmedialità una realtà che si può proporre concretamente ai clienti.
L¿hardware che si stima possa aiutare in questa evoluzione tecnologica è costituito da:
- workstation di adeguata potenza di calcolo per generare grafica 3D, effetti visivi e animazioni;
- monitor ad alta definizione 4K HDR che permetta di simulare l¿effetto finale sui megaschermi;
- computer portatile, smartphone e tablet per la fruizione e la sperimentazione dei contenuti in realtà aumentata e HDR sempre e ovunque;
- kit di pannelli fonoassorbenti per offrire al cliente prodotti audio di qualità elevata grazie al locale opportunamente trattato acusticamente.
- upgrade di scheda audio, registratore digitale portatile e microfono, per una migliore qualità di registrazione di voci, suoni e strumenti musicali per prodotti audiovisivi.",non_ai
NON_AI,"Il concept alla base dell¿idea progetto prende ispirazione dall¿evoluzione costante delle nuove tecnologie legate alle tecniche di ripresa e di realizzazione video, dalle svariate possibilità che essa è in grado di offrire al fruitore finale e dalla potenziale scalabilità del progetto in diversi ambiti applicativi. Essa si sostanzia nella realizzazione di un Sistema di riprese completamente immersivo (¿FULL IMMERSIVE CONTENTS¿) che sfrutta le tecnologie avanzate della VR(Virtual Reality) a 360°,al fine di generare un ambiente virtuale totalmente immersivo in grafica e video, dentro il quale lo spettatore, attraverso l¿utilizzo di un device specifico da apporre sugli occhi, viene avvolto a 360° dall¿ambientazione, ritrovandosi parte integrante della stessa. 
La Società intende, pertanto, dotarsi di strumenti hardware e software altamente ¿performanti¿ volti a favorire l¿innovazione e la digitalizzazione nel processo produttivo e nelle strategie commerciali applicabili dalla Società, al fine di incrementare la produttività, migliorare l¿efficienza aziendale e, al tempo stesso, favorire un rafforzamento del tessuto economico del territorio. 
L¿uso di tali strumenti digitali ed innovativi sarà accompagnato da un¿adeguata formazione per il personale dipendente impiegato nell¿attività.",non_ai
NON_AI,"rketing che si possa collegare con altre piattaforme esistenti sul mercato per poter organizzare in modo integrato e maggiormente efficace la gestione dei nostri potenziali contatti oltre che delle nostre vendite. I principali utilizzatori della piattaforma saranno quindi i nostri venditori ed il nostro staff marketing, oltre ai nostri stessi clienti, che sfruttando le sue potenzialità interattive potranno, da soli o con il nostro supporto, sviluppare il proprio brand e commercializzare i propri prodotti sia online che offline. La piattaforma sarà quindi utile anche per l¿acquisizione e il mantenimento della nostra clientela. Le soluzioni digitali più interessanti che realizzeremo all¿interno di questa piattaforma saranno le chatbot, le story telling e le movie telling, oltre ad un sistema di e-commerce interattivo e collegato con tutti gli altri servizi.  La formazione e l¿aggiornamento continuo dei nostri operatori, oltre che dei nostri clienti, sarà un¿attività fondamentale per il buon esito del nostro progetto. La dotazione di tablet, laptop e smartphone al nostro staff è necessaria per l¿utilizzo della piattaforma sia in remoto che presso la nostra clientela",non_ai
NON_AI,"L'innovazione tecnologica, sia nello strumentale che delle procedure di acquisizione del cliente, e l'investimento in alta formazione delle risorse umane, sono le chiavi per raggiungere e soddisfare, le esigenze del nuovo cliente 4.0. Secondo la nostra vision, il potenziale cliente di oggi ha diritto alla trasparenza, alla garanzia di affidabilità e al monitoraggio della gestione dei propri acquisti; vuole anche essere accompagnato nell'esperienza di acquisto da personale competente e con formazione alle relazioni sociali. La nostra azienda vorrebbe farsi spazio nel mercato multiculturale facendosi conoscere tramite e-commerce ed esperienze 3 d off-line; progetti che richiedono l'utilizzo di software hardware e periferiche innovative quali e-commerce interattivi e strumentazione per la realtà virtuale. Per l'utilizzo consapevole e corretto di questi strumenti-annoverata anche la formazione alle relazioni umane-saranno investiti i fondi  dedicati all'obiettivo di creare un customers service di altissima qualità. Altri fondi destinati all'acquisto di software che ottimizzino le tempistiche e la gestione di eventuali problematiche nonchè la gestione della commessa, con il fine di mettere a disposizione più tempo da dedicare al rapporto tra risorse umane dell'azienda e il cliente.",non_ai
NON_AI,"In linea con le innovazioni Educative e Didattiche del progetto International
Experiential School la direzione ha deciso di investire in nuove tecnologie con lo scopo di
aumentare il coinvolgimento tecnologico degli studenti e l¿inserimento di innovazioni nel campo
dell¿intelligenza artificiale, del coding e dell¿information technology.
A tale scopo verranno acquistati circa n. 20 terminali Informatici per un importo pari
a ¿ 9.000, software per un importo pari a ¿ 1.000 e consulenze e corsi per un importo di ¿ 10.000
per l¿utilizzo avanzato di tali tecnologie e lo sviluppo di progetti digitali avanzati.
I miglioramenti apportati da questi investimenti riguarderanno la digitalizzazione
della stru!ura scolastica e il miglioramento dell¿efficenza aziendale, la modernizzazione
dell¿organizzazione del lavoro, mediante l'utilizzo di strumenti tecnologici e forme di flessibilità
lavorative e la realizzazione di interventi di formazione qualificata del personale e degli studenti
nel campo ICT.",ai
NON_AI,"Il progetto ha come l'obiettivo quello di rendere più efficiente la società dal punto di vista gestionale e non solo.Implementeremo un software contabile collegato con lo studio commercialista che renderà le comunicazioni con il professionista più dirette; l'acquisto di nuovi computer e periferiche renderà la catalogazione e la redazione di schede tecniche più rapida, rendendo un servizio migliore ai nostri clienti. Oltre a ciò creeremo un sito con una parte e-commerce per portare nella provincia di pisa un outlet della piastrella, proponendo ai nostri clienti un servizio con rendering di alta qualità dei prodotti e video in realtà aumentata.",non_ai
NON_AI,"Siamo una società di progettazione e impresa edile. Siamo in possesso delle conoscenze tecniche per la creazione di modelli digitali tridimensionali di edifici per la realizzazione di realtà virtuali a scopo di presentazione dei progetti. In affiancamento a tale tecnologia servirebbe una implementazione della struttura hardware di tipo avanzato con scheda grafica dedicata e visore per realtà virtuale. Per quanto riguarda la struttura hardware abbiamo necessità di due WORKSTATION e un portatile. Una workstation per la gestione dei dati e storage dei progetti, una workstation esclusivamente dedicata alla riproduzione virtuale dei progetti e un portatile per fornire il servizio presso il cantiere. A tale scopo vorremmo anche creare un sito in cui proporre il nostro servizio.",non_ai
NON_AI,"la società Gruppo Torinoprogetti soc ing Srl intende investire euro 20.000,00 per un piano volto a: 

1 - migliorare l'efficienza nello svolgimento di servizi tecnici già offerti, ed in particolare: 
sviluppo risorse gestionali (maschere di autocompilazione, gestione di database e strumenti per la realtà aumentata) a supporto dell'attività di consulenza consolidata, quale: produzione documenti, modulistica, audit e reporting. 

2 - sviluppare internamente saperi per offrire nuove tipologie di servizi sul mercato dell'ingegneria, ed in particolare:
implementazione di tecnologia B.I.M. (Building Information Technology) in ambito di servizi di ingegneria e consulenza, che richiede risorse software, hardware ed attività di formazione altamente specializzate.",non_ai
NON_AI,"Il progetto formativo avrà lo scopo di rafforzare le competenze dei dipendenti in un’ottica di innovazione dell’organizzazione aziendale – partendo dal management strategico – e dei servizi offerti (compliance IT sulla privacy, utilizzo di nuove tecnologie come realtà aumentata e virtuale, servizi formativi).
In questo modo si intende raggiungere l’obiettivo dell’incremento delle competenze dei lavoratori e, di conseguenza, della competitività aziendale in un settore, come quello informatico, in rapida evoluzione e da sempre caratterizzato dalla rapida obsolescenza tecnologica. Datef intende quindi rispondere a questa sfida innovando i processi di gestione e l’approccio dell’alta direzione e diversificando l’offerta dei servizi.",non_ai
NON_AI,"Superresolution è una società (start-up innovativa del 2017) composta da un team di architetti,specializzata nello studio e progettazione di scenari da vivere in realtà virtuale immersiva (VRI) attraverso l¿utilizzo di nuove tecnologie di Real-Time rendering. L¿azienda lavora con importanti aziende del design e del fashion realizzando scenari virtuali che diventano dei veri e propri cataloghi di prodotti da far vivere con la VR Experience.Per incrementare la clientela e offrire cataloghi e prodotti   più innovativi, l¿azienda sta lavorando alla realizzazione di un nuovo progetto di VRI che gli permette di migliorare ed efficientare il processo produttivo abbattendo i costi di produzione. 
Pertanto deve effettuare un investimento per l¿acquisizione di pacchetti software per la modellazione 3D, renderizzazione e virtualizzazione che miglioreranno il fotorealismo degli scenari, in particolare daranno la possibilità di creare esperienze di vendita interattive in cui gli utenti interagiscono all'interno di uno spazio virtuale come nella realtà, riducendo l'attuale distanza tra l'esperienza di vendita in un negozio e la vendita e-commerce. L¿investimento prevede anche l¿acquisto di hardware (VR-Ready) oltre che consulenza specialistica per un valore complessivo di euro 17900",non_ai
NON_AI,"Attraverso il presente piano si intendono realizzare interventi tesi alla digitalizzazione dei processi aziendali della società, impegnata nella realizzazione di servizi di raffinata elaborazione grafica, fotografica, multimediale e video. Nello specifico la società ha sviluppato progetti incentrati sulla ricostruzione 3D e sui Virtual tour di aree archeologiche, strutture museali, architetture e città intere, specializzandosi nel settore dei beni culturali e paesaggistici.
Obiettivo del progetto è il MIGLIORAMENTO DELL'EFFICIENZA AZIENDALE attraverso l¿acquisto di attrezzature hardware altamente specialistiche che verranno impiegate in alcuni dei progetti attualmente in corso e che permetteranno alla società d imporsi in modo efficace in un mercato della realtà aumentata e virtuale, caratterizzato da una costante e veloce crescita. Nello specifico le attrezzature permetteranno:
Realizzazione, elaborazione, gestione e immagazzinamento di immagini e video 3D in alta qualità.
Visualizzazione di ambienti e ricostruzioni 3D in realtà virtuale/aumentata.",non_ai
NON_AI,Il progetto prevede l'acquisto di hardware e software per migliorare l'efficienza aziendale. Più precisamente l'hardware consentirà di gestire progetti di grafica altamente specializzata (realtà aumentata) unitamente ai software che consentono la realizzazione grafica e multimediale dei contenuti. E' previsto inoltre l'acquisto di gestionale dedicato alle agenzie di comunicazione per migliorare la modernizzazione del processo aziendale anche con la possibilità di collegamenti 'in remoto' tali da permettere anche la formula del 'telelavoro'.,non_ai
NON_AI,"Il progetto ""Digitalizzazione Wavenure Srl"" è volto a migliorare l'efficienza dei processi produttivi aziendali e a garantire l'efficiente gestione del prodotto finito. Il progetto prevede l'acquisto di n. 1 notebook da dedicare alle attività di ""mobile apps developments"" durante le numerose visite presso i clienti, n. 2 server da dedicare all'attività di ""machine Learning"".",ai
NON_AI,"Nello showroom che si andrà a realizzare, i clienti potranno immergersi in una vera e propria realtà virtuale all¿interno di una sala cinebox. L¿He-CINEBOX è uno showroom virtuale concepito per tutte le attività strategiche di gestione del cliente, dei progetti, dei preventivi e degli ordini. Si potrà offrire un ambiente dal design contemporaneo, adattabile a tutti i contesti e poco invasivo. Sarà composto da una sala cinematografica ad alta tecnologia, per la proiezione del modello 3D di progetto in real time rendering e anche da una sala campionatura per verificare dal vivo le materie prime da proporre ai tuoi clienti.
Una volta scelti i mobili e impostate le misure si preparerà un rendering virtuale 3D a grandezza naturale visibile attraverso il visore di realtà virtuale. Il cliente potrà muoversi tra gli spazi domestici e stabilire quale sia l¿effettivo ingombro dei mobile e quali colori siano più adatti.
Il sistema di esposizione e progettazione virtuale permetterà di avere una scelta molto più ampia di modelli e finiture che a loro volta potranno essere inseriti a listino grazie a software sempre aggiornati. In questo modo si potranno eliminare i cataloghi cartacei che hanno bisogno di continue ristampe.",ai
NON_AI,"Round4U è una start up innovativa fondata nel 2017 con l¿obiettivo di offrire servizi tecnologicamente avanzati sia per la produzione e fruizione di contenuti di Virtual Reality 360° sia per la realizzazione di soluzioni innovative nel mondo dello IOT.
¿Cummunis¿ è un progetto finalizzato alla centralizzazione e al controllo dei processi produttivi e nasce dall¿esigenza di rendere disponibili file audio/video/grafici 8K simultaneamente a tutti i reparti tecnici coinvolti nelle complesse lavorazioni di editing, stitching, sviluppo software e controllo qualità riducendo notevolmente i tempi di trasferimento dei file, di capacità di memoria e di consegna del prodotto/servizio. 
Per la realizzazione di questo progetto è necessaria l¿implementazione di nuovo hardware per l¿archiviazione informatica, nonché l¿acquisto di dispositivi periferici attraverso i quali sarà possibile monitorare in tempo reale la qualità delle lavorazioni e la correttezza dei processi.",non_ai
NON_AI,"GlassUp è una start up italiana specializzata in realtà aumentata. Dalla sua fondazione, ha sempre lavorato allo sviluppo di smartglasses, mantenendo come stelle polari due obiettivi: creare occhiali hi-tech e di design che liberassero dalla costante dipendenza da cellulare. Il progetto si concretizza nell¿implementazione della rete informatica aziendale attraverso l¿inserimento di nuove tecnologie. In particolare verranno incrementate le postazioni di lavoro con Workstations di ultima generazione e periferiche per la stampa. Vista la rapida crescita aziendale, sarà oggetto di ammodernamento anche la rete interna con installazione di sistemi per la gestione dell¿impianto elettrico e della rete cablata appositamente attivata. La sicurezza nella trasmissione e gestione dei dati sarà garantita dalla fornitura di un firewall utile al controllo degli accessi alla rete aziendale e switch utili ai collegamenti. La fase di messa in funzione delle tecnologie sarà resa possibile dall¿indispensabile consulenza di un tecnico informatico chiamato a supervisionare le attività. L¿investimento permetterà un miglior accesso ai dati da parte degli operatori oltre alla loro gestione ed archiviazione, garantendo una maggior velocità operativa e sicurezza.",non_ai
NON_AI,"Con questo progetto l'azienda ha come obiettivo quello di migliorare la propria efficienza nel campo, attualmente in fortissima espansione, della realtà virtuale e della realtà aumentata. Gli ambiti di utilizzo sono molteplici come musei, parchi archeologici, fiere ed eventi, itinerari turistici, trasporti, edutainment ecc.. Le conoscenze in gioco vanno dalla modellazione  e animazione 3D, alla programmazione di app per dispositivi mobili, allo sviluppo e post produzione di video multimediali, alla gestione di database e interoperabilità con sistemi di erogazione di servizi specifici. L'azienda opera già in questo settore da diversi mesi ma non riesce a far fronte alla crescente domanda per via di una infrastruttura tecnologica non sufficiente e alla limitata conoscenza degli strumenti di ultimissima generazione immessi sul mercato. Lo scopo del progetto è proprio quello di colmare queste lacune e rafforzare così la propria efficienza aziendale.",non_ai
NON_AI,"Il progetto prevede una soluzione integrata di e-commerce per i nostri clienti, che si suddividono in installatori di sistemi di sicurezza (quindi professionisti del settore) e privati.
Nel primo caso, l'installatore potrà effettuare preventivi, ordini ed acquisti accedendo direttamente al database del nostro gestionale interno.
Nel caso del privato, esso verrà guidato in un processo di acquisto relativo alla videosorveglianza o all'antifurto.
Nel sistema è previsto un sistema di chatbot per assistenza pre e post vendita.
L¿intero progetto necessita di:
-	Un software e-commerce realizzato con la tecnologia Web App la quale permette l'integrazione tra mondo Web e Mobile sfruttano caratteristiche peculiari della tecnologia Web e Mobile per fornire una User Experience di livello App-like.
-	 strategie di marketing orientate alla formazione del personale riguardante i metodi e le tecnologie utili ad incrementare le vendite online (Web marketing strategico, Google Adwords. SEO, email marketing)
-	ammodernamento dei banchi di vendita funzionali al nuovo canale di vendita.",non_ai
NON_AI,"La ditta Bookless di Gabriele Giuliani è nata nel gennaio 2017 in seguito alla selezione del progetto da parte del bando Microcredito Lazio. L'attività principale della ditta è la creazione e la distribuzione di prodotti audiovisivi per la realtà virtuale, realizzati utlizzando innovative tecnologie di ripresa video a 360° e di ripresa audio spazializzata. I prodotti audiovisivi realizzati con questa tecnica hanno una risoluzione nativa di 6.5 K (6000 x 3000 pixel) e vengono gestiti in sequenze di fotogrammi. Per ciascun video non è quindi presente un unico file (ad esempio .mp4 o .mov) ma una lunga sequenza di file in formato grafico ad alta risoluzione (ad esempio .tiff o . dpx) che ne consento la lavorazione nelle fasi di post produzione e color correction. Data la natura altamente innovativa del progetto, si rende necessaria la creazione di un sistema di archiviazione NAS di grande capienza per il salvataggio e la condivisione dei file. Nelle produzioni Bookless sono coinvolte figure professionali differenti: montatori, colorist compositor, fonici di presa diretta. Un sistema di archiviazione online multiaccesso è necessario per una migliore gestione dei flussi di lavoro.",non_ai
NON_AI,"Pur operando nel contesto di un settore maturo come quello della ristorazione, la nostra impresa ha sposato l¿innovazione digitale quale fattore distintivo per anticipare i trend e avvicinarsi anzitempo alle esigenze emergenti dei consumatori. L¿integrazione di software specifici all¿interno delle nostre casse ridurrebbe ulteriormente i tempi di esecuzione e faciliterebbe al massimo le azioni richieste ai nostri dipendenti. La nostra idea si basa su procedure operative che portino ad elaborare soluzioni ad altissima usabilità e semplicità, integrate in modo armonico e con impatto operativo ridotto. Accelerare la digitalizzazione dei processi di gestione delle proprie attività di ristorazione è fondamentale sia dal punto di vista dei rapporti con la clientela (software semplici e intuitivi per la gestione del punto cassa, gestione elettronica di coupon e promozioni, ecc.) sia da quello organizzativo del personale (software già predisposto all¿integrazione con algoritmi di intelligenza artificiale per la programmazione ottimizzata dei turni dei dipendenti).La costante ricerca di soluzioni digitali innovative ha inoltre condotto allo sviluppo di un¿altra iniziativa significative: l¿abbattimento della ¿barriera cassa¿, mediante l¿impiego integrato di monitor anche lato cliente.",non_ai
NON_AI,"Cefriel è un Digital Innovation and Design Shop, opera dal 1988 nell¿ambito dell¿innovazione, della ricerca e della formazione per aziende e Pubbliche Amministrazioni. Con 130 professionisti e competenze multidisciplinari distintive, è in grado di sviluppare tutte le fasi del processo di innovazione, dall¿ideazione all¿esecuzione di progetti complessi. Occupandosi di innovazione, l¿azienda ha intrinseco l¿istinto e la necessità di evolvere in accordo con il mercato, poiché da sempre ha un approccio customer centric; per il 2018 in quest¿ottica ha deciso di cambiare sede, in spazi completamente rinnovati. Al piano terra stiamo realizzando il Cefriel Experience Center, un¿area dedicata alla condivisione, formazione e trasferimento di conoscenza; l¿area sarà composta da 4 spazi riconfigurabili, utilizzabili come aule per le attività di formazione, locali per workshop o eventi di Cefriel e del proprio Innovation Network. Il voucher supporterà l'acquisto di strumenti e SW per la creazione di un laboratorio di realtà aumentata e robotica per la formazione del personale e dei clienti, e  SW e servizi di consulenza per l'innovazione di processi business e interni, la progettazione della relativa esperienza d'uso e formazione del personale per garantire competitività e sviluppo continuo.",non_ai
NON_AI,"Parallel Digital, è una startup all¿avanguardia nella sperimentazione digitale e nello sviluppo del progetto con metodo BIM, building information modeling.  L¿attività di Parallel Digital è indirizzata al mondo delle costruzioni e risponde alle esigenze di un settore che più di altri ha bisogno oggi di innovazione. Dalla nuova sede principale di Roma, un edificio costruito con le più moderne tecnologie, passivo dal punto di vista energetico e già vincitore di alcuni premi importanti, un team di 20 persone gestisce progetti in Europa e Medio Oriente e collabora con attori importanti del mondo delle costruzioni e non solo. 
Il bando MISE è un¿opportunità per Parallel Digital di aggiornare ulteriormente i propri strumenti al fine di sviluppare la propria ricerca e di implementare i servizi offerti. Nello specifico, Parallel Digital sta attualmente testando la tecnica della realtà aumentata legata alla manutenzione e alla gestione del patrimonio edilizio (facility management), e sviluppando nuove tecnologie costruttive e di prefabbricazione attraverso il controllo numerico e la stampa digitale il tutto in rete con i principali centri di ricerca italiani ed esteri fra cui il Politecnico di Torino, il Politecnico di Milano ed il Politecnico di Losanna in Svizzera.",non_ai
NON_AI,"Tecnoship è una realtà dinamica impegnata nel settore della progettazione e disegno in campo navale. La continua innovazione in campo informatico e digitale è notoriamente diventata un¿attività chiave, trasversale a tutte le attività economiche, in particolare in quello della progettazione dovuta all¿esplosione nella diffusione dei sistemi di progettazione avvenuta negli ultimi anni. Al fine di restare al passo con i tempi e garantire la massima competitività nel proprio mercato di riferimento la direzione aziendale intende investire nel potenziamento dei propri processi di digitali. Nel dettaglio verrà introdotto un software di prototipazione CAD 3D dedicato all¿impiantistica navale, per permettere lo studio e la visualizzazione in tempo reale attraverso la realtà virtuale, con il supporto di un software dedicato. Oggetto della richiesta di contributo sono le componentistiche hardware (workstation) utilizzate per gli scopi sopraindicati",non_ai
NON_AI,"Radix srl nel corso del 2017 ha visto un incremento del numero di commesse in relazione alla progettazione e implementazione di sistemi di e-commerce e nella realizzazione di chatbot per la profilazione degli utenti siti-web per i clienti. L¿incremento del carico di lavoro comporta la necessità di investire nella razionalizzazione delle procedure aziendali di gestione del personale, alla luce dell¿incremento occupazionale previsto con l¿acquisizione di nuovi dipendenti e collaboratori. A tal fine si prevede un investimento finalizzato ad acquisire l¿hardware necessario per gestire e monitorare in maniera flessibile il lavoro del personale. Nello specifico si prevede l¿acquisto di 3 laptop workstation, stampante multifunzione con scanner, 1 monitor 4k per attività di sviluppo grafico. Sarà acquisita una consulenza specifica in materia di organizzazione del lavoro, accompagnata dall¿acquisto dei software di gestione e monitoraggio della produttività. Il trasferimento nella nuova sede operativa, che avverrà entro maggio 2018 richiedere degli interventi specifici per l¿accesso alla banda ultralarga (funzionale anche all¿introduzione di strumenti di modernizzazione dell¿organizzazione del lavoro), nello specifico: switch, firewall, collaudo dell¿infrastruttura.",non_ai
NON_AI,"IN RIFERIMENTO ALL'ART.2, COM. 2, LETT. A DEL DM 23/09/2014, IL PROGETTO HA L¿OBIETTIVO DI DIGITALIZZARE DUE PROCESSI:
1. ANALISI E MODELLAZIONE DELLE STRUTTURE CHE HANNO SUBITO EVENTI SISMICI.
OBIETTIVO: modernizzare fase di rilievo e di analisi strutturale di edifici colpiti dal Sisma 2016. ATTUAZIONE: acquisto di Strumento di Diagnosi ad Ultrasuoni D1000 LF, Software 3MURI PROFESSIONAL, Workstation HP Z440 + monitor HPZ24n.
2. PROGETTAZIONE E COMUNICAZIONE DIGITALE DEI PROGETTI CON LA REALTA¿ VIRTUALE.
OBIETTIVO: digitalizzare fase di progettazione e presentazione progetto, mediante l¿immersione del progettista e del committente nella realtà virtuale. ATTUAZIONE: acquisto di Software EYECAD VR Advanced, Visualizzatore stereoscopico OCULUS RIFT, Workstation HPZ440 + Monitor HPZ24n.
IN RIFERIMENTO ALL'ART.2, COM. 2, LETT. B DEL DM 23/09/2014, IL PROGETTO HA L¿OBIETTIVO DI IMPLEMENTARE UNA POSTAZIONE MOBILE A CORREDO DEL DIRETTORE LAVORI. OBIETTIVO: modernizzare operazioni del D.L. con strumenti per visualizzare, condividere e stampare progetti direttamente in cantiere.
ATTUAZIONE: acquisto di Notebook reversibile con schermo capacitivo e penna Lenovo Thinkpad X1 2g 2017, Smartphone Samsung Galaxy Note 8, Stampante portatile multifunzione HP OfficeJet 250.",non_ai
NON_AI,"L'idea è di realizzare un innovativo sistema di marketing e comunicazione comprendente:
1) la creazione ed implemenetazione di QRcode per ogni retro-etichetta e relativa scheda tecnica di ogni vino;
2) un sito WEB;
3) comprensivo di ecommerce;
4) un'APP con il proprio Brand che permetterà di avvicinare nuovi clienti ai servizi dell'azienda ma anche di fidelizzare quelli già acquisiti, con sistema di realtà aumentata.
L'app sarà strutturata a finestre con menù di selezione laterale a scomparesae sarà agganciata al proprio sito. In particolare l'APP servirà sia come reader di QRcode che come riconoscimento dell'etichetta del vino.",non_ai
NON_AI,"Siamo una giovane startup innovativa registrata alla Camera di Commercio di Parma e produciamo realtà virtuale per il business.  Essendo un settore tutto sommato recente e molto legato agli sviluppi tecnologici necessita di continui investimenti e col passare dei mesi si aprono sempre nuove strade che fino a poco tempo prima sembravano non esistere. L¿investimento che ci proponiamo per questa prima parte del 2018 dovrebbe permetterci lo sviluppo di progetti di training aziendale (safety, formazione su impianti, chirurgia invasiva) che coinvolgano anche sensazioni tattili (attraverso il guanto Manus VR) e possano permettere ai fruitori di muoversi liberamente in uno spazio sufficientemente ampio tale da non richiedere l¿utilizzo di fili (Oculus GO Wireless, HTC Vive Wireless). Per questo chiediamo un incentivo all¿acquisto del guanto con sensori, del visore digital, dei relativi software di funzionamento, dell¿hardware per gestirlo (incluso un PC) e anche di una consulenza specifica di professionista informatico in ambito realtà virtuale ed aumentata con il quale impostare gli sviluppi aziendali in questo campo.",non_ai
NON_AI,"Con questo progetto è mia intenzione sfruttare completamente le capacità offerte dalla connessione a banda ultralarga da poco attivata con l'introduzione di un'unità di archiviazione per la condivisione dei progetti con i clienti e i fornitori.
Aggiungere, una postazione per la progettazione di schemi elettrici e modellazione 3D con la possibilità di lavoro in team anche da remoto, aggiungendo le possibilità offerte dai dispositivi per la realtà aumentata e virtuale. Per finire ho la necessità di aggiornare i software di progettazione soprattutto in conseguenza alle richieste per l'introduzione di flussi digitalizzati per il controllo dei processi di produzione all'interno delle aziende degli attuali clienti, ovvero essere in grado di completare progetti per l'Industria 4.0",non_ai
NON_AI,"La 8 Production è una società di produzione cinematografica indipendente, attiva da 4 anni nel settore del video e dell¿intrattenimento. In questi 4 anni di attività 8 Production vista la giovane età dei soci fondatori, ha puntato sull¿innovazione e sull¿utilizzo delle nuove tecnologie grazie alla collaborazione con artisti e tecnici tutti under 35.
Nel 2017 ha iniziato a lavorare nella Realtà Virtuale e Aumentata con un progetto presentato al 74* Festival di Venezia, in collaborazione con Sony e la Biennale di Venezia. Ha iniziato inoltre ad esplorare il nuovo linguaggio legato al nuovo mezzo tecnologico anche da un punto di vista software e hardware e non solo contenutistico.
Per poter sviluppare in modo adeguato e per potersi proporre come azienda competitiva nel settore anche in un dialogo internazionale, 8 Production ha bisogno di investire nella digitalizzazione dell¿impresa e nell¿acquisizione di strumenti S&H in modo da proseguire il suo percorso di Ricerca e Sviluppo. La 8 Production, al fine di dare solidità al progetto, intende investire nella consulenza specialistica in ambito di posizionamento online (SEO), advertising online (SEM), e marketing strategico consapevole dell¿importanza che ricopre sempre di più la digitalizzazione della propria attività.",non_ai
NON_AI,"Si intende realizzare un progetto per il miglioramento dell'efficienza aziendale mediante la realizzazione di specifico progetto per lavorazione, produzione e finalizzazione di contenuti audiovisivi in 4K/8K HDR, Realtà Virtuale e Realtà Aumentata, associati a Sport, Cinema, Televisione, Industria 4.0.
Tale Stazione sarà composta da idoneo Hardware : Stazione iMac Pro con schede di acquisizione e uscita audio e video Broadcast e relativo storage veloce (Trunderbolt 3) e i dispositivi di output quali caschetti per la realtà virtuale o appositi occhiali per la realtà aumentata, Monitor di riferimento Broadcast, e realizzazione di tutti i collegamenti in rame e fibra idonei. Si prevede anche la formazione e assunzione di personale specializzato per lo specifico progetto. Modernizzazione dei processi di gestione del magazzino con DB Server accessibile ai clienti in Cloud.",non_ai
NON_AI,"La FUSARO MARIO e un azienda che si occupa di costruzioni in ferro, dopo la crisi del mercato immobiliare, si è concentrata sull¿ industria sviluppando progetti di automazione industriale e costruisce impianti complessi comandati attraverso CPU , questo settore e in pieno sviluppo e la società sta sviluppando nuovi progetti per diverse aziende italiane nel settore della bulloneria e dell¿automotive
Scopo del progetto e vendere questi macchinari o parti di essi come pezzi di ricambio on line, attraverso la creazione di un nuovo sito e-commerce che mostri, attraverso materiale digitale come video, foto, time lapse, le diverse funzioni e applicazioni delle macchine prodotte.
Inoltre la parte focale principale del progetto prevede la costruzione di una area riservata sul nuovo sito, attraverso la quale i clienti possono accedere e in caso di fermo macchina o problema tecnico, richiedere aiuto aprendo un help-tiket, cosi facendo, i tecnici in sede potranno collegarsi con la macchina attraverso la rete aziendale in teleassistenza, rilevare e risolvere anomalie di sistema, tenere un programma di manutenzione preventiva, cambiare cicli di lavoro e parametri secondo le esigenze del cliente senza dover spostarsi dalla sede di Seveso.",non_ai
NON_AI,"""ARtGlass è una start-up nata nel 2013 ed accelerata da capitale cultura. l’impresa è attiva in Italia, Svizzera (tramite il partner Capitale Cultura International) e negli Stati Uniti (tramite la controllata ARtGlass US).
Il presente progetto mira al consolidamento dell’impresa come leader a livello internazionale nel settore della realtà aumentata per i beni culturali.
Gli obiettivi previsti sono:
- sviluppo della piattaforma editoriale artglass, con l#-#implementazione di una nuova repository centrale che consentirà la creazione di esperienze di visita in realtà aumentata tramite la collaborazione via web fra professionisti (curatori, 3d modeler, designer, ecc.).
- creazione di una nuova content factory a Verona, all’interno delle facility di Capitale Cultura. la content factory si avvarrà di risorse immateriali (software di elaborazione grafica e modellazione 3d), materiali (pc, visori indossabili) e umane (video-maker e 3d content specialist) dedicate alla produzione di contenuti multimediali e 3d, al loro testing su diverse tipologie di dispositivi wearable e mobile (smart-glass, microsoft hololens, tablet etc.) e alla creazione di demo per i potenziali clienti.",non_ai
NON_AI,"""Il progetto mira sia ad ottenere sia nuovo sviluppo che riposizionamento della struttura professionale, attraverso nuovo hardware e software dedicati a progettazioni a valore aggiunto digitale quali servizi tridimensionali di realtà aumentata e digitalizzazione dei dati per l’architettura, simulazione realistica dei risultati di impatto ambientale, rilievo realistico, verifica delle conseguenze su  edifici tutelati, con conseguente smaterializzazione dei supporti, gestione manageriale dello studio e uso di piattaforme in rete.
RISULTATI
Riposizionamento: 
Creazione di nuovi servizi digitali complementari alla progettazione (Realtà Virtuale, Aumentata, Immersiva, Rilievo a scansione digitale per l’architettura) e riorganizzazione manageriale e digitale dello studio stesso.
Gestione digitale: 
smaterializzazione degli archivi con archivio digitale con tutte le diverse tipologie di pratiche; coordinamento della struttura interna in rete con conseguente ottenimento di riduzione dei tempi di elaborazione; processo pratiche digitalizzato: organigramma e procedure, responsabile,scadenze,  istruzioni, gestito tutto tramite software dedicato.Si stima una riduzione dei costi del 25% in termini di ore impiegate e materiale di consumo risparmiato.""",ai
NON_AI,"Tramite l¿acquisizione di strumenti hardware e software, specificamente dedicati a questo scopo, il progetto prevede lo sviluppo, la produzione e l¿implementazione di nuove strategie aziendali di immersive communications per rendere la realtà aumentata (VR) una realtà non solo virtuale per il business.
La realtà aumentata (VR) è un nuovo media. Con nuove regole. Per il quale servono soprattutto contenuti. Perché nessun media funziona da sé.
La realtà virtuale, anche per dispositivi mobile come Gear VR e Cardboard, si sta diffondendo. Il tasso di adozione è in forte crescita anche perché, in alcuni casi, è sufficiente uno smartphone e un visore per potervi accedere e di fatto renderla una tecnologia indossabile.
Postazioni fisse VR basate su Oculus Rift o HTC Vive offrono ulteriori possibilità on-store o per eventi esterni. Lead acquisition, conversioni, prospect activation acquisiscono una nuova dimensione. Inoltre è possibile associare a questi contenuti con un sistema di tracciamento esperienziale in grado di cogliere valore dall¿user experience.

KEYWORDS: realtà virtuale aumentata, tecnologia indossabile, apprendimento informale e didattica",ai
NON_AI,"L'impresa lavora nel campo della progettazione e sviluppo software e nella creazione di contenuti in realtà virtuale e aumentata. L'agevolazione richiesta è volta a potenziare mezzi e servizi migliorando l¿efficienza aziendale. Il gruppo già attivo nel campo delle riprese a 360°, intende specializzarsi nella ripresa aerea mediante droni. La guida di questi apparecchi necessita, come da normativa, di apposita licenza ENAC. Investimento previsto:  1.Licenza pilota drone (formazione ICT). 2.Drone professionale (miglioramento efficienza aziendale). Attualmente le riprese sono effettuate posizionando le camere su caschi, zaini, stativi e pettorine per cui un drone determina  un sensibile miglioramento nel processo di creazione dei contenuti e quindi della perfomance della società. 3.Visori Oculus (miglioramento efficienza aziendale). Attualmente viene utilizzato un sistema obsoleto di postazione di realtà virtuale (visore + smartphone). 4.Fotocamera professionale (miglioramento efficienza aziendale). Lo strumento utilizzato risulta obsoleto, la realizzazione dei contenuti richiede un aggiornamento tecnologico. 5.Smartphone (miglioramento efficienza aziendale). Si prevede l¿acquisto di uno smartphone di ultima generazione per il testing degli applicativi sviluppati e dei video creati.",non_ai
NON_AI,"Con il progetto si intende migliorare l'efficenza aziendale nella promozione dei propri servizi, perfezionando la profilazione degli utenti del sito web e rafforzando la cybersecurity aziendale a protezione dei dati sensibili tramite:
1) Realizzazione e implementazione all'interno del sito di un software di tracking e monitorizzazione del traffico internet e delle attività dell¿utente.
2) Motore di gestione e correlazione degli eventi generati dagli strumenti di monitoraggio e-commerce avanzato, con integrazione e arricchimento di dati esterni.
3) Console di visualizazzione monitoraggio da parte degli utenti utilizzatori.
4) Acquisizione (o implementazione per perfezionare i preesistenti) di software gestionali per la contabilità e il magazzino. 
5) Acquisizione di servizi di connessione veloce in banda larga e  servizio stoccaggio dati  e machine learning.
6) Formazione interna necessaria per l'aggiornamento e per la gestione del software di monitorizzazione.
7) Acquisto di dispositivi hardware fissi e portatili per l'amministrazione e per la gestione del sito, anche in mobilità.",ai
NON_AI,"Sulla base della tecnologia Kimap, sviluppata e brevettata da Kinoa, si sviluppano le attività di mappatura, data science e navigazione che costituiscono il core business dell¿azienda. Tali attività sfruttano tecnologie all¿avanguardia atte alla mappatura, e quindi all¿estrazione di dati, in loco. 
Le attività di mappatura si svolgono in maniera innovativa grazie all¿uso dell¿app Kimap, installabile su smartphone e tablet, di tecniche avanzate di fotogrammetria aerea e a terra, della tecnologia LiDAR e di beacons per la georeferenziazione indoor. I dati vengono monitorati e elaborati in tempo reale dagli operatori sul luogo e in remoto.
Le attrezzature necessarie sono:
Drone SAPR per attività critiche outdoor di ripresa aerea 
Visore per la realtà virtuale per il pilotaggio del drone 
Fotocamera 4K per la fotogrammetria a terra
Modulo LiDAR per attività di mappatura 2D indoor e outdoor
Tablet e smartphone con Kimap e ARKit e CoreML 
Smartwatch per la georeferenziazione e crowdmapping indoor con i beacons
Portatili per l¿analisi e il monitoraggio dati in loco durante le attività di mappatura
Beacons per la georeferenziazione indoor in stazioni, ospedali e mall tramite tecnologia Bluetooth LE 4.0/4.2 
Fascia Bluetooth EEG",non_ai
NON_AI,"Il progetto prevede l'acquisto di attrezzatura per migliorare la qualità di lavoro del reparto grafico, per velocizzare il processo di creazione e poter implementare nelle proposte al cliente l'impiego di tecnologie di realtà aumentata.",non_ai
NON_AI,"Negli ultimi anni si è sta sviluppando sempre più la Realtà Virtuale che diventa una semplificazione per chi non è del settore per apprendere i concetti tecnici. Molti dei nostri clienti sono professionisti che richiedono queste attitudini. In poche parole: far capire con un sistema semplice ed intuitivo, appunto la VR, a chi non è del settore come sarà realizzato un intervento edilizio. Si parte da un modello di informazioni di una costruzione (BIM) per realizzare un edificio, si genera un modello navigabile ed è possibile 'vedere' con uno smartphone montato su un semplice occhiale di cartone oppure su un dispositivo più complesso (tipo Oculus) una vera immersione 3D e 'muoversi' all'interno di questa realtà virtuale per navigare e capire quello sarà l'intervento in oggetto. Altro aspetto necessario è la strumentazione di alta qualità per illustrare queste immagini anche a più persone. Un ulteriore passo riguarda il processo di monitoraggio da effettuare con strumentazione digitale in sostituzione dei classici strumenti manuali e a lettura diretta quali i fessurimetri. Tutto questo necessità di software (già in possesso dell'azienda), di corsi di aggiornamento, di strumentazione digitale, di connessione adeguata (si lavora in cloud) e di pannelli touch.",non_ai
NON_AI,"Realtà aumentata, alter ego digitale, nuove interfacce e controllo: queste sono le basi per il web 4.0.
L'Azienda necessita di supporti informatici di caratteristiche tecniche di livello alto affinché possa sviluppare sistemi e applicazioni che ben si sposano con le richieste della nuova versione web. Attraverso questo nuovo investimento, si pone l'obiettivo di sviluppare avanzati sistemi informatici, software e sistemi integrati di webapp di supporto ad aziende.",non_ai
NON_AI,"Blue Communication Consulting è un¿impresa operante dal 2004 nel mercato dei servizi della comunicazione d¿impresa, della pubblicità e della consulenza strategica di marketing.
Avvalendosi dell¿opportunità offerta dal MISE, Blue intende avviare un piano di rilancio aziendale che si basa sui seguenti asset strategici fondamentali:
1.Riposizionamento di Blue in chiave di azienda di servizi di marketing evoluti, al fine di sfruttare al meglio le nuove opportunità legate allo sviluppo delle nuove tecnologie.
2.Aggiornamento dell¿hardware e dei software utilizzati, al fine di disporre degli strumenti necessari allo sviluppo di progetti attinenti le aree della creatività, della grafica, dei video e della realtà virtuale.
3.Restyling completo del sito web aziendale, in chiave di marketing, con l¿inserimento dei necessari moduli di contatto e di e-commerce per migliorare le performance relative allo sviluppo di traffico sul sito stesso, di qualificazione dei potenziali clienti e del tasso di conversione degli stessi in clienti acquisiti.
4.Partecipazione a corsi di formazione relativi ai nuovi trend del marketing digitale e della gestione media, che permettano un approfondimento e un aggiornamento delle competenze e del know how aziendale.",non_ai
NON_AI,"Personal shop fornisce un servizio di personal shopper in tutte le principali città della moda con l¿obiettivo di far guadagnare tempo e di evitare acquisti sbagliati. Offre una guida allo shopping più esclusivo attraverso professionisti esperti di moda che conoscono perfettamente la città in cui operano.
Con il suo investimento,Personal Shop, punta a modernizzare la sua organizzazione del lavoro attraverso servizi di consulenza specialistica (strategia per lancio e-commerce), alla formazione qualificata nel campo ICT del personale ed allo sviluppo di un¿App evolutiva.
Personal Shop adotterà una strategia digitale a supporto della sua App, in modo da contattare gli influencer ed il settore shopping ed e-commerce. La formazione avrà lo scopo di istruire il personale sulle tematiche SEO per indicizzare il portale a livello internazionale.
Infine, sarà sviluppata un¿App che adotterà un avatar che consentirà agli utenti di misurare i capi d¿abbigliamento utilizzando la realtà aumentata.",non_ai
NON_AI,"La ditta opera nel settore del giardinaggio, specializzandosi negli anni, in particolare,  nella realizzazione di impianti manufatti per esterno come piscine, fontane, verande e giardini d¿inverno.
In una prospettiva di sviluppo, di recente è stato creato un brand  più specifico per identificarci in modo più mirato come gli specialisti delle piscine. Abbiamo investito nella qualità, certificandoci con ISO- 9001 mettendo appunto i migliori protocolli di gestione e iniziando ad utilizzare come strumenti di marketing i social network, rinnovando il sito internet e creando uno specifico per il nuovo brand. Ora, per dare un input decisivo al miglioramento dell¿efficienza aziendale ci doteremo di strumenti tecnologici adeguati: l¿acquisto di un CRM ci permetterà di controllare la clientela dal marketing alla gestione post vendita. Occupandoci di prodotti estetici come piscine, fontane, verande, presentazioni con fotorealismo ad alto livello e di realtà aumentata rappresentano per noi una meta obbligata. Riprese aeree con un drone 4K permetteranno di coronare il massimo delle attese del cliente, che vedrà in anteprima in maniera quasi realistica il risultato finale. Questa evoluzione consentirà una qualificazione ottimale del settore merceologico del mondo all¿aperto.",non_ai
NON_AI,"Il progetto di digitalizzazione dei processi di marketing permetterà un miglioramento della comunicazione e della user-experience del cliente nel momento in cui si rivolgerà e/o si interesserà ai prodotti dell¿azienda e di come fare per acquistare. Ottimizzando i processi di marketing attraverso l¿utilizzo di strumenti tecnologici come landing page, chatbot, storytelling  e movietelling, tutti strumenti mobile first, si riuscirà a creare una comunicazione più coinvolgente e immediata di facile fruizione per clienti esigenti e nuove generazioni. Il cliente interessato potrà poi decidere di comprare rivolgendosi in negozio utilizzando la promozione creata per l¿occasione oppure acquistare sul web attraverso una piattaforma e-commerce direttamente collegata al gestionale aziendale. Il progetto intende quindi migliorare l¿efficienza dei processi di comunicazione anche attraverso strumenti di marketing automation e sviluppare la piattaforma e-commerce per la vendita online.",non_ai
NON_AI,"La DIPIETRO GROUP s.r.l. si occupa di: progettazione, costruzione ed installazione di sistemi per analisi di processo, analisi ambientale e sistemi di automazione industriale, manutenzione ed assistenza tecnica di sistemi per analisi di processo, analisi ambientale, laboratori chimici e sistemi di automazione industriale, manutenzione preventiva e predittiva ed assistenza tecnica su macchine rotanti, commercializzazione di strumentazione industriale e di laboratorio.
Per far fronte alle necessità dei clienti l¿azienda mira alla continua ricerca di innovazione sia dal punto di vista tecnico che strutturale. La partecipazione al presente progetto consentirà l'acquisto di attrezzatura finalizzata all¿ottimizzazione digitale dei processi nonché al miglioramento dell'efficienza aziendale. In tal senso l'azienda intende potenziare la propria struttura con l'acquisto di: hardware con elevate prestazioni complete di unità UPS, monitor ad alta risoluzione, PC portatili, nonché licenza AUTOCAD. Inoltre l¿azienda dedicherà parte delle risorse finanziarie alla creazione di un nuovo sito web bilingue professionale e dinamico che conferisca il rafforzamento della brand identity dell¿azienda.",non_ai
NON_AI,"L¿attuale panorama digitale impone alle imprese che vogliono sopravvivere nel mercato concorrenziale di effettuare importanti cambiamenti volti alla solidificazione dell¿attività. Attrezzature intelligenti, diagnosi predittiva e software in grado di apprendere e agire in maniera autonoma. Sono alcune delle innovazioni a cui i meccatronici guardano con attenzione per comprenderne il potenziale e non finire rottamati. Il business nel campo dell¿automotive e dell¿aftermarket nei prossimi anni è una partita che si gioca tutta sul terreno dell¿innovazione tecnologica.  E riuscire a tenere il passo con i progressi nel campo dell¿intelligenza artificiale e dell¿analisi dei big data diventa una priorità per chi vuole continuare a rimanere competitivo. L¿Officina R.V.I., ancorandosi a queste premesse vuole investire in diagnosi predittiva, telediagnosi e software in grado di monitorare i veicoli da remoto, anticipando così il momento in cui un ricambio arriva a fine ciclo o è a rischio guasto, in modo da accrescere il proprio portafoglio clienti. Offrendo servizi sempre più mirati, di qualità e capaci di far risparmiare gli automobilisti. L¿Officina R.V.I vuole investire su formazione, innovazione e in un nuovo modello di business in modo da poter affrontare le sfide che la attendono.",non_ai
NON_AI,"Grazie a questo finanziamento, l¿obiettivo che intende perseguire DeepCyber riguarda il miglioramento dei processi aziendali e la modernizzazione dell¿organizzazione del lavoro per l¿erogazione di nuovi servizi di Cyber Threat Intelligence e l¿implementazione della qualità di quelli già esistenti.
Il Progetto di digitalizzazione consiste nella creazione di un laboratorio dedicato, all¿interno del quale installare tecnologie innovative di Cyber Threat Intelligence per sperimentare nuovi servizi. Tale soluzione porterà sia un incremento dell¿efficienza dei processi aziendali interni, sia un miglioramento delle attività volte alla ricerca e sviluppo (studio dei temi innovativi quali bitcoin e machine learning). 
Inoltre il laboratorio fornirà a DeepCyber la possibilità di usufruire di una struttura centralizzata, che potrà essere utilizzata per la gestione della documentazione amministrativa e progettuale. Si potranno in tal modo ridurre i rischi di perdita dei dati e aumentare l¿efficienza dei processi aziendali. 
Pertanto l¿investimento, come ipotizzato, dovrebbe comprendere sia componenti di tipo hardware, sia software opensource. Il tutto verrà supportato da servizi professionali volti all¿implementazione della rete IT e dell¿infrastruttura del Laboratorio di Innovation Lab.",non_ai
NON_AI,"Questo progetto è indirizzato alla realizzazione di una piattaforma di realtà aumentata rivolta ad impianti industriali.
Per la realizzazione di queste applicazioni è necessario l'utilizzo di un PC desktop per la creazione dell'applicazione mediante l'utilizzo di Vijeo. Dopo la creazione tramite l'utilizzo di fotografie dell'impianto realizzate mediante l'utilizzo di un tablet o uno smartphone su cui è installata un'applicazione che colloquia con il programma installato sul PC sarà possibile inquadrando l'impianto vedere evidenziati in tempo reale i punti con i guasti, i punti che necessitano di manutenzione o altre segnalazioni di allarme.",non_ai
NON_AI,"L’idea progettuale che si vuole sperimentare con il presente studio di fattibilità, è quella di aggiungere ad una piattaforma ICT sviluppate e in utilizzo per la gestione e la raccolta porta a porta dei rifiuti, due componenti innovative: la prima come orchestratore dei servizi e la seconda per permettere agli operatori di lavorare in sicurezza utilizzando specifici indossabili.
La prima componente utilizzerà modelli matematici basati sui dati di statistici ottenuti dall’erogazione del servizio e, grazie anche all’utilizzo di metodi euristici, suggerire azioni finalizzate alla ottimizzazione delle risorse in campo, al miglioramento della qualità del servizio offerto ai cittadini a rendere il servizio il più possibile sostenibile.
La seconda componente, riguarda invece, la possibilità di dotare gli operatori di un’idonea tecnologia indossabile che, anche grazie a sistemi di realtà aumentata, possano far operare in assoluta sicurezza lasciando entrambe le mani libere per le normali operazioni di intervento (Pulizia, svuotamento, ecc).",non_ai
NON_AI,"La società Universe Time laps nasce dallo sviluppo del¿associazione Age of future, l¿ associazione che nasce ed opera da diversi anni nell'ambito artistico tecnologico- punto di unione fra arte, storia, tecnologia e modernità.
La società neonata vuole portare  sevizi d¿innovazione legata alla comunicazione sociale, umanizzazione della tecnologia - tecnologia come ampliamento della sfera sociale con una forte presenza on line .
La richiesta del voucher digitale è destinata al progetto specifico di Intelligenza artificiale con il robot Blue che diventerà il comunicatore fra robot e uomo, cioè il robot sociale ¿Completo¿ e quindi l¿applicazione  al campo economico commerciale punto di congiunzione fra uomo e robot.  Il progetto permetterà di  sviluppare  il software del robot e fornire servizi utili ai vari settori di riferimento oltre a una formazione aggiornata per programmatori e utenti finali e strumenti  per un sistema di promozione on line delle iniziative e dello sviluppo del progetto",ai
NON_AI,"Acquisto di software ed hardware per la modellazione avanzata 3D ad implementazione delle dotazioni aziendali per lo sviluppo ed il potenziamento di soluzioni di virtualizzazione dei processi di sviluppo prodotto.
I sistemi andranno ad affiancare e potenziare, introducendo un nuovo metodo di lavoro, le dotazioni presenti per la scansione 3D e la prototipazione additiva.
In particolare si andranno ad acquistare software ed il necessario hardware per la modellazione libera ""digital sculpting"" e per la conseguente generazione di ambienti e prodotti virtuali, anche con ""realtà aumentata"" da inserire nel ciclo di sviluppo prodotto.",non_ai
NON_AI,"L¿Altro Alimento a Ostia Lido nasce nel 2010, quando il litorale capitolino era ancora privo di punti vendita specializzati nella vendita di prodotti senza glutine. Sono stati aggiunti successivamente alimenti  biologici, raw, cibi per vegani, per diabetici, intolleranti, prodotti a km 0 oltre alla cosmesi naturale e ai prodotti per la detergenza della casa a basso impatto ambientale. Nel corso degli anni, al logo L¿Altro Alimento se n¿è affiancato un altro: BioPossibile per offrire cibo biologico certificato ad un prezzo accessibile. Il progetto nasce dalla volontà di avviare la  commercializzazione dei prodotti in rete attraverso la realizzazione di un sito aziendale bilingue in modalità e-commerce, l¿attivazione delle piattaforme di automazione per lo sviluppo delle attività di e-mail marketing, sms marketing, couponing, etc. che serviranno per l¿acquisizione e la gestione del cliente e l¿attivazione di un canale di Facebook con integrazione del sistema di ChatBot per la Customer Care e la possibilità di acquisto direttamente dal social. La realizzazione del progetto consentirà di fornire un servizio aggiuntivo agli utenti grazie all¿apertura di un canale di vendita online, In italia e all¿estero",ai
NON_AI,"L¿azienda, si occupa, dal 2006, della commercializzazione di prodotti informatici, affermandosi sul mercato Catanese nell¿offerta di prodotti del ¿Gaming¿.
Il piano di sviluppo dell¿azienda prevede la possibilità di poter far testare ¿inhouse¿ i giochi di uscita imminente, al fine di incentivarne la vendita. A tal proposito il titolare, Milazzo Dario, ha progettato all¿interno del pv destinata all¿installazione di postazioni di gioco interattive in 3D con il proposito di stimolare i potenziali clienti, una volta testati i prodotti, all¿acquisto degli stessi e delle relative strumentazioni, in vendita presso l¿azienda. 
A tal fine, è necessario realizzare una rete aziendale al fine di gestire correttamente le postazioni, non solo attraverso le ultimissime console playing, ma anche attraverso l¿interfaccia con dei personal computer, specificatamente dedicati.  
Dette postazioni saranno fruibili in configurazione 3D, con il supporto di monitor da parete. Oltre alla possibilità di giocare in realtà aumentata e 3D,la ditta ha deciso di acquistare un emulatore che permetta l¿adattamento dei giochi concepiti negli anni ¿80 e ¿90 del secolo passato, al contesto tecnologico attuale.",non_ai
NON_AI,"I servizi riabilitativi in generale e soprattutto quelli relativi alle malattie neuro-degenerative hanno bassa disponibilità e lunghi tempi di accesso. L¿indisponibilità di una rete capillare di centri e l¿impossibilità di fruire in autonomia del training riducono la frequenza di utilizzo dei servizi e di conseguenza i possibili miglioramenti clinici. La soluzione è implementare servizi innovativi e scalabili di tele-riabilitazione basate su soluzioni di videoconferenza, Web 2.0 e/o attraverso Realtà Virtuale. Swing:It ha già prodotto una piattaforma di training cognitivo basata su tutti questi elementi ma, necessita ancora di implementare una adeguata piattaforma Web di e-commerce rivolta a due distinte tipologie di utenti:
- pazienti e caregiver (B2C, abbonamenti/licenze user);
- professionisti e centri di riabilitazione (B2B, abbonamenti/licenze pro multiple).
La piattaforma Web integrerà funzionalità relative a: gestione pazienti/centri e account, assegnazione pazienti a centri, pagamenti, acquisto abbonamenti, acquisto licenze su pacchetti software (user o pro), assegnazione licenze pro a pazienti, trasferimento permessi ai dispositivi della piattaforma di riabilitazione, monitoraggio/visualizzazione dello stato dei protocolli riabilitativi dei pazienti e visite periodiche.",non_ai
NON_AI,"GMI srl si occupa dello sviluppo di software ed impianti per il mondo della moda, in particolare software di comando per macchine da ricamo e ponti laser. 
Attraverso questo progetto mira a migliorare la competitività aziendale attraverso l¿efficientamento del reparto ricerca, sviluppo e progettazione. Gli investimenti saranno relativi ad hardware finalizzato all¿aumento delle prestazioni di calcolo sia per quanto riguarda la programmazione che per quanto concerne la progettazione 3D. In particolare verranno acquisiti:
- 9 pc portatili e fissi con relativi accessori e schermi primari e secondari;
- uno spettrofotometro per  l¿implementazione di soluzioni nell¿ambito della stampa digitale in combinazione con le altre attività aziendali;
- un NAS ed un gruppo di continuità per il backup di quanto sviluppato;
- un kit per la visualizzazione 3D in realtà virtuale per il miglioramento della progettazione degli impianti;
- una licenza software Visual Studio per l¿efficientamento della progettazione;
- una stampante per etichette per la tracciatura degli ordini interni;
- una consulenza per l¿efficientamento del sistema produttivo di reparto.",non_ai
NON_AI,"L¿acquisto di beni strumentali hardware e software (e relativa formazione) permette di acquisire capacità e competenze in grado di rendere più efficiente il processo di progettazione sia architettonico che impiantistico, garantendo il raggiungimento di standard di qualità e tempi di esecuzione sempre più stringenti. Soprattutto il mercato internazionale, al gruppo di progettazione richiede capacità professionali, un¿organizzazione del lavoro e degli strumenti di progettazione avanzatissimi che permettano di rendere più efficiente e competitivo il processo.
La combinazione di strumenti di calcolo, software specialistici, apparati di campo e apparecchiature per la gestione interattiva del progetto, permette di rendere più rapida ed efficace sia la fase di rilievo sul campo, sia la fase progettuale ottimizzando calcoli e restituzione grafica/documentale.
La possibilità di utilizzare la realtà virtuale aumentata e immersiva (AR/VR) permetterà di ottimizzare la fase di valutazione del progetto e, integrata con la tecnologia BIM, sarà semplificata la verifica delle interferenze tra impianti e modello architettonico. L¿integrazione con la strumentazione di campo permette anche di integrare le caratteristiche ambientali del progetto, migliorandone l¿efficienza energetica e ambientale.",non_ai
NON_AI,"La L.U.D.I.S. srl si occupa di ricerca educativa e didattica in ambito scientifico. Lo scopo delle attività della Ludis è quello formativo ed è rivolto agli studenti e ai docenti delle scuole di ogni livello e grado. Il personale Ludis è altamente specializzato (dottori di ricerca in scienze chimiche) e per questo altamente richiesto come complemento dell'offerta formativa. Le attività di intervento didattico e formativo proposte nel progetto riguardano vari argomenti disciplinari (dalla Chimica alla Biologia) attraverso lezioni/spettacolo ricche di esperimenti e azioni interattive come presentazioni, video, realtà virtuale e aumentata. Si prevede la presenza di più di duemila partecipanti e la pubblicazione dei risultati delle attività sulle principali riviste di settore.Le moderne tecnologie digitali e metodologie didattiche previste nel progetto contribuiscono al raggiungimento degli obiettivi comunitari per una crescita intelligente; la Ludis rappresenta la perfetta commistione tra accademia e impresa con una missione rivolta alle scuole di ogni grado e livello che si sviluppa per mezzo di una didattica informale, affascinante ed emozionale ma fondata su profonde competenze disciplinari.",non_ai
NON_AI,"In progetto consiste nell'acquisto di nuovi Hardware che rendano l'impresa in grado di sviluppare attività di editing video in HDR ed in realtà virtuale in modo da poter offrire alla clientela prodotti innovativi e di qualità superiore rispetto a quelli proposti attualmente dai concorrenti.
Ciò avverrà in particolare con l'acquisto di una nuova workstation in grado di supportare la scheda grafica Radeon Pro Vega, dispositivo che, attraverso la visualizzazione in tempo reale ed il rendering su base fisica, è in grado di fornire le prestazioni richieste dai software grafici di ultimissima generazione.",non_ai
NON_AI,"Nella conduzione di una barca a vela durante le regate o la navigazione si possono utilizzare tecnlogie innovative che ne garantiscono una maggiore siurezza e prestazionalità.
Si vogliono acquistare ""occhiali a realtà aumentata"" da collegare ad una nuova centralina elettronica di controllo dei sensori e del sistema di navigazione (sempre da acquistare), permetteranno di visualizzare in real time sulle lenti tutte le informazioni richieste, permettendo l'innalzamento del livello di sicurezza durante la navigazione e l'aumento delle performance sportive nelle competizioni..",ai
NON_AI,"La piattaforma introduce un approccio aziendale basato sul dynamic planning: attraverso lo studio dei dati di performance verranno migliorati i risultati della customer experience. Implementazione della strategia multicanale lavorando sul modello di attribuzione con  assegnazione  a ciascun canale del suo impatto reale nei percorsi degli utenti; in esse  venrranno integrate varie attività di marketing e vendita, gestendo l'ottimizzazione dei singoli risultati. Grazie alla marketing automation, verranno create campagne che includono touchpoint come direct email marketing, SMS e social, integrabili con piattaforme di data management.Implementazione della misurazione dei comportamenti degli utenti, dei clienti e dei prospect. 
Creazione di strategie social data driven realmente rilevanti, costruite intorno a ciò che rende uniche le diverse tipologie di business. Si introdurrà un modello guidato dai dati, che implica risorse per il coinvolge direttamente gli utenti, con usability test e survey online.Implementazione di software basato sull¿Intelligenza creando opportunità di crescita generate da queste tecnologie e nella loro utilità per le persone.Le interfacce conversazionali, o chatbot, permetteranno l¿apertura di nuovi scenari rendendo più umana la tecnologia.",ai
NON_AI,"Nell¿ambito della comunicazione digitale stanno prendendo spazio strumenti di conversazione automatica quali BOT e Virtual Assistant.La differenza tra i due è data dalla presenza,nel secondo,di un avatar 3D.In questo senso Jumble ha ricevuto molte richieste di sviluppare in Unity(la tecnologia in cui è esperta)diversi avatar 3D per sviluppare motori conversazionali.Questa attività di integrazione con motori di terze parti è abbastanza onerosa e ripetitiva se non si è dotati degli strumenti adatti.Jumble è quindi interessata a dotarsi di una piattaforma per la costruzione di dialoghi automatici(un motore conversazionale)che abbia tutte le caratteristiche di protocolli e sistemi per collegarsi semplicemente a Unity in primis,ma anche ad altri motori di grafica 3D, automatizzando così alcuni processi interni per la creazione di prodotti e servizi basati su Virtual Assistant.La piattaforma scelta per l¿integrazione è EVA(Enterprise Virtual Assistant)di Occambee Srl che può essere acquisita tramite licenza unlimited.EVA è una piattaforma matura(attualmente gestisce oltre 20 milioni di utenti)già collaudata per integrazioni analoghe alle esigenze di Jumble intende inoltre acquistare un corso di formazione di 2 giornate per l¿apprendimento all¿utilizzo del prodotto.",ai
NON_AI,"Sun & Sand Sardinia Srl è una società di recente costituzione che intende inserirsi nel mercato dei servizi turistici e culturali. Per fare questo si avvale delle competenze e della professionalità dei suoi soci, 5 dei quali con pregresse esperienze nel settore della consulenza e della formazione in ambito turistico, culturale e nel dominio della mobilità europea. Al fine di poter correttamente avviare l¿attività sarà integrato un portale e-commerce mediante il quale configurare l¿offerta di servizi da acquistare, sorretto da un sistema di gestione delle transazioni che garantisca sia l¿acquirente che l¿azienda. Lo stesso sarà interfacciato con i software gestionali dell¿azienda, riducento in tal modo i costi e semplicando il back-office. Sarà inoltre realizzato un chatbot mediante il quale ridurre l¿intervento da parte del personale e garantire una risposta immediata ai quesiti più  semplici. Sarà inoltre acquistato l¿hardware necessario a consentire la gestione dei processi (postazioni pc + stampante scanner) ed, infine, si realizzeranno gli investimenti necessari all¿accesso alla banda ultralarga.",non_ai
NON_AI,"La workstation progettata è un Apple iMac Pro. L¿hardware montato su tale macchina consente compiti solitamente molto gravosi ed impegnativi quali la renderizzazione, la realizzazione di immagini in movimento, costruzione di realtà virtuale, con notevole risparmio sui tempi di produzione. Twinmotion 2018 è un software di visualizzazione e immersione 3D dedicato all¿architettura, alla pianificazione urbana e paesaggistica. E¿ stato sviluppato per i professionisti di architettura, costruzioni, urbanistica e paesaggistica, indipendentemente dalla dimensione e dalla complessità del progetto, dalle loro attrezzature, dalle loro competenze informatiche o dal loro modello.",non_ai
NON_AI,"Il primo intervento riguarda lo sviluppo di software personalizzato per l'integrazione dell'e-commerce con i marketplace delle principali piattaforme online al fine di preservare e sviluppare la quota di mercato.
Al fine di competere con i colossi nel web, è necessario lo sviluppo di sofware per l'integrazione informatica con i corrieri in modo da eliminare ogni bollettazione manuale. I dati di spedizione degli ordini online saranno validati e trasmessi ai sistemi informativi dei corrieri che restituiranno direttamente la lettera di vettura definitiva con riduzione dei tempi di lavorazione e dei margini di errore.
Questo implica l'acquisto di hardware per l'estensione della copertura wifi in magazzino e la dotazione del personale con lettori barcode PDA avanzati per la preparazione e la validazione degli ordini, nonchè di router dedicato e stampanti termiche per etichette.
Altro intervento è l'incremento della funzionalità e sicurezza della rete aziendale attraverso l'acquisto di firewall, router, access-point. E' previsto anche il passaggio alla telefonia VOIP con un un gateway per la gestione di un centralino in cloud con risponditore automatico per una migliore assistenza telefonica alla clientela.
Adozione servizio chat con risposte automatiche per lo store online (chatbot).",non_ai
NON_AI,"Allo stato attuale, l'impresa deve ricorrere a società/consulenti esterni al fine di sviluppare applicativi 3D in ambiente di realtà virtuale.
Attraverso il presente progetto Humarker srl intende sopperire a questa situazione dotandosi dunque, da una parte, dell'infrastruttura hardware e software necessaria e, dall'altra, delle conoscenze operative per poter sviluppare internamente tale tipologia di prodotti, con evidenti ricadute in termini di miglioramento dell'efficienza aziendale e della competitività sul mercato.
Il progetto dunque si svilupperà in due fasi, tra loro interconnesse: 
1. acquisizione di una consulenza specialistica finalizzata all'individuazione dell'infrastruttura hardware/software ottimale di cui Humarker si dovrà dotare (HW/SW selection);
2. acquisizione consulenza per apprendere le conoscenze necessarie a sviluppare internamente applicativi mobile in ambiente di realtà con l'utilizzo di modelli tridimensionali.
Il progetto dunque consentirà a Humarker srl di aumentare la propria competitività sul mercato, potendo gestire internamente e customizzare gli applicativi richiesti dai clienti.",non_ai
NON_AI,"Il progetto consiste nell'applicazione di nuove tecnologie per aumentare, migliorare e incentivare i processi creativi in ambito culturale e per favorire e facilitare il processo di design collaborativo tra professionisti con background diversi, sia in ambito culturale che tecnologico, per garantire una migliore fruizione del patrimonio artistico mediante gamification e urban orienteering. Obiettivo di questo connubio è lo sviluppo e l'up-take delle nuove tecnologie informatiche dell'azienda, mediante una nuova piattaforma web (app e tecnologie 3D, realtà virtuale) per favorire l'originalità della fruizione del prodotto culturale in esito, associato alla piacevolezza e soddisfazione finale dell'utente, anche in ottica di accessibilità, così da migliorare la competitività dell'azienda e dell'offerta culturale stessa.",non_ai
NON_AI,"Il progetto prevede la realizzazione di un software per la visualizzazione in 3D dei progetti architettonici.
L¿esperienza interattiva del cliente all¿interno del suo ambiente finito può far diminuire drasticamente il tempo che intercorre tra la prima presentazione del progetto e l¿effettiva partenza del cantiere: semplificando la comprensione di alcune scelte progettuali, spesso di difficile comprensione nei tradizionali elaborati tecnici, attraverso l¿esperienza di Realtà Virtuale interattiva, diminuiranno, di conseguenza, dubbi e ripensamenti, spesso causa di rallentamenti e contrasti. Inoltre può far comprendere al cliente il valore del proprio investimento, coinvolgendolo in prima persona nella progettazione degli spazi e dando la possibilità di contribuire al progetto permettendogli di sperimentare virtualmente diverse soluzioni di arredi e finiture. 
Per investire in questa rivoluzionaria fase di lavoro l¿impresa ha bisogno di acquistare tecnologia ad alta definizione tra cui un computer che supporti i programmi, il software progettuale tipo eyecad vr il set di visori con accessori per il movimento al suo interno tipo oculus, un drone che permetta di ottenere foto a 360° con tutte le prospettive.",ai
NON_AI,"Data l'esigenza di aprire la rete di servizi imprenditoriali verso le tematiche ¿Industry 4.0¿, risultano per me imprescindibili la formazione e la consulenza circa tutto ciò che comprende la serie di tecniche, processi e strumenti che, trasformando i dati in informazioni, offrono un valido supporto all¿attività dei decision maker. Grazie allo sviluppo di conoscenze e competenze dedicate a tal settore, si cercherà di apprendere, per poi trasferire in soluzioni pratiche per i clienti, tutto ciò che attiene la trasformazione e l¿integrazione dei dati disorganizzati provenienti dalla moltitudine di software in uso in azienda, nonché l¿implementazione e l¿adozione di data warehouse e di software dedicati alla data visualization.  Nell'era dei big data, agli albori della data driven economy, risulta determinante ricoprire le vesti di una figura professionale sempre più in grado di analizzare, gestire, elaborare e comunicare i dati, una sorta di ""scienziato dei dati"" -data scientist- che, con solide competenze in informatica, statistica ed economia, sia in grado di far fronte alla sempre crescente complessità dei dati. Nella formazione si tratteranno i seguenti argomenti: Business Intelligence, Data Revolution & Big Data, Data Mining, Machine Learning e Social Media Monitoring.",ai
NON_AI,"L¿agenzia di comunicazione è un ambiente dove capacità creative e intellettuali, pensieri filosofici ed umanistici e disponibilità tecnologica aggiornatissima si fondono e si completano per generare l¿output desiderato dal cliente.
Le risorse che lavorano all'intenro di una realtà del genere sono chiamati a dover sviluppare progetti e strategie e costruire un concetto creativo e trasferibile all¿utenza. Per fare ciò, nell¿epoca dei big data e della realtà aumentata, è necessario avere a disposizione gli strumenti giusti e dal potenziale corretto.
Ecco perché è utile avere a disposizione nuovi computer. E¿ impossibile restare in linea con le richieste sempre più di tendenza del mercato con hardware e software obsoleti. Inoltre, è necessario avere un sistema valido di condivisione e di archiviazione dei file a lunga durata.
Una serie di terminali con lo stesso sistema operativo e adatti allo sviluppo delle arti grafiche, visive e sensoriali deve avere il supporto di sistemi di archiviazione di massa.
Nuove tecnologie non hanno un effetto positivo solo sull¿azienda ma anche e soprattutto sulla risorsa che vi lavora all¿interno e proroga i suoi sforzi per essere produttivo.",non_ai
NON_AI,"Adapt Servizi s.r.l. svolgerà per Catchy attività di collaborazione nei progetti ¿data driven¿ dell¿Azienda, con riferimento agli aspetti di analisi e commento finalizzati alla messa a punto dei processi di automatizzazione dei diversi task. Nell¿ambito di tali attività verrà prestata una consulenza mirata per l¿upgrade delle funzionalità operative, con studio di fattibilità relativa all¿automatizzazione di dispositivi di fact checking e fake news detection nonché addestramento manuale degli algoritmi. Verranno svolte regolari attività di data strategy e research, a livello sperimentale, alle quali seguiranno attività di data communication. Ulteriore obiettivo per Catchy è quello di far frequentare corsi di formazione inerenti lo studio e l¿implementazione dell¿Intelligenza Artificiale e dei sistemi di Blockchain ai propri dipendenti. In tal modo sarà possibile acquisire competenze per l'implementazione di Big Data Analytics e tool di Machine Learning con applicazioni pratica delle tecniche di analisi e di estrazione delle informazioni, conoscenza approfondita delle tecnologie digitali per i processi produttivi, l¿attitudine al team working e al design thinking, conoscenza approfondita dell'IoT e dei nuovi modelli di Blockchain (cryptocurrency, Internet of Value ecc).",ai
NON_AI,"ORWELL S.r.l. ha per oggetto lo sviluppo, la produzione e la commercializzazione di prodotti e servizi innovativi ad alto valore tecnologico, e più specificamente applicativi di Realtà Virtuale e Mixed Reality realizzati attraverso lo sviluppo e la produzione di software e simulazioni 3D avanzate in termini di user experience. Negli anni l¿azienda, oltre a strutturare il proprio catalogo prodotti nel segmento Computer Graphics (CG), si è specializzata nella Realtà Virtuale (VR), intuendo le enormi possibilità di crescita di questo settore: la realtà virtuale si sta infatti imponendo come settore a più rapida crescita nei prossimi anni.
Il presente progetto si inserisce nel piano investimenti aziendale; in particolare, sono 3 gli obiettivi del framework VR: modernizzare i dispositivi HW, migliorare il sistema di scambio dati e aggiornare i pacchetti SW per facilitare la produzione di asset 3D. 
Il piano acquisti prevede:
1. Un un nuovo sistema infrastrutturale per archiviazione veloce e condivisione dati che sincronizzi velocemente i file di progetto VR (di grandi dimensioni e residenti su più computer)
2. Hardware aggiornato per VR (nuova generazione di visori, schede video VR ready ed accessori)
3. Software di produzione di Asset 3D avanzati (con tools e funzionalità aggregate)",non_ai
NON_AI,"Il progetto mira al consolidamento della startup innovativa che ha già fra i suoi prodotti il sistema PhaseMES, un sistema MES (manufacturing execution system) di gestione e controllo dei sistemi di produzione in grado di migliorare l#-#efficienza produttiva delle aziende manifatturiere. Gli obiettivi del progetto riguardano il miglioramento di alcune parti del sistema dal punto di vista hardware fra cui la scheda di acquisizione dati per la raccolta informazioni, software per l#-#interfacciamento con sistemi di controllo proprietari per ottenere un#-#integrazione indipendente dal sistema e l#-#uso di nuove tecnologie in contesto produttivo quali i dispositivi di localizzazione a corto raggio  e la realtà aumentata. L#-#obiettivo di miglioramento include anche attività di business relative allo sviluppo, pianificazione del marketing con un efficace e efficiente piano.",non_ai
NON_AI,"Mediante l¿acquisizione di nuove licenze per software di office automation, la formazione del personale per un suo utilizzo avanzato,  l¿acquisto di una stampante multifunzione e di un NAS per l'archiviazione dei dati si tende a migliorare l¿efficienza aziendale.
L'acquisto di un computer portatile per supportare il telelavoro di un dipendente consentirà di modernizzare l'organizzazione del lavoro.
Infine l¿acquisizione di device di realtà virtuale ed aumentata, nonché di una workstation grafica da dedicare a questo scopo, potenzieranno il workflow di progettazione mediante  metodologie innovative di visual communication proprie dell¿Industria 4.0.",non_ai
NON_AI,"L¿attività svolta da Spherae Srl consiste nella ricostruzione di siti storici della Roma antica tramite realtà virtuale.La fruizione del servizio avviene mediante due dispositivi:il dispositivo Regia,che funge da telecomando,gestendo i contenuti e i dispositivi Cliente,atti alla ricezione,che permettono agli utenti di godere della visualizzazione.I clienti vivono un'esperienza immersiva con l'uso di visori Samsung Oculus che permettono la visione a 360°.Il nuovo progetto prevede lo sviluppo di nuove entità video che si integrino con le attuali,migliorando l'offerta di Spherae al fine di rendere più efficiente la distribuzione della clientela.Gli interventi preventivati miglioreranno l'organizzazione dell'erogazione dei servizi,con conseguente migliore gestione dell'intero processo aziendale.Altro intervento riguarda il miglioramento strutturale delle prestazioni dei dispositivi utilizzati durante i tour,i quali ad oggi subiscono interruzioni di riproduzione a causa di problematiche native degli smartphone;l'intervento prevede migliorie a livello software che garantiscano l'erogazione di un servizio continuativo.L'acquisto da parte di Spherae dei codici sorgente,agevolerà e efficienterà futuri intervento di manutenzione dello strumento App Spherae Virtual Tour attualmente in uso",non_ai
NON_AI,"Il progetto si basa sull¿analisi del processo lavorativo, dalla cantierizzazione di un immobile arrivando al rapporto con il cliente finale.  Il processo lavorativo fin ora utilizzato, era basato su metodi e attività di controllo che lasciavano spazio ad un elevato margine di criticità, sia da un punto di vista progettuale che di utilizzo di materiali poco idonei; quindi attraverso l¿uso di idonei strumenti capaci di tener sotto controllo il progetto ed i materiali utilizzati, si otterrà un miglioramento dell¿efficienza aziendale e un ammodernamento dell¿organizzazione del lavoro. Le fasi della cantierizzazione saranno tenute sotto controllo attraverso attrezzature laser, saranno individuate condotte e tubazioni attraverso rilevatori non distruttivi, saranno analizzate le caratteristiche dei materiali quali umidità relativa e trasmittanza termica per un corretto utilizzo e posa e per verificare la corrispondenza col progetto. Le fasi finali, caratterizzate dal rapporto con il cliente, saranno basate sull¿utilizzo di nuove tecnologie; la realtà virtuale (VR) mostrerà il progetto in ogni sua fase, rendendo immediatamente visibili le modifiche. Ciò sarà possibile attraverso hardware e software dotati di tecnologia VR, sia in ufficio che in cantiere.",non_ai
NON_AI,"Sviluppo con l'utilizzo di programmi BIM realtà aumentata sui progetti in corso attraverso l'acquisto di HW dedicato, oltre al cambio dei PC e tablet obsoleti.",non_ai
NON_AI,"Nell¿ambito della modernizzazione dell¿organizzazione del lavoro la IA.ING srl, società di ingegneria con sede a Lecce e con unità locali operative in Bologna e Cagliari, vorrebbe promuovere l¿attività di telelavoro per alcuni dei suoi dipendenti e ottimizzare la collaborazione tra dipendenti nelle varie sedi. L¿idea di attivare la modalità di lavoro a distanza è nata sia per la volontà di assecondare gli indirizzi che a livello nazionale ed europeo vanno delineandosi, sia per cercare di agevolare il più possibile esigenze particolarmente importanti di alcuni dipendenti soprattutto mamme. Non si può avviare un progetto di telelavoro senza prima dotarsi di strumenti tecnologici in grado di soddisfare, anche da remoto, le esigenze lavorative dei dipendenti quali: l¿accesso diretto al server aziendale, l¿utilizzo di software BIM e progettazione da installare sulle workstation oggetto di questa richiesta; il progetto va completato con acquisizione di SW e Corsi di addestramento.L¿idea del progetto ¿Io lavoro da casa¿ è quella di fornire alle risorse della società un ambiente di sviluppo integrato attraverso il quale abbattere la necessità della presenza continuativa in sede.",ai
NON_AI,"Acquisto di HW e SW finalizzati a favorire la digitalizzazione dei processi aziendali. In particolare l¿intervento è finalizzato a migliorare l'efficienza aziendale attraverso l¿ottimizzazione dei processi di elaborazione dei dati, in termini di rapidità di ottenimento del risultato e velocità di disponibilità del dato, sia in fase di, offerta, ideazione, che di realizzazione dell¿opera da cantierare, Il progetto prevede l¿introduzione di software e hardware performanti. Nello specifico con il progetto di digitalizzazione la nostra azienda intende dotarsi di;
¿	un software per elaborazione dei calcoli per le strutture in acciaio e HW a supporto
¿	dispositivi hw e sw per la realizzazione di progetti in realtà aumentata
- servizi di consulenza specialistica per la realizzazione del sito web aziendale, volto a migliorare l'efficienza del processo delle richieste del cliente, mediante la realizzazione di una sezione per la gestione delle richieste di offerta e l'elaborazione dei preventivi on line.",non_ai
NON_AI,"weAR, una startup innovativa italiana, propone MARKO.tips, the Next Generation Manual, una mobile enterprise application platform (MEAP) concepita come SaaS, che consente alle aziende di creare manuali e istruzioni d¿uso interattivi fruibili grazie alla realtà aumentata, con l¿obiettivo di ottimizzare i propri processi industriali, condividere la conoscenza tra gli operatori e migliorare le attività di formazione e addestramento del personale. MARKO, grazie alla facilità d¿uso del tool di creazione, che non prevede skills specifici o conoscenza di linguaggi di programmazione, è stato adottato in Italia dal Gruppo ENEL ed è attualmente in prova in numerose utilities e imprese di manutenzione. L¿app è disponibile per smartphone e tablet, mentre nel 2018 sarà implementata la versione per occhiali intelligenti (smartglass). Nel 2018 partirà la FASE 2 di sviluppo di MARKO, che riguarderà investimenti per:
-	Sviluppare una versione del software compatibile per gli occhiali per realtà aumentata, in maniera da potenziare l¿efficienza aziendale delle imprese clienti.
-	Sviluppare un tool di e-commerce, che permetterà di vendere meglio il tool MARKO all¿estero, in modo particolare agevolando l¿adozione del software mediante pacchetti acquisibili in modalità add-on.",non_ai
NON_AI,"Realizzazione di un sito web con l'area di e-commerce b2b e b2c in modalità Dropshipping.  Si intende approcciare al mondo delle vendite on-line con una modalità operativa del tutto innovativa e per far ciò bisogna migliorare l'efficienza aziendale. L'acquisto di HW, SW per  e Servizi di consulenza in tal senso prevedono l'utilizzo di servizi e prodotti di Realtà Virtuale, e con la modernizzazione del lavoro si vogliono offrire prodotti e servizi h24 365gg anno. Fondamentale è la formazione avanzata in ambito ICT",non_ai
NON_AI,"Progetto di realizzazione di un sito e-commerce per la commercializzazione di un catalogo di complementi d'arredo Made in Italy, frutto delle esperienze di Perin Spa nel settore del mobile. Il Progetto si compone di 4 macro attività:
-Affiancamento di un consulente esperto in soluzioni di e-commerce, con lo scopo di approfondire tematiche di tipo:
a)Tecnico, relative alle soluzioni tecnologiche e dell'architettura del sito e-commerce
b)Promozionale, per la valutazione di aspetti dell'approccio al mercato, di strategia e tecniche di promozione digitale(SEO, SEM, Social Media)
-Realizzazione di un sito e-commerce basato sui più recenti standard tecnologici, con forte orientamento al marketing digitale, ottimizzato per dispositivi mobile e che consenta forme di pagamento in linea con le più recenti innovazioni del settore dei sistemi di pagamento.
-Arricchimento della piattaforma di e-commerce con un sistema evoluto di realtà virtuale e realtà aumentata che permetta al cliente di valutare preventivamente l'aspetto dei prodotti direttamente inseriti nel proprio ambiente casalingo.
-Acquisto di terminali hardware per la gestione delle attività, sia da postazioni fisse con utilizzo di personal computer fissi, sia da postazioni remote con l'utilizzo di PC portatili e smartphone.",non_ai
NON_AI,"Per migliorare l¿efficienza aziendale creiamo una ¿cassetta degli attrezzi¿ pratica ma  innovativa composta da:  

1)hardware KTS 590 blue tooth oscilloscopio di Diagnosi, Notebook Lenovo Essential V110, Workstation Lenovo TS T570, Monitors 27""Led Ips che migliorano diagnostica e gestione aziendale  

2)software ESI Tronic per accedere con rapidità a informazioni/conoscenze essenziali e aggiornate, applicarle correttamente e realizzare un intervento/riparazione di qualità con ottimizzazione tempi di lavoro  

3)SISTEMA BACKUP in remoto dei dati in ottica General Data Protection Regulation tramite NAS Synology 218J e Hard Disk Western Digital Red 2Tb 5400rpm

4)FORMAZIONE SOCIAL MEDIA MARKETING centrata su redazione e promozione contenuti di valore per blog e sito aziendale, lettura e interpretazione dati Google Analytics e Insights di Facebook al fine di migliorare e rendere efficace la comunicazione col cliente

5)CONSULENZA SPECIALISTICA su meccatronica, nuove tecnologie e strumenti, diagnosi, manutenzione e riparazione per ridurre discrezionalità ed errori, standardizzare processi lavorativi, aumentare funzionalità ed efficienza dell¿officina.

Gli ¿attrezzi¿ scelti ci permettono con piccoli accorgimenti di ri-qualificazione l¿officina introducendo la c.d. realtà aumentata.",non_ai
NON_AI,"Il progetto prevede l¿analisi e l¿implementazione di un servizio di chatbot, da rendere disponibile sul sito della nostra Azienda, al fine di garantire un supporto automatizzato, quindi senza l¿intervanto umano, nell¿ambito delle problematiche legate allo sviluppo di applicazioni mobile in ambiente IOS e Android.
La Piattaforma quindi sarà configurata sulla base di una serie di flussi di dialogo che permetteranno agli utenti di trovare risposte alle domande più comuni in questo ambito. A tal fine verranno utilizzati servizi in cloud per l¿analisi semantica del testo e l¿utilizzo del linguaggio naturale.
Inoltre il servizio di chatbot sarà garantito da una piattaforma in cloud di conversation che permetterà di avere un¿interazione tramite dialogo testuale.
Obiettivo di tale progetto sarà quello di fornire un servizio esclusivo a clienti e potenziali clienti e allo stesso tempo di migliorare l¿efficienza del lavoro.",ai
NON_AI,"Per ottimizzare il lavoro del dipartimento Multimediale, Grafico e Commerciale si progetta l'acquisto di 2 computer portatili, un tablet con tavoletta grafica, un tablet e 1 computer desktop con le specifiche tecniche per supportare le tipologie di lavori grafici/software con l¿aggiunta di un Incisore Laser per la prototipazione di nuovi materiali da inserire nei propri prodotti. I dispositivi aziendali esistenti sono Apple e le nuove acquisizioni potranno sincronizzarsi ed entrare in rete automaticamente, permettendo l¿allargamento delle potenzialità lavorative e produttive della stessa. L¿adozione di 1 stampante 3D per la produzione di modelli, gadget e prototipi da integrare nell¿offerta tecnologica basata su Qr Code e Realtà Aumentata dell¿azienda. La stampante 3d potrà anche produrre targhe in Braille da integrare nei servizi per disabili che l¿azienda fornisce nei suoi lavori per Musei digitali e Segnaletica Turistica Interattiva. Due schermi 4K per ottimizzare le soluzioni tecnologiche prodotte dall¿azienda mentre il dipendente lavora in trasferta e/o dal proprio domicilio. Corso di formazione e sviluppo della Realtà Aumentata per potenziare le conoscenze già utilizzate e perfezionare la tecnologia per il suo uso all¿interno dei prodotti/servizi già proposti dall¿azienda.",non_ai
NON_AI,"Bassano Lux è una ditta leader nella produzione e vendita di articoli per l'illuminazione, destinato principalmente al mercato estero contract. L¿azienda, per rimanere al passo con i tempi, ha deciso di creare un sito e-commerce, all¿interno del quale presentare i modelli di lampade ed articoli per l¿illuminazione ed i numerosi brand che l¿azienda tratta. Per far sentire la vicinanza ai propri clienti e per aumentare il proprio bacino di utenza, l¿azienda ha intenzione di investire sul web marketing, affidandosi ad un fornitore altamente specializzato nel settore che ha programmato un¿articolata campagna attraverso la creazione di LANDING PAGE, lo sviluppo di una chat bot, ossia una piattaforma software di intelligenza artificiale programmata per interagire con l¿utente in una modalità di tipo conversazionale, la pianificazione costante di una serie di post che permettano il ¿galleggiamento¿ nei più conosciuti Social Network e l¿invio di una serie di mail con cadenza settimanale e un pacchetto di SMS, basato sul sistema PAY per Click, pagando solo per i risultati ottenuti. Conclude il pacchetto una serie di Report costanti in grado di dare un feedback continuo .",ai
NON_AI,"Siamo un piccolo studio creativo: visualizziamo prodotti attraverso illustrazioni, foto, video, animazioni, etc.

Il progetto si ripropone di innovare ed incrementare la ns produzione, attualmente rivolta al mercato Italiano, allargandola a potenziali clienti Internazionali, attraverso lo sviluppo e l'uso di nuove soluzioni digitali per la realizzazione di contenuti, la loro presentazione e la loro promozione.

Attraverso l'acquisto di Hardware e Software dedicato ed attraverso la frequenza a corsi di formazione specifici nel mondo ICT, vorremmo creare un nuovo team di lavoro che sviluppi una solida competenza nel campo della Realtà Virtuale e della Realtà Aumentata, con l'intento di realizzare una app che permetta di visualizzare prodotti online in modo immersivo ed assolutamente piu coinvolgente rispetto alle attuali presentazioni online.",non_ai
NON_AI,"L¿evoluzione del mercato ha reso necessario un adeguamento delle dotazioni hardware e software,  oltre alla riprogettazione del sito internet implementato con soluzioni di e-commerce.
Il progetto di ammodernamento prevede l¿allestimento di due postazioni di lavoro con la seguente dotazione: 
-	personal computer con processore i7 3,6GHZ -64 bit -RAM 16 GB -512 GB- SSD ¿ grafica Nvidia -GeForce GT730 2048 MB
-	monitor Led/Oled    - 27¿ 
-	stampante multifunzione laser a  colori
-	licenza Microsoft Office Home&Bussines 
-	licenza per un software di progettazione con rendering fotorealistico  che permetta di visualizzare la realtà virtuale del progetto, dando la possibilità al cliente di  intervenire, proporre modifiche ,  partecipare attivamente al processo di progettazione ,  eliminare i  rischi di incomprensione  , aumentare  il grado di soddisfazione ed incentivare la vendita .  
Sul fronte esterno dovrà invece essere riprogettato  il sito internet che dovrà diventare il motore di richiamo per la nuova clientela, seguendo le regole del responsive web design ed attivando le relative strategie di visibilità sui social e sui motori di ricerca.Contemporaneamente occorre formare il personale interno che dovrà essere in grado di utilizzare al meglio i nuovi strumenti di lavoro .",non_ai
NON_AI,"Crossnova è una startup innovativa che nasce dalla sinergia tra le competenze di consulenti esperti di tecniche di Miglioramento Continuo e le più innovative tecnologie digitali per offrire un nuovo modello di formazione e consulenza. Il progetto ha l¿obiettivo di potenziare e promuovere la piattaforma di e-training Crossnova tramite la quale è possibile accedere a corsi innovativi di formazione aziendale.  I corsi e servizi offerti dalla società mirano a migliorare le tradizionali metodologie di Problem Solving (e.g. Lean Manufacturing, Lean Six Sigma) con tecniche evolute di Analisi Predittiva ed algoritmi di Machine Learning. Grazie a ciò è possibile analizzare e migliorare l¿efficienza di tutti i processi aziendali, produttivi e transazionali, con un¿efficacia esponenziale rispetto alla tecniche di analisi tradizionali. 
All¿interno del progetto verranno inoltre finanziati corsi di formazione qualificata per acquisire competenze sui temi Big Data, Predictive Analytics, Data Visualization e Machine Learning. QuestI temi sono fondamentali per migliorare la proposta di valore dei corsi di formazione erogati sulla piattaforma di e-training, oltre che per progettare innovativi servizi per il miglioramento dell¿efficienza aziendale, da applicare in azienda e verso i Clienti.",ai
NON_AI,"“Eragle” intende creare una piattaforma web interconnessa all'applicazione mobile per iOS e Android, che permette di realizzare una comunicazione bidirezionale basata su flussi multimediali (audio, video) tra l’operatore di back-end e l’utilizzatore finale, facilitando interventi tecnici di qualsiasi natura che altrimenti richiederebbero dispendio di energie, tempo e risorse con ricadute benefiche sull’ambiente e il comfort lavorativo. Il sistema dovrebbe realizzare uno strumento di supporto agli interventi tecnici con scopo di analisi dei guasti e, ove possibile, riparazione degli stessi relativamente agli apparati tecnologici oggetto di manutenzione da parte del Cliente. L’attuazione del supporto tecnico avverrà, secondo l’idea di base, grazie all’impiego di canali di comunicazione audio/video e di strumenti interattivi di feedback e puntamento a schermo basati su elementi tridimensionali in ambiente di realtà aumentata. Eragle permetterà, così, di poter snellire il processo aziendale relativo agli interventi tecnici eseguiti presso le strutture dei clienti, che sarà completamente innovato, con un notevole incremento della produttività, riduzione significativa dello sforzo lavorativo e quindi miglioramento della qualità dell’ambiente di lavoro (utilizzo del real time).",non_ai
NON_AI,"La start-up More nasce nel 2016 a seguito della volontà dei soci di sviluppare una nuova tecnologia capace di semplificare l¿accesso e l¿utilizzo dei sistemi di visualizzazione 3D, come la Realtà Virtuale (VR) e la Realtà Aumentata  (AR) negli ambienti industriali delle piccole/medie aziende che caratterizzato il tessuto produttivo italiano. L¿obiettivo dell¿azienda More è proprio quello di semplificare l¿accesso alla realtà virtuale, attraverso un¿intuizione semplice e geniale, ossia ripercorrendo gli stessi passi e lo stesso approccio tecnologico che ha reso possibile una diffusione di massa dei sistemi web. La società offre anche servizi completi alle aziende sue clienti, offrendo anche servizi legati allo sviluppo dei contenuti multimediali, 3D, interattivi, applicazioni di Realtà Aumentata. Al fine di incrementare i servizi a disposizione delle aziende clienti l'azienda ha bisogno di predisporre un piano di investimenti che prevada una consulenza per una piattaforma web in chiave e-commerce da implementare con finalità di digitalizzazione ed infocommerce.",non_ai
NON_AI,"1. Formazione intensiva di n. 8 h in due moduli: evoluzione mercato digitale e mobile
marketing e sviluppo di sistemi di vendita efficaci; utilizzo di strumenti digitali come email e pagine Facebook
aziendali.
2. Soluzioni di soluzioni ecommerce mobile: progettazione di un Landing Page per ogni esigenza aziendale per
promuovere prodotti e servizi, pubblicizzare le offerte, profilare i client, acquisire informazion, sostenere
iniziative benefiche o creare un volantino.
3. Landing Survey: si chiederanno opinioni ai clienti per migliorare il valore dei prodotti e servizi.
4. Storytelling: verrà raccontata l'azienda e i prodotti attraverso un storytelling perfettamente visibile da
Mobile e sfogliabile da Smartphone.
V-DGT_00068864
5. Moovitelling: verranno realizzati video aziendali e di prodotto perfettamente visibili da Mobile.
6. Chatbot: verrà data vita ad un assistente virtuale aziendale che risponderà alle domande dei clienti in ogni
momento.
7. Social content: verrà migliorata la comunicazione sociale rendendo l'azienda influencer.
8. WebApp: sarà creato un sito web a portata di smartphone. La WebApp realizzata sarà ottimizzata per una
visualizzazione da dispositivi mobile e si adatterà ad ogni tipo di display",ai
NON_AI,"L'azienda Giuly's creations nasce come piccola realtà virtuale nella vendita di gadget/bigiotteria ispirati a serie TV e manga. Attualmente la vendita è concentrata sia in eventi fieristici di settore sul territorio nazionale che su piattaforme di appoggio e-commerce come (ebay-amazon). La manualità e la poca formazione nell'ambito IT, oltre a non avere un software adeguato per la gestione simultanea delle vendite ed ordini, ha portato l'azienda ad un blocco della crescita del fatturato.La vision che ci poniamo è di utilizzare gli strumenti adeguati per rendere efficienti i processi As-is e proiettarci verso nuovi e migliori risultati. Lo sviluppo di infrastruttura gestionale all'avanguardia sarà sicuramente finalizzata ad aumentare il livello di digitalizzazione dell'azienda con notevoli risultati. L'obiettivo è di incrementare il parco clienti e le vendite anche verso il mondo internazionale, migliorando il nostro flusso informativo e digitale. Soluzioni di software gestionali, hardware ad hoc e potenziati potrebbero aumentare l'efficienza aziendale",ai
NON_AI,"L¿impresa intende realizzare un sistema professionale per la realtà virtuale unito al potere dei video a 360 gradi con il quale i clienti potranno vivere un¿assaggio della vacanza dei loro sogni direttamente nell¿ agenzia di viaggi.
Lo scopo è quello di sfruttare la tecnologia per poter trasportare il cliente nelle sensazioni del viaggio e metterlo in condizione di fare una scelta più consapevole, aquisendo così il cliente e conquistando anche la sua fiducia.",non_ai
NON_AI,"L¿insegnamento con l¿utilizzo di nuove tecnologie come la realtà virtuale e quella aumentata ormai è realtà didattica in Italia in molte scuole. Si tratta della ¿didattica immersiva¿ che arriva anche nelle autoscuole e sta cambiando radicalmente il metodo di insegnamento grazie appunto all¿impiego della tecnologia con la realtà virtuale.
La proposta ha ad oggetto l'acquisto di attrezzature hardware e softwares tecnologicamente avanzate che porteranno ad un miglioramento dell'efficienza aziendale.
Le attrezzature che saranno installate formeranno l'infrastruttura tecnologica per la realizzazione di un ambiente didattico innovativo ed integrato che faciliterà il processo di apprendimento e costituirà un ampliamento della infrastruttura già esistente.
In particolare l¿investimento prevede:
-	3 monitor da 22¿;
-	licenze Windows;
-	3 Licenze di Office;
-	3 licenze di antivirus;
-	5 tablet;
-	3 gruppi di continuità;
-	1Visore 3D per realtà virtuale (un dispositivo che può essere a forma di occhiali o casco);
-	1 Stampante Multifunzione.
Al fine di migliorare la gestione dell¿autoscuola il programma di investimento prevede l¿acquisto di un programma gestionale.",non_ai
NON_AI,"Il progetto prevede l'acquisto di nuove LIM per le aule al fine di migliorare il processo di apprendimento con un uso consapevole del digitale. Il progetto prevederà anche l'attivazione di corsi di formazione per i docenti, riguardanti la didattica digitale e la realtà aumentata applicata alla didattica. Inoltre verrà creata un'apposita applicazione che consentirà alle famiglie di partecipare ""a distanza"" agli incontri di formazione con personale scolastico e professionisti ingaggiati dalla scuola sulle tematiche afferenti il rapporto genitori-figli.",non_ai
NON_AI,"Si prevede sul versante interno l¿ottimizzazione generale dei flussi di lavoro e, principalmente, del sistema di monitoraggio dei processi che comprenda una correzione iterativa dei modelli applicati. 
- Revisione dell¿organigramma aziendale ed evidenziazione funzioni interne
- Applicazione di un modello di eXtreme Project Management (Scrum/Kanban) per la gestione del workflow aziendale.
Mentre sul versante esterno la progettazione e installazione di un CRM avanzato che monitorizzi efficacemente i processi di acquisto ed i momenti d¿interazione con il cliente diversificando i modelli di engagement delle singole strutture ricettive. Il sistema è complessivamente organizzato per favorire l¿interazione con l¿utente, sviluppato come community, e ottimizzare la gestione di processi di Content Marketing finalizzati all¿attuazione di Funnel di conversione Customer oriented. Dunque lo sviluppo interfaccia utente per gestione community e lo sviluppo sistema di Funneling e Marketing Automation.
Sull¿organizzazione generale generale si prevede di applicare di una piattaforma IT integrata nei sistemi aziendali per collegare il versante esterno ed interno uniformando il flusso di dati anche attraverso applicativi di Machine Learning e di intelligenza artificiale.",ai
NON_AI,"Con il presente progetto l¿azienda intende raggiungere un duplice obiettivo: da un lato migliorare l¿efficienza aziendale, dall¿altro modernizzare l¿organizzazione del lavoro. Gli investimenti che intende sostenere per perseguire queste finalità sono, per quanto riguarda l¿efficientamento aziendale ed in particolare i processi e le attività relative allo scambio di informazioni con la clientela l¿azienda prevede l¿acquisto di specifici hardware (PC, Monitor, sistemi audio/video e simulatori di realtà virtuale). Inoltre l¿azienda intende integrare l¿attuale gestionale con il servizio cloud RENTMAN, per far ciò acquisterà uno specifico software. Tale attività permetterà di rendere più snello il flusso di informazioni. Per quanto riguarda la modernizzazione dell¿organizzazione del lavoro l¿azienda intende dotarsi di nuovi strumenti tecnologici più efficienti (PC e Tablet).",non_ai
NON_AI,"La piattaforma introduce un approccio aziendale basato sul dynamic planning:attraverso lo studio dei dati di performance verranno migliorati i risultati della customer experience. Implementazione della strategia multicanale lavorando sul modello di attribuzione con assegnazione a ciascun canale del suo impatto reale nei percorsi degli utenti; in esse verranno integrate varie attività di marketing e vendita, gestendo l'ottimizzazione dei singoli risultati. Grazie alla marketing automatione verranno create campagne che includono touchpoint come direct email marketing, SMS e Social, integrabili con piattaforme di data management. Implementazione della misurazione dei comportamenti degli utenti, dei clienti e dei prospect. Creazione di strategie social data driven che implica risorse per il coinvolgimento degli utenti con usability test e survey online. I chatbot renderanno l'esperienza più ""umana"". Studio approfondito sulla dotazione IT. A corredo delle azioni di change management verrà implementato un servizio di formazione mirato a ridurre l'esclusione digitale e diffondere le conoscenze ICT di base unitamente ad una proposta di adeguamento tecnologico per quanto riguarda le dinamiche d'ufficio in cui verrà inserita la piattaforma.",non_ai
NON_AI,"Il progetto è promosso dall'ATI Marche Explorer composta da n. 8 imprese.l' ATI  MARCHE EXPLORER intende progettare, realizzare e promuovere sistemi innovativi ed intelligenti specializzati  nella promozione e commercializzazione di servizi turistici non convenzionali, sia on line che off line. Il progetto che l'ATI intende perseguire è il seguente: 
a) Rassicurare il cliente in tema di sicurezza, armonia e bellezza;
b) Mostrare percorsi ed esperienze turistiche uniche degne di essere condivise e raccontate
agli amici attraverso l'utilizzo del ""Live Explorer"" che è un sistema tecnologicamente avanzato come Web Cam, Realtà Aumentata, Telecamere 360 gradi, Occhiali a Realtà Virtuale, anche da casa attraverso uno Smart Phone. Le aziende del gruppo svolgono delle attività collegate e sinergiche tra loro:  
Servizi di promo-commercializzazione turistiche,  comunicazione, innovazioni , tecnologie ed organizzazione di campagne promo-commerciali da promuovere presso i mercati esteri UE ed Extra UE.",non_ai
NON_AI,"Il progetto ha come obiettivo la realizzazione di un sistema di analisi e manutenzione predittiva per impianti industriali, l¿asset mangement è un elemento fondamentale dell¿industria 4.0 
Il progetto ha come obiettivo la realizzazione di una piattaforma web che consenta di:
Fare una manutenzione proattiva che porti ad un risparmio sui costi (diminuizione dei pezzi da sostituire) e  all¿efficientamento degli impianti (riduzione dei tempi di fermo macchina)
Migliori i tempi di servizio nei confronti dei clienti (soprattutto in ambiti B2B quali la componentistica)
Analizzare il processo logico non solo della singola macchina ma dell¿intera produzione (processi e macchina anche non fisicamente collegati)
Analizzare da remoto l¿as is e la previsione
Gli strumenti attraverso cui garantire al cliente tutto questo saranno:
Algoritmi supervisionati (basati su dati storici) e non supervisionati (basati su reti neurali) per la manutenzione predittiva
Cruscotti, Indici e allarmi per l¿analisi e la gestione del sistema
Strumenti di pianificazione dell'intervento basato sugli algoritmi
Il sistema memorizzerà ed elaborerà i dati degli impianti, generando reportistica web, distribuile anche via mai,l al fine di potenziare le prestazioni e garantire max affidabilità e sicurezza della filiera.",ai
NON_AI,"Oggigiorno, nell¿era della realtà aumentata, della connessione 24h di tutti, anziani, adulti, giovani e bambini; qualsiasi attività si voglia pensare di avviare: servizi, artigianato, industria, dall¿agricoltura ai settori che si occupano di nanotecnologia, la visibilità attraverso il mondo web risulta vitale per la sostenibilità aziendale. L¿azienda Sapori e Delizie, ha come core business, la produzione e vendita di marmellate e conserve tipiche calabresi, le quali trovano un mercato di riferimento a livello mondiale non solo nazionale e europeo. Trattandosi principalmente di un¿azienda a conduzione familiare , l¿intenzione è quella di ampliare il mercato di riferimento, attraverso il canale di riferimento del web, quindi l¿acquisto di: sito web e-commerce, indicizzazione sui più importanti motori di ricerca, e campagne marketing sul web.",non_ai
NON_AI,"SII sviluppa un modulo APP innovativo per la piattaforma Movicon.NExT, un sistema SCADA (Supervisory Control And Data Acquisition) e HMI (Human Machine Interface). APP apporta funzionalità innovative in Realtà Aumentata per semplificare l’interazione facilitando l’utilizzo a lavoratori svantaggiati e/o con scarsa cultura informatica, e consentire di migliorare la conduzione dell’impianto, la messa a punto guidata ed interattiva e la risoluzione di problemi o di interventi di manutenzione guidata",non_ai
NON_AI,"Il progetto si articola in due interventi: il primo vede l¿attivazione di percorsi di formazione individuale per potenziare competenze specifiche, il secondo prevede la formazione del personale su competenze generali nell¿ambito dello sviluppo sicuro di software.

La formazione tramite la piattaforma di e-learning ¿Pluralsight¿ sarà focalizzata a fornire corsi relativi al web development, machine learning e project management. Verranno identificati percorsi di formazione adeguati alla crescita individuale, e tesi a raggiungere specifici obiettivi professionalizzanti.

L¿azienda è volta ad ulteriore miglioramento in tali ambiti attraverso l¿acquisizione di competenze generali relative allo sviluppo sicuro, attraverso creazione, gestione e test di codice che segua determinate regole internazionali per la messa in sicurezza delle informazioni in esso contenute. 
Sotto questo profilo l¿azienda intende eseguire un intervento di formazione del personale interno, diviso in moduli dedicati:
1)	Regole per lo sviluppo sicuro del codice (OWASP)
2)	Metodologia di esecuzione di vulnerability assessment interni, di tipo applicativo e infrastrutturale
La formazione verrà erogata da un personale altamente qualificato, in possesso delle certificazioni necessarie.",non_ai
NON_AI,"Il progetto mira a realizzare uno studio di fattibilità per l’allestimento di un’area espositiva basata sulle più recenti tecnologie per l’interazione naturale e di fruizione multisensoriale di opere video-artistiche e performative presso la Mediateca Arte Eventi (MARTE) di Cava dei Tirreni..
L’obiettivo è quello di valutare la possibilità di un’installazione permanente all’interno del museo che preveda: un sistema di proiezione pseudo-olografico (Pepper’s Ghost); un sistema interattivo di proiezione ed interazione mediante NUI (Natural User Interface) in cui il fruitore, attraverso la gestualità del proprio corpo, diventa l’autore stesso dell’opera; un insieme di totem interattivi (strutture in alluminio con display fino a 65’’ e tecnologia LED touch-screen); un sistema di realtà virtuale ed immersiva che preveda l’utilizzo di caschi per la VR; tablet che consentano l’interazione con oggetti (spot) situati nell’ambiente per la generazione di contenuti di realtà aumentata.
Aspetto fondamentale del progetto è la realizzazione di sistemi definiti con il termine di “Edutainment”, ossia sistemi multimediali di apprendimento che consentano soprattutto ai più piccoli di avvicinarsi all’arte in modo giocoso e imparare divertendosi.",non_ai
NON_AI,"Uqido è una PMI Innovativa focalizzata sullo sviluppo e sull¿ingegnerizzazione di una soluzione innovativa di realtà virtuale che possa azzerare le barriere d¿ingresso di questa tecnologia. La VR e la realtà aumentata sono uno dei comparti chiave dell¿innovazione e si inseriscono in maniera coerente con la strategia nazionale di specializzazione intelligente essendo una delle tecnologie emergenti coinvolte nel trend dell¿industria 4.0 quando si parla di fabbrica intelligente. Per migliorare l¿efficienza aziendale del reparto R&D, in particolar modo per lo sviluppo del prototipo, sarà necessario acquistare soluzioni hardware. Per es: visori per la VR di ultima generazione, Controller e visori da connettere a smartphone specifici, PC altamente performanti per lo sviluppo di applicazioni Web; schede video ed una telecamera per lo sviluppo di contenuti VR. Per migliorare e modernizzare l¿organizzazione del lavoro degli sviluppatori Web, si ritiene necessario dotarsi di Monitor con curvatura 1800R per un alto comfort visivo e strumentazione Vive pro, visori ad altissima risoluzione per lavorare meglio ai progetti. L¿azienda negli ultimi 6 mesi ha raddoppiato il suo personale qualificato e necessita di potenziare e migliorare la propria strumentazione tecnica utile alla programmazione.",non_ai
NON_AI,"Il progetto mira a migliorare l'efficienza aziendale attraverso l'implementazione di soluzioni  basate su video immersivi, realtà aumentata e realtà virtuale con l'obiettivo di migliorare  l'esperienza utente durante il processo di formazione e supporto del personale e dei clienti. Per la realizzazione del progetto sono necessarie attrezzature e tecnologie all'avanguardia per le quali si richiede il voucher.",non_ai
NON_AI,"¿Non c¿è idea senza storia¿. Una start-up, per esempio, non parte se non viene comunicata in maniera corretta ed efficace. La comunicazione ha avuto sempre un ruolo fondamentale nelle strategie di marketing e ancora di più in questi tempi in cui le modalità comunicative cambiano assai rapidamente. Un¿impresa che si propone di offrire servizi di comunicazione a terzi attraverso installazioni, eventi, prodotti digitali, ecc., per stare nel mercato e avere successo deve necessariamente non solo stare al passo coi tempi ma addirittura stare un passo avanti.
Per MIRION.NET è arrivato il momento di allungare il passo e di rinnovarsi attraverso l¿ammodernamento tecnologico dei suoi strumenti di lavoro: sito web che non sia solo una vetrina ma uno strumento di dialogo interattivo (sito web); maggiore potenza e velocità degli strumenti hardware (postazioni pc rinnovate); più spazio per un¿archiviazione sicura (nuovo server più capiente e con 4 dischi di copia); nuove apparecchiature per la prototipazione di prodotti e progetti (stampante 3D, scanner 3D, laser cutter) in affiancamento a dispositivi e software per la realtà aumentata (software, tablet); strumentazione a supporto di riprese terrene e aeree (fotocamera full hd, drone), miglioramento del know how (corso di formazione).",non_ai
NON_AI,"La Ismy srl è stata costituita nel 2017 ed è registrata nella sezione speciale quale start up innovativa. La ditta si occupa di produzione  commercializzazione e gestione on line di software ad alto contenuto di innovatività con riferimento al gaming ed alle applicazioni di realtà aumentata; nonché lo sviluppo di contenuti digitali web innovativi e piattaforme digitali di intermediazione e scambio di informazioni. Il progetto prevede l¿investimento in Hw e Sw per il potenziamento del settore progettazione e sviluppo, al fine di rispondere alle elevate esigenze dei propri committenti, che chiedono piattaforme gaming sempre più avvincenti e dalle notevoli qualità grafiche. Questo significa disporre di attrezzature altamente performanti, in termini di ram, processore, spazio di archiviazione e con schede video ad alte prestazioni. Per lo sviluppo di videogiochi è anche necessario di disporre di software aggiornati, in particolare sarà acquistato il software per la realizzazione di giochi in multiplaying, interattivi e con tecnologia di realtà aumentata che sono attualmente quelli che incontrano il maggiore consenso fra i giocatori e quindi sono in grado di posizionare la ditta in un segmento di domanda molto piu ampio e con positive ricadute economiche.",ai
NON_AI,"Il Consorzio W3Make.it gestisce un fablab, cioè un laboratorio di fabbricazione digitale. Le attività prevalenti sono la prototipazione rapida di oggetti in 3D, produzioni tessili, moduli software, digitalizzazione ed elaborazione grafica di oggetti, sperimentazione di soluzioni di automazione con assemblaggio di componenti hardware e software customizzati.
Attualmente il personale impiegato appartiene alle aziende che fanno parte del Consorzio stesso. Nel quadro di un progetto di potenziamento della struttura, funzionale alla partecipazione ad un progetto di innovazione nel campo dell¿informatica applicata ai Musei, l¿intervento in esame si propone di effettuare l¿adeguamento delle strutture attualmente allocate al fablab per permettere ai nuovi assunti, previsti in sei risorse complessive, di trovare un ambiente di lavoro adeguato e che permetta loro di essere massimamente produttivi.
Il progetto prevede acquisto di Software, Hardware e Servizi di consulenza: pc e licenze per i nuovi assunti, un nuovo software di gestione firewall, connettività internet adsl, 3 dispositivi di rete (switch), 2 access point wifi, attività di cablaggio, formazione per 2 programmatori fra i nuovi assunti, su cad e 3dmodeling, 1 scanner 3d, 1 visore virtual reality",non_ai
NON_AI,"Per conseguire obiettivi nell'ambito della realtà virtuale si richiede un adeguamento tecnologico.
La finalità è quella di elaborare prodotti competitivi per il crescente mercato del gaming e della virtual reality per il B2B.
In quest'ottica si rende necessario anche prevedere spostamenti a scopo dimostrativo, per questa ragione diventa indispensabile anche una unità portatile di alto profilo.",non_ai
NON_AI,"MTM sta realizzando una piattaforma di realtà virtuale per la creazione di mockup di organi umani per le simulazioni chirurgiche da parte di studenti di medicina, chirurghi e ricercatori del settore biomedico. Il software è registrato presso SIAE con il nome ¿MED3D VR LAB¿
L¿azienda deve ottimizzare i suoi processi produttivi andando ad aumentare la potenza di calcolo e munirsi di due distemi VR nuovi.
Inoltre vuole farsi far realizzare un sistema di digitalizzazione veloce delle immagini 2D e 3D diagnostiche che gli arrivano da ospedali e centri di ricerca. In questo modo le immagini derivanti saranno tutte standardizzate in formato gestibile dalla piattaforma  MED3D VR LAB.
Infine deve far realizzare un ERP specifico per la gestione delle commesse e dei dati della clientela.",non_ai
NON_AI,"Start Smart è un'azienda che dal 2014 fornisce servizi innovativi ad alto valore tecnologico. In particolare si occupa di Consulenza, Progettazione, Modellazione e Produzione di Prototipi e Piccole serie mediante l¿utilizzo di Tecnologie Digitali.
Dal 2016 l¿azienda ha iniziato a fornire servizi di consulenza di Virtual Reality ai propri clienti. In linea con il bando ¿voucher innovazione digitale¿ e con le linee guida del piano Nazionale Industria 4.0, Start Smart ha deciso per l¿anno 2018 di espandere i propri servizi al campo della Realtà Aumentata; nello specifico investendo nell¿acquisto di smart glass.
Per Realtà Aumentata si intende la sovrapposizione di informazioni e contenuti digitali tridimensionali sull¿ambiente reale attraverso l¿utilizzo di dispositivi indossabili di ultima generazione. Lo strumento della Realtà Aumentata può essere utilizzato per aiutare le aziende a migliorare i processi produttivi e logistici e a incrementare il loro business attraverso le soluzioni più performanti, efficaci ed ecologiche. E¿ possibile inoltre realizzare progetti e contenuti industriali in AR integrandoli con tecnologie emergenti come IoT, Artificial Intelligence, Big Data Analytics, Body and Gesture Control e Machine Learning.",non_ai
NON_AI,"L¿azienda offre un servizio innovativo di noleggio e-bike nel territorio di Montepulciano, caratterizzato dalla possibilità di seguire dei tour guidati tramite l¿app Urban Bikery e gli smartphone in dotazione ad ogni bicicletta. L¿intenzione e di migliorare l'attività aziendale in relazione al mondo digitale realizzando dei corner per istallazioni multimediali che utilizzano la realtà virtuale. Sarà possibile in questo modo visitare i borghi storici, le campagne e i luoghi di interesse del territorio in un modo del tutto nuovo e ad oggi inedito nel panorama turistico locale.
La realizzazione dei corner VR richiede investimenti in componenti hardware (Computer, monitor, visore VR), ma soprattutto sarà necessario un complesso lavoro di programmazione del software per la fruizione dei contenuti VR interattivi. Sarà inoltre programmata un¿app che permetterà di godere dei contenuti digitali direttamente online per chiunque disponga di un headset VR. Sarà necessario programmare l¿app in modo da integrare un sistema di prenotazione dei tour e di acquisto tramite e-commerce dei prodotti realizzati dalle realtà produttive visitate durante l¿esperienza virtuale.
Sarà infine necessario un periodo di formazione poter utilizzare tutte le potenzialità della nuova tecnologia.",non_ai
NON_AI,"La ditta individuale intende sviluppare un nuovo approccio alla propria clientela consentendo ad essa di assaporare il prodotto in vendita grazie alla digitalizzazione che può ricreare con la realtà aumentata una realtà parallela che invogli il cliente a spingersi nella caratterizzazione del prodotto. Pertanto verrà strutturata un¿offerta specifica che vedrà nella digitalizzazione del proprio prodotto la possibilità di renderlo fruibile e di farlo apprezzare senza eccessivi costi commerciali. L¿ambito parallelo e a volte coincidente è quello dell¿e commerce che si vorrà andare a sperimentare proprio grazie a questi elementi di novità.
Di seguito si anticipa parte del materiale che potrà consentire la creazione di una vera e propria linea produttiva dell¿immaginario, al fine di dare un intorno del progetto a chi legge:
-Miglioramento efficacia aziendale
SOFTWARE
Software per realizzazione virtual tour, caricamento su Web e Lead Generation
Software e consulenza per realizzazione virtual tour in modalità ""Realtà aumentata""
HARDWARE
Espositori Vetrine Multimediali
Monitor Interattivo - Touch
-e-commerce
CONSULENZA TECNICO-SPECIALISTICA",non_ai
NON_AI,"La società EKA srl è un rivenditore autorizzato Solidwork ed una società di progettazione di modelli 3D per applicazioni commerciali ed industriali.  Opera nel mondo della grafica 3D ad alte prestazioni, della realtà virtuale e delle soluzioni per il mondo accademico, scientifico e dei beni culturali.
Con il presente piano di investimento l'azienda vuole riqualificare la propria immagine societaria attraverso l'implementazione di un nuovo sito web integrato con una piattaforma e-commerce all'avanguardia, capace di generare interesse nei potenziali clienti e trasmettere la professionalità e la competenza dell'azienda EKA srl.
Il progetto prevede una fase di analisi e di sviluppo dell'immagine aziendale  che sarà oggetto dell'implementazione nella piattaforma web. La società fornitrice si occuperà di definire ed improntare la  strategia di promozione della soluzione di e-commerce  sui social media e sui social network. Tale investimento servirà per una riqualificazione e supporto al nuovo mercato di commercio software intrapreso dall'azienda Eka. Darà maggiore visione al core business della società relativamente ai contenuti 3D di realtà virtuale.",non_ai
NON_AI,"Altilia (altiliagroup.com) è una PMI innovativa fondata nel 2010 come spin-off del CNR.
Altilia ha sede operativa a Rende (CS) nell¿incubatore di imprese TechNest dell¿Unical. L¿azienda impiega a vario titolo in media 18 persone, tra cui ingegneri informatici e un piccolo team di marketing, pre-sales e vendita, oltre i due soci fondatori che seguono le attività tecnico-scientifiche e di progetto.
Oggi Altilia segue un percorso di consolidamento e crescita internazionale. La sua missione, alimentata da costanti attività e progetti di ricerca e sviluppo, è creare prodotti software che rendano le tecnologie per big data analytics e intelligenza artificiale facili da usare come uno spreadsheet o un motore di ricerca. Tutto ciò per consentire alle imprese clienti di trasformare in insight di business l¿enorme mole di dati e contenuti disponibili in rete e nei sistemi aziendali, e gli insight in strategie per la crescita e la competitività.
In coerenza alla sua vocazione per l¿innovazione continua di tecnologie, processi e prodotti, ma soprattutto per migliorare le condizioni di lavoro del proprio team, Altilia intende effettuare investimenti per l¿acquisto di hardware avanzato che supporti i processi produttivi e organizzativi aziendali e ne sostenga l¿efficienza.",ai
NON_AI,"Il Consorzio Punto Europa offre servizi di consulenza su progettazione locale, nazionale ed europea oltre che di informazione e comunicazione, gestendo l¿antenna ufficiale della Commisisone Eruopea denominata Europe Direct Abruzzo Nord Ovest e rivolgendosi a diversificati target groups di riferimento: istituzioni, professionisti, imprese e cittadinanza.
Al fine di garantire la più efficiente ed efficace erogazione dei servizi e la più vasta base di utenza, il Consorzio è attualmente nella fase di progettazione e allestimento di un centro innovativo dotato di tecnologia immersiva virtuale ed esperienziale, anche mediante realizzazione di supporti multimediali finalizzati alla fruizione di contenuti multidisciplinari.
Il progetto prevede, tra gli altri, l¿aquisto e installazione di:
Schermo Touchwall multitouch ad interazioni simultanee 4x1m 117¿ (2862x1309mm) IR 
Software Touchviewer per display multitouch con web-browser e mappe interattive
Server NAS QNap per la gestione dei contenuti multimediali
2 Virtual Reality System Kit HTC vive + treadmills dedicati
4 pc desktop + 2 laptop.",non_ai
NON_AI,"Il progetto si propone di sviluppare un software per la previsione dei flussi turistici, che si configuri come strumento di supporto alle decisioni degli enti locali e delle aziende che si occupano dell’organizzazione e promozione dell’offerta delle destinazioni turistiche appartenenti alle categorie: città d’arte, borghi, parchi nazionali, siti Unesco, aree regionali. L’utilizzo del software faciliterà anche la pianificazione di campagne di web marketing profilate e ottimizzate per differenti tipologie di target, finalizzate alla organizzazione, promozione e vendita di pacchetti ed esperienze turistiche. La prima fase (WP1) del progetto prevede una serie di attività finalizzate alla definizione di un framework per l’analisi delle destinazioni turistiche, basato sul reperimento dei dati provenienti da fonti non strutturate come i Social Network, dalle fonti aperte (Open Data) disponibili online e da altre sorgenti di dati commerciali.  Il WP2 si concentrerà sullo studio di algoritmi e modelli di trajectory mining relativi a sorgenti di dati di carattere turistico, applicando tecniche di machine learning. Nel corso del WP3, i modelli e algoritmi elaborati nel corso del WP2, verranno utilizzati per il rilascio di una versione Beta del software di previsione dei flussi turistici.",ai
NON_AI,"Il progetto si propone di sviluppare un software per la previsione dei flussi turistici, che si configuri come strumento di supporto alle decisioni degli enti locali e delle aziende che si occupano dell’organizzazione e promozione dell’offerta delle destinazioni turistiche appartenenti alle categorie: città d’arte, borghi, parchi nazionali, siti Unesco, aree regionali. L’utilizzo del software faciliterà anche la pianificazione di campagne di web marketing profilate e ottimizzate per differenti tipologie di target, finalizzate alla organizzazione, promozione e vendita di pacchetti ed esperienze turistiche. La prima fase (WP1) del progetto prevede una serie di attività finalizzate alla definizione di un framework per l’analisi delle destinazioni turistiche, basato sul reperimento dei dati provenienti da fonti non strutturate come i Social Network, dalle fonti aperte (Open Data) disponibili online e da altre sorgenti di dati commerciali.  Il WP2 si concentrerà sullo studio di algoritmi e modelli di trajectory mining relativi a sorgenti di dati di carattere turistico, applicando tecniche di machine learning. Nel corso del WP3, i modelli e algoritmi elaborati nel corso del WP2, verranno utilizzati per il rilascio di una versione Beta del software di previsione dei flussi turistici.",ai
NON_AI,"Il progetto si propone di sviluppare un software per la previsione dei flussi turistici, che si configuri come strumento di supporto alle decisioni degli enti locali e delle aziende che si occupano dell’organizzazione e promozione dell’offerta delle destinazioni turistiche appartenenti alle categorie: città d’arte, borghi, parchi nazionali, siti Unesco, aree regionali. L’utilizzo del software faciliterà anche la pianificazione di campagne di web marketing profilate e ottimizzate per differenti tipologie di target, finalizzate alla organizzazione, promozione e vendita di pacchetti ed esperienze turistiche. La prima fase (WP1) del progetto prevede una serie di attività finalizzate alla definizione di un framework per l’analisi delle destinazioni turistiche, basato sul reperimento dei dati provenienti da fonti non strutturate come i Social Network, dalle fonti aperte (Open Data) disponibili online e da altre sorgenti di dati commerciali.  Il WP2 si concentrerà sullo studio di algoritmi e modelli di trajectory mining relativi a sorgenti di dati di carattere turistico, applicando tecniche di machine learning. Nel corso del WP3, i modelli e algoritmi elaborati nel corso del WP2, verranno utilizzati per il rilascio di una versione Beta del software di previsione dei flussi turistici.",ai
NON_AI,"Il progetto si propone di sviluppare un software per la previsione dei flussi turistici, che si configuri come strumento di supporto alle decisioni degli enti locali e delle aziende che si occupano dell’organizzazione e promozione dell’offerta delle destinazioni turistiche appartenenti alle categorie: città d’arte, borghi, parchi nazionali, siti Unesco, aree regionali. L’utilizzo del software faciliterà anche la pianificazione di campagne di web marketing profilate e ottimizzate per differenti tipologie di target, finalizzate alla organizzazione, promozione e vendita di pacchetti ed esperienze turistiche. La prima fase (WP1) del progetto prevede una serie di attività finalizzate alla definizione di un framework per l’analisi delle destinazioni turistiche, basato sul reperimento dei dati provenienti da fonti non strutturate come i Social Network, dalle fonti aperte (Open Data) disponibili online e da altre sorgenti di dati commerciali.  Il WP2 si concentrerà sullo studio di algoritmi e modelli di trajectory mining relativi a sorgenti di dati di carattere turistico, applicando tecniche di machine learning. Nel corso del WP3, i modelli e algoritmi elaborati nel corso del WP2, verranno utilizzati per il rilascio di una versione Beta del software di previsione dei flussi turistici.",ai
NON_AI,"Il progetto, che prevede l'acquisizione di n. 3 personal computer per il reparto assistenza alla vendita e progettazione d'interni, corredati dei software necessari alla progettazione, realtà aumentata e di altri software di elaborazione grafica, oltre ad una stampante, è mirato a rendere più efficace e innovativo il rapporto tra cliente e fornitore implementando il sistema di progettazione, preventivazione, rendering, con presentazione a video e stampata dei progetti a colori e conseguente automatizzazione dei preventivi e ordini richiesti, offrendo così un'esperienza di acquisto differenziata rispetto alla concorrenza e un valore aggiunto in termini di soddisfazione del cliente. Completa infine il progetto l'acquisizione di un personal computer destinato all'ufficio amministrativo-contabile, al fine di ottenere un¿interconnessione diretta tra l¿area progettazione/vendita e il sistema amministrativo, attraverso il quale sarà così possibile acquisire ed elaborare in maniera immediata l¿output e il preventivo offerto al cliente, riducendo le tempistiche e i margini di errore nell¿acquisizione dei dati, in maniera tale da efficientare l'intera funzione amministrativo-contabile.",non_ai
NON_AI,"La ditta intende acquistare un nuovo sistema MES (Manufactoring Execution System)  per la gestione, il controllo e l¿ottimizzazione di tutte le attività legate al processo produttivo.  Il sistema gestirà dalla fase del rilascio dell¿ordine fino al prodotto finito. L¿obiettivo è quello di gestire e monitorare in tempo reale l¿intero stabilimento produttivo, fornendo tutte le informazioni riguardanti lo svolgimento del piano di produzione, dei tempi, delle quantità e delle rese produttive per singolo dipendente o macchina. Questo sistema garantirà anche la tracciabilità e la rintracciabilità dei lotti di materiale, la manutenzione preventiva sugli impianti e migliorerà enormemente la schedulazione della produzione.",non_ai
NON_AI,"""Il progetto ambisce ad applicare tecniche e metodologie Industry 4.0 nell’ambito dei sistemi di stampa 3D dei minerali, che producono manufatti di grandi dimensioni. Obiettivo del progetto è la realizzazione di un sistema dimostratore costituito da una stampante 3D prototipo e da manufatti sperimentali prodotti dalla stampante stessa, che possano comunicare informazioni ad un sistema  di gestione e analisi dei dati prima e dopo il processo di stampa, prendendoli anche dall’ambiente in cui sono posti i prodotti e dai prodotti stessi. 

Nel dettaglio, saranno progettati, sviluppati e collocati nel dimostratore (stampante, prodotti, ambiente) sensori di nuova generazione e sistemi di controllo e comunicazione, che permetteranno la gestione in tempo reale della produzione e il successivo tuning off-line dei parametri delle ‘’ricette’’ di produzione. Tali funzionalità richiedono l’archiviazione di elevate quantità di dati (provenienti anche da sensori collocati negli ambienti esterni alle macchine e ai manufatti) e la loro successiva analisi tramite tecniche di machine learning.""",ai
NON_AI,"""Il progetto ambisce ad applicare tecniche e metodologie Industry 4.0 nell’ambito dei sistemi di stampa 3D dei minerali, che producono manufatti di grandi dimensioni. Obiettivo del progetto è la realizzazione di un sistema dimostratore costituito da una stampante 3D prototipo e da manufatti sperimentali prodotti dalla stampante stessa, che possano comunicare informazioni ad un sistema  di gestione e analisi dei dati prima e dopo il processo di stampa, prendendoli anche dall’ambiente in cui sono posti i prodotti e dai prodotti stessi. 

Nel dettaglio, saranno progettati, sviluppati e collocati nel dimostratore (stampante, prodotti, ambiente) sensori di nuova generazione e sistemi di controllo e comunicazione, che permetteranno la gestione in tempo reale della produzione e il successivo tuning off-line dei parametri delle ‘’ricette’’ di produzione. Tali funzionalità richiedono l’archiviazione di elevate quantità di dati (provenienti anche da sensori collocati negli ambienti esterni alle macchine e ai manufatti) e la loro successiva analisi tramite tecniche di machine learning.""",ai
NON_AI,"""Il progetto ambisce ad applicare tecniche e metodologie Industry 4.0 nell’ambito dei sistemi di stampa 3D dei minerali, che producono manufatti di grandi dimensioni. Obiettivo del progetto è la realizzazione di un sistema dimostratore costituito da una stampante 3D prototipo e da manufatti sperimentali prodotti dalla stampante stessa, che possano comunicare informazioni ad un sistema  di gestione e analisi dei dati prima e dopo il processo di stampa, prendendoli anche dall’ambiente in cui sono posti i prodotti e dai prodotti stessi. 

Nel dettaglio, saranno progettati, sviluppati e collocati nel dimostratore (stampante, prodotti, ambiente) sensori di nuova generazione e sistemi di controllo e comunicazione, che permetteranno la gestione in tempo reale della produzione e il successivo tuning off-line dei parametri delle ‘’ricette’’ di produzione. Tali funzionalità richiedono l’archiviazione di elevate quantità di dati (provenienti anche da sensori collocati negli ambienti esterni alle macchine e ai manufatti) e la loro successiva analisi tramite tecniche di machine learning.""",ai
NON_AI,"""Il progetto ambisce ad applicare tecniche e metodologie Industry 4.0 nell’ambito dei sistemi di stampa 3D dei minerali, che producono manufatti di grandi dimensioni. Obiettivo del progetto è la realizzazione di un sistema dimostratore costituito da una stampante 3D prototipo e da manufatti sperimentali prodotti dalla stampante stessa, che possano comunicare informazioni ad un sistema  di gestione e analisi dei dati prima e dopo il processo di stampa, prendendoli anche dall’ambiente in cui sono posti i prodotti e dai prodotti stessi. 

Nel dettaglio, saranno progettati, sviluppati e collocati nel dimostratore (stampante, prodotti, ambiente) sensori di nuova generazione e sistemi di controllo e comunicazione, che permetteranno la gestione in tempo reale della produzione e il successivo tuning off-line dei parametri delle ‘’ricette’’ di produzione. Tali funzionalità richiedono l’archiviazione di elevate quantità di dati (provenienti anche da sensori collocati negli ambienti esterni alle macchine e ai manufatti) e la loro successiva analisi tramite tecniche di machine learning.""",ai
NON_AI,"""Il progetto ambisce ad applicare tecniche e metodologie Industry 4.0 nell’ambito dei sistemi di stampa 3D dei minerali, che producono manufatti di grandi dimensioni. Obiettivo del progetto è la realizzazione di un sistema dimostratore costituito da una stampante 3D prototipo e da manufatti sperimentali prodotti dalla stampante stessa, che possano comunicare informazioni ad un sistema  di gestione e analisi dei dati prima e dopo il processo di stampa, prendendoli anche dall’ambiente in cui sono posti i prodotti e dai prodotti stessi. 

Nel dettaglio, saranno progettati, sviluppati e collocati nel dimostratore (stampante, prodotti, ambiente) sensori di nuova generazione e sistemi di controllo e comunicazione, che permetteranno la gestione in tempo reale della produzione e il successivo tuning off-line dei parametri delle ‘’ricette’’ di produzione. Tali funzionalità richiedono l’archiviazione di elevate quantità di dati (provenienti anche da sensori collocati negli ambienti esterni alle macchine e ai manufatti) e la loro successiva analisi tramite tecniche di machine learning.""",ai
NON_AI,"""Il progetto ambisce ad applicare tecniche e metodologie Industry 4.0 nell’ambito dei sistemi di stampa 3D dei minerali, che producono manufatti di grandi dimensioni. Obiettivo del progetto è la realizzazione di un sistema dimostratore costituito da una stampante 3D prototipo e da manufatti sperimentali prodotti dalla stampante stessa, che possano comunicare informazioni ad un sistema  di gestione e analisi dei dati prima e dopo il processo di stampa, prendendoli anche dall’ambiente in cui sono posti i prodotti e dai prodotti stessi. 

Nel dettaglio, saranno progettati, sviluppati e collocati nel dimostratore (stampante, prodotti, ambiente) sensori di nuova generazione e sistemi di controllo e comunicazione, che permetteranno la gestione in tempo reale della produzione e il successivo tuning off-line dei parametri delle ‘’ricette’’ di produzione. Tali funzionalità richiedono l’archiviazione di elevate quantità di dati (provenienti anche da sensori collocati negli ambienti esterni alle macchine e ai manufatti) e la loro successiva analisi tramite tecniche di machine learning.""",ai
NON_AI,"""Il progetto ambisce ad applicare tecniche e metodologie Industry 4.0 nell’ambito dei sistemi di stampa 3D dei minerali, che producono manufatti di grandi dimensioni. Obiettivo del progetto è la realizzazione di un sistema dimostratore costituito da una stampante 3D prototipo e da manufatti sperimentali prodotti dalla stampante stessa, che possano comunicare informazioni ad un sistema  di gestione e analisi dei dati prima e dopo il processo di stampa, prendendoli anche dall’ambiente in cui sono posti i prodotti e dai prodotti stessi. 

Nel dettaglio, saranno progettati, sviluppati e collocati nel dimostratore (stampante, prodotti, ambiente) sensori di nuova generazione e sistemi di controllo e comunicazione, che permetteranno la gestione in tempo reale della produzione e il successivo tuning off-line dei parametri delle ‘’ricette’’ di produzione. Tali funzionalità richiedono l’archiviazione di elevate quantità di dati (provenienti anche da sensori collocati negli ambienti esterni alle macchine e ai manufatti) e la loro successiva analisi tramite tecniche di machine learning.""",ai
NON_AI,"Il progetto mira a definire una nuova fruizione dell`area turistica del Parco Naturale del San
Bartolo, promuovendo l`utilizzo di strumenti innovativi (APP di realtà aumentata) e percorsi di
Storytelling, generando, di fatto, un nuovo prodotto turistico.",non_ai
NON_AI,"Il progetto mira a definire una nuova fruizione dell`area turistica del Parco Naturale del San
Bartolo, promuovendo l`utilizzo di strumenti innovativi (APP di realtà aumentata) e percorsi di
Storytelling, generando, di fatto, un nuovo prodotto turistico.",non_ai
NON_AI,"l' ATI  MARCHE EXPLORER intende progettare, realizzare e promuovere sistemi innovativi ed intelligenti specializzati  nella promozione e commercializzazione di servizi turistici non convenzionali, sia on line che off line. Il progetto che l'ATI intende perseguire è il seguente: 
a) Rassicurare il cliente in tema di sicurezza, armonia e bellezza;
b) Mostrare percorsi ed esperienze turistiche uniche degne di essere condivise e raccontate
agli amici attraverso l'utilizzo del ""Live Explorer"" che è un sistema tecnologicamente avanzato come Web Cam, Realtà Aumentata, Telecamere 360 gradi, Occhiali a Realtà Virtuale, anche da casa attraverso uno Smart Phone. Le aziende del gruppo svolgono delle attività collegate e sinergiche tra loro:  
Servizi di promo-commercializzazione turistiche,  comunicazione, innovazioni , tecnologie ed organizzazione di campagne promo-commerciali da promuovere presso i mercati esteri UE ed Extra UE.",ai
NON_AI,"l' ATI  MARCHE EXPLORER intende progettare, realizzare e promuovere sistemi innovativi ed intelligenti specializzati  nella promozione e commercializzazione di servizi turistici non convenzionali, sia on line che off line. Il progetto che l'ATI intende perseguire è il seguente: 
a) Rassicurare il cliente in tema di sicurezza, armonia e bellezza;
b) Mostrare percorsi ed esperienze turistiche uniche degne di essere condivise e raccontate
agli amici attraverso l'utilizzo del ""Live Explorer"" che è un sistema tecnologicamente avanzato come Web Cam, Realtà Aumentata, Telecamere 360 gradi, Occhiali a Realtà Virtuale, anche da casa attraverso uno Smart Phone. Le aziende del gruppo svolgono delle attività collegate e sinergiche tra loro:  
Servizi di promo-commercializzazione turistiche,  comunicazione, innovazioni , tecnologie ed organizzazione di campagne promo-commerciali da promuovere presso i mercati esteri UE ed Extra UE.",non_ai
NON_AI,"l' ATI  MARCHE EXPLORER intende progettare, realizzare e promuovere sistemi innovativi ed intelligenti specializzati  nella promozione e commercializzazione di servizi turistici non convenzionali, sia on line che off line. Il progetto che l'ATI intende perseguire è il seguente: 
a) Rassicurare il cliente in tema di sicurezza, armonia e bellezza;
b) Mostrare percorsi ed esperienze turistiche uniche degne di essere condivise e raccontate
agli amici attraverso l'utilizzo del ""Live Explorer"" che è un sistema tecnologicamente avanzato come Web Cam, Realtà Aumentata, Telecamere 360 gradi, Occhiali a Realtà Virtuale, anche da casa attraverso uno Smart Phone. Le aziende del gruppo svolgono delle attività collegate e sinergiche tra loro:  
Servizi di promo-commercializzazione turistiche,  comunicazione, innovazioni , tecnologie ed organizzazione di campagne promo-commerciali da promuovere presso i mercati esteri UE ed Extra UE.",non_ai
NON_AI,"l' ATI  MARCHE EXPLORER intende progettare, realizzare e promuovere sistemi innovativi ed intelligenti specializzati  nella promozione e commercializzazione di servizi turistici non convenzionali, sia on line che off line. Il progetto che l'ATI intende perseguire è il seguente: 
a) Rassicurare il cliente in tema di sicurezza, armonia e bellezza;
b) Mostrare percorsi ed esperienze turistiche uniche degne di essere condivise e raccontate
agli amici attraverso l'utilizzo del ""Live Explorer"" che è un sistema tecnologicamente avanzato come Web Cam, Realtà Aumentata, Telecamere 360 gradi, Occhiali a Realtà Virtuale, anche da casa attraverso uno Smart Phone. Le aziende del gruppo svolgono delle attività collegate e sinergiche tra loro:  
Servizi di promo-commercializzazione turistiche,  comunicazione, innovazioni , tecnologie ed organizzazione di campagne promo-commerciali da promuovere presso i mercati esteri UE ed Extra UE.",non_ai
NON_AI,L'azienda specializzata nella commercializzazione e vendita di arredo design intende dotarsi di un innovativo sistema di realtà aumentata per la visulizzazione di elementi di arredo. L'investimento si compone di una parte hardware per l'introduzione di schermi touchscreen  e ipad dedicati alla visualizzazione dei modelli 3D. Parallelamente sarà sviluppato un software personalizzato per l'acquisizione automatica dei modelli e la loro storicizzazione in cloud computing. Il risultato finale sarà un configuratore di prodotto 3D.,non_ai
NON_AI,"La modernizzazione dell¿organizzazione del lavoro sarà realizzata attraverso l¿acquisizione ed attivazione di software dedicati che consentiranno: digitalizzazione dei menu = identificazione e tracciamento dei prodotti utilizzati (possibilità da parte dei clienti di conoscere la filiera dei singoli prodotti attraverso storytelling fruibile da tablet o smartphone (tramite QRcode) o online in apposita repository del sito web. 
gestione elettronica dei fornitori con acquisizione ed indicizzazione database, sviluppo ordini, fatture, pagamenti. 
Attivazione di chatbot per le FAQ, studio applicazione digital media management per la gestione di una rete di condivisione e rilancio di informazioni utili tra le realtà regionali (istituzioni, associazioni etc.). 
Tutte le attività saranno controllate tramite un pannello di controllo sul backend del nuovo sito web, che sarà l¿output strutturato per ospitare tutte le funzionalità previste e le eventuali successive implementazioni. 
Sarà inoltre presente un modulo per l¿acquisizione di prospect e contatti e la creazione di elenchi profilati sui quali attivare successive operazioni di comunicazione / marketing e ricerche per specifiche chiavi di mercato.",ai
NON_AI,"La AGM SRL ormai da anni si occupa di vendita al dettaglio e all¿ingrosso di prodotti non deperibili e grazie al voucher per la digitalizzazione desidera ¿esporre¿ i propri prodotti (anche in formato 3D grazie alla realtà virtuale aumentata) ad un mercato più ampio grazie alla creazione di una piattaforma di vendita multilingua orientata sia al consumatore finale ¿B2C¿ sia orientata alle imprese ¿B2B¿. Il progetto prevede un rinnovamento della piattaforma ecommerce dell'attuale sito bikedirection.com corredato da un nuovo mockup grafico (template ad-hoc sulla base del template standard) e da una nuova veste grafica personalizzata. Lo shop sarà realizzato in tecnologia Full responsive Design che permette una corretta visualizzazione a qualsiasi dispositivo che naviga il sito: pc o notebook, tablet, smartphone. I contenuti vengono allineati a seconda della larghezza della finestra del browser a disposizione, in modo da consentire una fruizione adeguata alle diverse tecnologie. Altro punto di forza sarà il servizio di posizionamento organico sui motori di ricerca (detto anche posizionamento naturale) che consiste nell'ottimizzazione, legata alle parole chiave del settore merceologico del Cliente, per aumentare la visibilità dell'azienda e dei servizi/prodotti che offre in internet.",non_ai
NON_AI,"Il progetto BIM ReCulT è incentrato sullo sviluppo di applicativi di BIM authoriting per la creazione ed uso di modelli informativi digitali open BIM dedicati alla gestione degli edifici storici monumentali, integrando ad essi strumenti di fruizione aumentata: es. Augmented Reality (AR) e Virtual Reality (VR), con cui valorizzare gli stessi edifici e facilitarne la gestione. Lo scopo è immergere totalmente gli utenti all’interno dei contenuti del bene monumentale visitato ovvero adottare soluzioni smart con cui facilitare l’utilizzo, la manutenzione e la gestione del bene monumentale.
Il BIM è un metodo per generare e gestire informazioni di edifici (o anche infrastrutture). Ciò è reso possibile grazie all’uso di database relazionali uniti a modelli comportamentali impiegati per rappresentare ed elaborare informazioni sull’edificio in modo dinamico. La parametrizzazione di ogni elemento secondo un modello Obejct Oriented, consente di contenere qualsiasi informazione per ogni elemento. Le informazioni contenute nel modello digitale sono inoltre interscambiabili attraverso formati dati aperti (formato IFC - Industry Foundation Classes) potendo così essere lette, gestite, modificate dall’intera filiera che opera nel settore.",non_ai
NON_AI,"Il progetto BIM ReCulT è incentrato sullo sviluppo di applicativi di BIM authoriting per la creazione ed uso di modelli informativi digitali open BIM dedicati alla gestione degli edifici storici monumentali, integrando ad essi strumenti di fruizione aumentata: es. Augmented Reality (AR) e Virtual Reality (VR), con cui valorizzare gli stessi edifici e facilitarne la gestione. Lo scopo è immergere totalmente gli utenti all’interno dei contenuti del bene monumentale visitato ovvero adottare soluzioni smart con cui facilitare l’utilizzo, la manutenzione e la gestione del bene monumentale.
Il BIM è un metodo per generare e gestire informazioni di edifici (o anche infrastrutture). Ciò è reso possibile grazie all’uso di database relazionali uniti a modelli comportamentali impiegati per rappresentare ed elaborare informazioni sull’edificio in modo dinamico. La parametrizzazione di ogni elemento secondo un modello Obejct Oriented, consente di contenere qualsiasi informazione per ogni elemento. Le informazioni contenute nel modello digitale sono inoltre interscambiabili attraverso formati dati aperti (formato IFC - Industry Foundation Classes) potendo così essere lette, gestite, modificate dall’intera filiera che opera nel settore.",non_ai
NON_AI,"La società divenuta tour operator tecnologico nella Regione Lazio, svolge tour del Colosseo attraverso la realtà virtuale con il nome di Ancient & Recent. Riceve giornalmente ospiti che si sono prenotati attraverso il proprio sito web o attraverso marketplace internazionali. Grazie al nuovo software on line Tour Smart Connect, i turisti appena arrivati in Città, muniti di link potranno collegarsi e registrarsi al sito gestionale, venendo tracciati attraverso un codice, trovare nel proprio account i documenti per presentarsi al meeting point (es: voucher di prenotazione), indicare le necessità di cui hanno bisogno comunicando durante il soggiorno con l¿ufficio. In tempo reale, l¿ufficio potrà controllare il loro arrivo fino all¿hotel e al meeting point, assicurarsi che rispettino l¿orario stabilito, fornendo loro tutte le informazioni di cui necessitano. Al meeting point, ognuno di essi si recherà dal proprio tour leader associato da un codice, che gestirà il gruppo che gli è stato assegnato verificando le presenze ed inviando una lista al personale in ufficio. Il personale in ufficio potrà supervisionare turisti e tour leader, la sua posizione, orario di inizio e fine tour, nonché gestire le richieste del tour leader.",non_ai
NON_AI,"Oggi l¿azienda ha deciso di implementare export attraverso una serie di  studi e ricerche di mercato utili a identificare meglio il target per i prodotti che l'azienda produce. Attraverso la ricerca di mercato nel settore videoludico,realtà aumentata e virtuale l¿azienda vuole acquisire una serie di informazioni di dettaglio per identificare meglio i Paesi target su cui puntare.",non_ai
NON_AI,"Il progetto consiste nella realizzazione di una piattaforma unica di gestione dei dati costituita da Hardware e Software specifico per modellazioni funzionali e realtà virtuale in ottica BIM (Building Information Modeling). Tali sistemi permettono lo sviluppo di prototipi virtuali necessari alla pianificazione di gestione e controllo del costruito sia in fase di concept prima, in fase di costruzione ed infine in fase di maitenence.",non_ai
NON_AI,"Silarch è una società di Interiors Design che realizza progetti architettonici e di arredamento a livello internazionale. Nasce dalla creatività di uno dei soci fondatori con oltre 20 anni di esperienza maturati nel settore della progettazione architettonica e design. La società, nata alla fine del 2017, ha da subito trovato conferme alle proprie capacità con la sottoscrizione di importanti contratti a livello internazionale che hanno portato l¿azienda a fatturare altre 160.000¿ e ad assumere personale nel giro di pochi mesi.
Le prospettive impongono all¿azienda di dotarsi di strumenti digitali, sia hardware che software in grado di sostenere il ritmo di crescita, in particolare saranno necessari:
Computer portatili e fissi con elevata capacità di elaborazione necessari alla progettazione e rendering tridimensionale;
Tablet di ultima generazione per mostrare ai clienti ed ai fornitori, durante la visita sui cantieri, l¿evolvere dei progetti;
Sistemi  di realtà aumentata e virtuale per aiutare i clienti nella visione dei progetti prima della loro realizzazione;
Stampanti professionali, per grandi formati, che riproducano fedelmente i disegni ed i colori;
Software per la progettazione architettonica, il design e la gestione aziendale.",non_ai
NON_AI,"Il progetto ha come finalità il miglioramento dell'efficienza dei processi aziendali di progettazione e realizzazione di contenuti digitali in 3D, attraverso l'ammodernamento tecnologico e formativo.

Questa tipologia di contenuti ad alta specializzazione tecnologica, vede un aumento continuo della domanda nel settore della comunicazione pubblicitaria (TV e Web) e nei settori che richiedono l'utilizzo di tecnologie come VR (Virtual Reality) e AR (Augmented Reality).  Questo trend crescente di domanda, si aggiunge alla componente proveniente dai settori in cui l'utilizzo di contenuti digitali in 3D è un elemento essenziale ormai da tempo: la prototipazione industriale, la visualizzazione architettonica e la postproduzione cinematografica.

Il soggetto richiedente, prevede di realizzare le finalità del progetto attraverso 3 tipologie di intervento:
- investimento in hardware per la digitalizzazione, l'archiviazione e la riproduzione di contenuti digitali in alta definizione 4K, non compressi;
- investimento in software di effetti visivi, 3D e grafica di animazione;
- investimento in formazione specializzata relativa all'utilizzo di software di effetti visivi, 3D e grafica di animazione.",non_ai
NON_AI,"Tecnolegno srl è una azienda che produce infissi e arredi in legno ed ha come clienti sia altre imprese che consumatori finali. L¿azienda è costituita da un laboratorio dove avvengono i processi di lavorazione e trasformazione delle materie prime in prodotti finiti e un¿area espositiva che la proprietà sta rendendo sempre più moderna ed efficiente anche in termini di organizzazione e utilizzo di strumenti e tecnologie digitali.
In questa direzione gli investimenti che si intende realizzare con il supporto per il voucher per la digitalizzazione sono strettamente connessi agli ambiti di attività afferenti il miglioramento dell'efficienza aziendale e la modernizzazione dell'organizzazione del lavoro. Si acquisteranno, a tal fine, dei visori 360 gradi VR, un telefono con giroscopio e un software che consenta la generazione di link in virtual reality dei progetti sviluppati. Tale strumentazione consentirà di visualizzare, all¿interno di una virtual room, i prodotti progettati da i disegnatori della Tecnolegno srl. Il contesto favorirà nuove modalità di progettazione, innovative e moderne, ma sarà anche messo a disposizione dei clienti che visiteranno l¿azienda, siano essi imprese che consumatori finali.",non_ai
NON_AI,"L'acquisto dei prodotti hardware è finalizzato al potenziamento e l'aggiornamento del sistema di progettazione, di elaborazione e visualizzazione dei dati con sistemi 3D e realtà aumentata. Tale processo avviene attraverso l'implementazione della rete interna con dispositivi e monitor dedicati e abilitati alla ricezione dei dati. Inoltre, si prevede di fornire la gestione del magazzino di strumenti elettronici di rilevamento delle movimentazioni delle merci a mezzo di codici a barre interfacciato con il sistema di gestione del magazziono già in uso.",non_ai
NON_AI,"Il progetto mira a modernizzare ed efficientare l¿organizzazione del lavoro di tatuatore mediante l¿acquisto di un computer di nuova generazione. L¿IMac Pro fornirà un supporto eccezionale allo svolgimento delle fasi del processo produttivo di: ideazione, creazione, promozione dei tattoo. Le caratteristiche di questo prodotto tecnologico di assoluta avanguardia, da un punto di vista di processione dati e quindi di velocità, ma anche di memoria, di scheda grafica, definizione immagini e video in 4K, consentirà di migliorare, innovare e modernizzare il lavoro. L¿utilizzo del IMac Pro rivoluzionerà tutte le attività oggi realizzate con computer ¿tradizionale¿: dalla fase creativa di ideazione e realizzazione grafica del disegno da proporre al cliente; alla simulazione tramite foto e video del tatuaggio, anche sul corpo del cliente; all¿editing del disegno nella fase di creazione dello stencil per l¿applicazione sulla pelle; alla personalizzazione del prodotto da realizzare con il cliente in base alle sue preferenze. L¿impatto migliorativo ci sarà oltre che sul ¿processo produttivo¿ anche sulla fase di promozione dei tattoo realizzabili, grazie alla possibilità di creare contenuti multimediali ad alta definizione e da realtà aumentata, da condividere sui Social a fini pubblicitari.",non_ai
NON_AI,"Progettazione e realizzazione di soluzioni tecnologiche volte all¿ottimizzazione delle performance delle vendite online. Il progetto consisterà nell'analisi del target di riferimento e nello sviluppo di soluzioni tecnologiche che ottimizzino l'esperienza utente e il posizionamento sui motori di ricerca, con l¿obiettivo di agevolare la navigazione anche da dispositivi mobili. Durante questa fase è prevista altresì la realizzazione di software di intelligenza artificiale per il miglioramento dei processi aziendali e l¿automazione dei flussi informativi per una migliore gestione dei clienti. Il progetto proseguirà poi con l'analisi dei flussi di conversione e una serie di attività di consulenza specialistica per lo sviluppo di campagne di web marketing volte  al monitoraggio delle performance dell¿e-commerce.",ai
NON_AI,"Il piano di sviluppo aziendale prevede la fornitura di servizi per lo streaming video ai clienti, di software per il social media marketing e  il restyling completo del sito web, sul quale verrà implementato un e-commerce per la vendita di corsi di formazione a distanza e di servizi relativi al web e social media marketing.
A questo scopo sono necessari l¿acquisto di hardware e software per la produzione di video, per fornire servizi in streaming e una piattaforma per l¿e-learning.
Nell¿ottica dello sviluppo di nuovi servizi al cliente è necessario l¿acquisto di software per la data analysis e di hardware e software per il machine learning, orientati ai social media.
Il piano di marketing prevede attività sul web e i social media, con una strategia di inbound marketing. Verranno acquisite consulenze specifiche per la realizzazione della strategia.
Inoltre verranno seguiti specifici corsi di formazione volti all¿utilizzo delle nuove attrezzature hardware e software.",ai
NON_AI,"L¿azienda, inserita nel business della consulenza e sviluppo software,  intende migliorare la propria efficienza attraverso una riorganizzazione dei processi interni e l¿introduzione di nuovi strumenti software quali chat bot e risponditori web automatici per consentire di estendere il servizio attuale  con presidio h24, risparmiando tempo verso il cliente e reimpiegando le risorse nei test di progetti interni; sistema di gestione ticket multicanale per monitorare meglio le varie tipologie di interventi ed i relativi SLA; centrale telefonica voip con applicazione IVR al fine di introdurre il servizio di Help Desk telefonico diretto con il reparto tecnico di competenza; un¿area di back end, con accesso riservato ai clienti, per creare un canale di comunicazione riservato e aumentare la fiducia ed il valore percepito del servizio. Quanto descritto consentirà anche il lancio nel mercato di nuovi servizi, quali assistenza di primo livello H24 tramite chatbot o telefonico, Introduzione pacchetti premium con livelli di servizio personalizzato, Servizi ad hoc su cluster clienti. 
I nuovi servizi saranno commercializzati tramite sito e-commerce. Un sistema di marketing automation gestirà la newsletter, le promozioni secondo i cluster individuati oltre a varie funzioni migliorative.",ai
NON_AI,"L¿azienda Vision Lab Apps è in costante evoluzione con lo sviluppo di nuove tecnologie legate all¿industria 4.0 di conseguenza è consapevole che deve coinvolgere professionisti del settore per continuare a crescere per potersi posizionare come prima azienda fornitrice di tecnologie legale agli smart glasses e alla realtà aumentata. Questo significa che non dovrà solo investire in ricerca e sviluppo coinvolgendo Ingegneri Informatici ma bisogna interfacciarsi sul mondo di Internet, del Web e dei social network per poter intercettare le aziende e i futuri utenti che andranno ad utilizzare queste nuove tecnologie. Di conseguenza l¿azienda è consapevole che dovrà sviluppare nuove funzionalità e nuovi processi di integrazione con il sito internet www.visionlabapps.com, dovrà progettare e lanciare una campagna di promozione sul web grazie alle nuove strategie di Inbound Marketing e dovrà infine trasformare il suo modello di business con il nuovo e performante modello Software as a Service. Grazie a questo progetto l¿azienda potrà rafforzare la sua presenza e identità potendo finalmente posizionarsi come prima e unica nel suo settore.",non_ai
NON_AI,"Il mondo delle costruzioni edili sta subendo una forte scossa dal mondo digital. I servizi di disintermediazione esistenti on line sono una minaccia, che si può contrastare con la professionalità e l¿uso consapevole delle nuove tecnologie. Il nostro progetto mira ad utilizzare le tecnologie di realtà virtuale (oggi) e aumentata (domani) per la visita virtuale di immobili selezionati. Sarà quindi necessario dotarsi di tecnologie hardware come fotocamere a 360° per l¿acquisizione delle immagini degli immobili e di smartphone 3D e visori 3D per creare esperienze di visita virtuale, oltre ad un PC dedicato per l¿elaborazione delle immagini.

Sarà quindi necessario dotarsi di una consulenza tecnologica per lo sviluppo della soluzione di realtà virtuale e si prevede anche di avvalersi di una consulenza per la promozione del progetto sui Social Networks e sul blog aziendale.",ai
NON_AI,"Strumenti per il web marketing
Si mira al potenziamento della dotazione sw per l¿indicizzazione e verifica del posizionamento dei siti web.
L¿attuale procedura impone un eccessivo consumo di risorse per la gestione del processo, ottenibile attraverso l¿acquisizione di un software dedicato.
Il software gestirà in modo automatico l¿analisi dello stato di indicizzazione dei siti web dei potenziali clienti per disporre in tempo reale delle informazioni necessarie all¿offerta.
Realtà Aumentata e Produzione/Postproduzione 
La realtà aumentata è un¿innovazione sw per implementare app già disponibili sul mercato.L¿investimento è relativo a componenti sw ed hw dedicate.Il sw si compone di plugin per la produzione per eliminare i colli di bottiglia di un processo ora obsoleto e costoso.Ciò permetterà di proporre prezzi più competitivi.Il software comprende anche la fase di editing compositing ed i plugin necessari per la postproduzione video.L¿hw è composto da 2 PC di ultima generazione dimensionati per l¿elaborazione grafica e video.Un DRONE ed uno stabilizzazione permetteranno di avere video e foto in altissima definizione sia per demo che campagne pubblicitarie video on web.È prevista una consulenza per l¿implementazione dei nuovi processi di realtà aumentata e prod.ne/postprod.ne video",non_ai
NON_AI,"Attraverso l¿acquisizione di servizi qualificati cui non si era mai fatto  ricorso, la rete soggetto Exvalse intende implementare un processo di sviluppo organizzativo e d¿innovazione digitale per aumentare la propria competitività a vantaggio del distretto turistico della Valdichiana Senese, al cui interno opera con funzioni di destination management e marketing.
Il progetto prevede 3 macroazioni.
1) Consulenza ed analisi dei mercati turistici target e delle tendenze mediante ricorso a big data, sentiment analysis connessa al portale di destinazione www.valdichianaliving.it 
 2) L¿inserimento sul portale di una chatbot (in lingua ita e eng) che permetterà agli utenti di interagire con il portale di riferimento dove sono già in vendita on line i tour e le attività relative al territorio della Valdichiana Senese. 
3) Formazione per i dipendenti
Tramite il processo di innovazione digitale ed organizzativa implementato grazie al progetto, Exvalse intende raggiungere i seguenti obiettivi generali:
¿	migliorare la gestione delle relazioni con l¿ospite/turista del territorio
¿	potenziare la visibilità del portale di destinazione www.valdichialiving.it
¿	migliorare la conoscenza dei mercati target, sia sul piano quantitativo che sul piano qualitativo.",ai
NON_AI,"Il progetto comprende la realizzazione di un E-Commerce completo, che abbia un sistema di navigazione semplice in grado di portare i clienti in pochi click dritti all'obiettivo; Le schede tecniche dei prodotti saranno coadiuvato da un sistema in realtà aumentata, così facendo l'utente potrà vedere gli articoli proiettati dallo smartphone direttamante a casa in dimensioni reali; Tradotto in 7 lingue, supporta anche diverse modalità di pagamento e comprende una area video con le istruzioni d'uso di alcuni articoli. Un software abbinato permetterà la gestione del sito E-Commerce da qualsiasi piattaforma mobile o fissa per poter così risolvere qualunque problematica con i clienti in tempo reale. Inoltre database, server e hosting saranno in modalità professional perchè il sito E-Commrce dovrà gestire gli oltre 15.000 articoli presenti in catalogo. In conclusione si vuole creare un E-Commerce che che sfrutti il software e la realtà aumentata per offrire ai clienti un servizio unico, veloce ed interattivo.",non_ai
NON_AI,"Il progetto proposto prevede la realizzazione di un sistema in grado di elaborare dati per la realizzazione di video/progetti in VR (Realtà Virtuale) e AR (Realtà Aumentata) destinati a qualsiasi tipo di finalità: video virtuali per la sicurezza sul lavoro, ¿viaggi¿ interattivi turistici, simulazioni ai fini didattici e/o formativi, video istituzionali, ecc.. Questa nuova opportunità tecnologica richiede una grande potenza di calcolo, per la gestione di video nel formato 4K o 8K, per la riproduzione in tempo reale di elementi 3D e per il miglioramento nella gestione di tutti i flussi di lavoro del progetto. L¿adeguamento che l¿azienda deve realizzare consentirà di poter realizzare il sistema suddetto.",ai
NON_AI,"Il progetto ha come principale obiettivo quello di migliorare l¿efficienza aziendale la realizzazione e acquisto di specifici software che renderanno la comunicazione tra lo staff aziendale più efficiente e rapida, la gestione degli utenti registrati online al portale www.wauniversity.it più agevole per i responsabili dell¿assistenza clienti. La consulenza permetterà la creazione di un piccolo e-commerce interno al portale che garantirà al cliente una più agevole esperienza di acquisto e per l¿azienda un significativo potenziamento dei sistemi di vendita online. Infine verrà aggiornato il software didattico che permetterà l¿integrazione dei più innovativi hardware e software attualmente disponibili nel settore educational e nello specifico della realtà virtuale ed aumentata che permetterà allo studente di studiare più efficacemente.
Verrà inoltre implementato un gestionale dei clienti interno al portale www.wauniversity.it che permetterà una più semplice gestione della clientela che utilizza i software didattici online. Il gestionale garantirà una più rapida comunicazione tra i membri dello staff e con la clientela.",non_ai
NON_AI,"L¿obiettivo di Bautiful S.R.L. è quello di aumentare la propria competitività mediante l'informatizzazione e l'automatizzazione della gestione operativa dell¿Azienda (in particolare, attraverso la gestione automatica del canale commerciale, del magazzino, della distribuzione e della produzione). L¿Azienda implementerà: un e-commerce moderno; sistemi hardware e software che consentiranno una migliore gestione del magazzino (così da abbattere i tempi di evasione della merce, utilizzando anche sistemi bluetooth, wifi e riconoscimento immagine); un sistema di machine learning per l¿approvvigionamento automatico del magazzino (capace di analizzare i dati storici dei tempi di approvvigionamento e di vendita).
Per quanto concerne l¿organizzazione del lavoro, Bautiful implementerà sistemi avanzati di fabbricazione digitale, ossia stampanti 3D equipaggiate con sensori che permetteranno di automatizzare e snellire la produzione, aumentandone la flessibilità, in linea con le attuali esigenze di mercato.
Questi strumenti, unitamente all'inserimento di tecnologie per il controllo remoto, permetteranno di migliorare l¿efficienza del lavoro e ne favoriranno, altresì, la sua modernizzazione.",ai
NON_AI,"Sviluppiamo App in Realtà Aumentata con contenuti 2D/3D interattivi sia statici che animati. Realizziamo render fotorealistici a 360° di alta qualità e tutti i contenuti digitali necessari ad arricchire le immagini con infografiche 3D concettuali. 
Abbiamo realizzato una piattaforma disponibile per dispositivi mobili e Smart Glasses, la quale permette la condivisione delle informazioni in tempo reale e la centralizzazione dei dati per rendere il processo di manutenzione più facile ed efficiente, risolvendo il problema dell'individuazione del guasto, che spesso deriva dall'uso di manuali cartacei e che rallenta il processo di riparazione.",non_ai
NON_AI,"Con la realizzazione della postazione ""realtà virtuale"", che permette di visualizzare mediante visiera da indossare e monitor  le cucine in 3d, i clienti potranno effettuare un viaggio virtuale, all'interno del punto vendita. Verrà di conseguenza offerto un servizio innovativo che permetterà all'attività di differenziarsi dalla concorrenza offrendo un servizio digitale che è un valore aggiunto immediatamente percepito dal cliente finale, che si trasforma in vantaggio competitivo. Per realizzare la postazione che supporti l'utilizzo del programma ""realtà virtuale"" è necessario l'acquisto di un pc, dotato di precisi requisiti, con due schermi uno almeno di 49 pollici per permettere di calarsi nella realtà virtuale.  Oltre al programma è necessario un corso di formazione per l'utilizzo del programma da parte di personale specializzato, oltre al collaudo e installazione. Inoltre l'investimento riguarderà l'acquisto di una stampante A3 digitale per poter offrire al cliente anche una stampa eccellente di ciò che è stato proiettato, in modo da avere anche a casa traccia del viaggio virtuale.",non_ai
NON_AI,"Testore Group srl, con il marchio 011eyewear, è una startup innovativa spin-off delle ricerca pubblica presso l¿incubatore della imprese innovative del Politecnico di Torino ¿ I3P. 
Il progetto di modernizzazione messo in atto riguarda sia la struttura aziendale che l¿innovazione tecnologica in essere relativa al canale e-commerce e si articola in 3 fasi: 

-	Acquisto hardware da destinare ai nuovi collaboratori, esterni ed interni, dell¿azienda; finalizzato al miglioramento dell¿efficienza aziendale dalla gestione e-commerce, allo sviluppo prodotto e contenuti e alla gestione del magazzino. 
Acquisto hardware destinato ad apparecchiatura innovativa per la digitalizzazione ed efficienza di parte del processo produttivo del prodotto finito. 

-	Consulenze specialistiche per un futuro sviluppo di una piattaforma e-commerce innovativa legata al fitting virtuale e alla realtà aumentata combinata ai nostri prodotti
Consulenze per attività di advertising online legate all¿e-commerce
Consulenze per lo sviluppo e miglioramento e-commerce proprietario 

-	Acquisto di software legati alla sicurezza dei dati online, integrazione pagamenti con carta di credito e altre valute e programmi per la gestione delle scorte e del magazzino nonché app proprietaria per la gestione degli ordinativi offl",non_ai
NON_AI,"Il progetto verte su due aspetti fondamentali.
Il primo consiste nel digitalizzare in maniera più spinta la produzione, ammodernando il software di progettazione, introducendo un software MES per la tracciabilità della produzione.
A supporto di questa verranno introdotti smartglass per la gestione dei collaudi in sede e presso i clienti e un nuovo software di assistenza tecnici e clienti in realtà aumentata.
Il secondo aspetto del progetto riguarda il rifacimento completo del sito internet integrando anche una piattaforma di e-commerce rivolta non solo alla vendita di prodotti standard ma anche di servizi quali consulenza e assistenza tecnica su impianti di automazione e teleassistenza.",ai
NON_AI,"L¿impresa di Fabio Martinelli rivolta alla pubblicità e alla produzione di strumenti di comunicazione (foto, video, grafica, web¿) per le aziende, utili per vendere e per migliorare i processi informativi e produttivi delle stesse verso i dipendenti, fornitori e clienti, investendo continuamente in nuove idee creative e tecnologie. 
Nuovi contenuti richiedono il costante aggiornamento tecnologico, dispositivi che sappiano integrarsi tra loro rendendo efficiente il flusso di lavoro e di qualità.
L¿hardware necessario per tali progetti sono:
- computer con potenza adeguata e connettività veloce ed accessori, 
- monitor desktop ad alta definizione 4K HDR, 
- apparecchiature video 4K con connessione wifi e/o LAN ed accessori,
- drone per riprese aeree,
- smartphone evoluto per la fruizione dei contenuti realtà aumentata e HDR, in grado di utilizzare, testare e mostrare contenuti 4K HDR e di realtà aumentata,
- monitor portatile HDR per ripresa video, 	
- cuffie e microfono per la presa dell¿audio.
Si rende necessario anche un corso di guida di Drone riconosciuto da ENAC per l¿autorizzazione alle riprese aeree e un corso di montaggio video avanzato.",non_ai
NON_AI,"Il presente progetto ha l¿obiettivo di migliorare le performance aziendali, attraverso il miglioramento della dotazione sia software che hardware, oltre che mediante la formazione dei dipendenti su specifici aspetti software. Nel dettaglio, gli aspetti software includo: l¿adozione di software GIS per la gestione delle mappe geolocalizzate; l¿acquisto di un ulteriore modulo del software gestionale già utilizzato in azienda, per la gestione automatizzata della distinta base e degli aspetti logistici/produttivi ad essa correlati; l¿aggiornamento del software utilizzato per la gestione dei cantieri; l¿acquisto di software per la progettazione elettrica e per le prestazioni energetiche. La dotazione hardware oggetto del presente progetto, oltre ad essere a supporto delle attività sopra descritte, include un plotter per la stampa dei progetti rivolti principalmente alle Pubbliche Amministrazioni e la strumentazione per l¿utilizzo della Realtà Virtuale, attraverso la quale verrà considerevolmente migliorata la capacità di progettazione della pubblica illuminazione, che rappresenta il core-business aziendale. Infine, è prevista la formazione relativamente all¿utilizzo dei software GIS.",non_ai
NON_AI,"La società ha previsto l¿inserimento di un sistema gestionale moderno per migliorare l¿efficienza aziendale, con cui organizzare l¿operatività legata alle singole commesse. E¿ previsto inoltre una spesa dedicata all¿implementazione di un sistema per la realtà aumentata con l¿obiettivo di migliorare e modernizzare la progettazione, la prototipazione  e la rappresentazione dei singoli progetti. 
E¿ compreso nella richiesta di intervento un sistema software di videosorveglianza per migliorare il controllo e l¿efficienza aziendale.
L¿implementazione e l¿integrazione dei sistemi informatici della azienda saranno supportati da specifici interventi formativi dedicati al personale per sviluppare le competenze necessarie e per modernizzare l¿organizzazione lavorativa.
Il progetto permette quindi all¿azienda di dotarsi di infrastrutture informatiche, quali componenti software e hardware, per modernizzare la gestione aziendale con l¿obiettivo di generare flessibilità e modularità dei processi.",non_ai
NON_AI,"Il finanziamento verrà così impiegato:
-	Consulenza sulla costruzione degli algoritmi per la ricerca volo e hotel. Dalla pubblicazione dell¿app sono emerse nuove indicazioni e feedback che necessitano una notevole evoluzione dell¿algoritmo. 
-	Consulenza sulla organizzazione del Data mining. Realizzazione di una infrastruttura software e hardware capace di raccogliere ed elaborare Big Data targetizzati per il miglioramento del servizio e per l¿analisi di mercato. 
-	Progettazione modelli di machine learning. Un concetto correlato al data mining è quello di apprendimento automatico (Machine learning) tramite algoritmi di classificazione, regressione, alberi decisionali, reti neurali. Successivamente i risultati ottenuti attraversano numerose fasi di analisi e gli algoritmi ricalibrati per il raggiungimento della massima accuratezza.
-	Progettazione sistemi di ottimizzazione localizzazione tecnologica. La complessità del sistema e degli algoritmi di Tripoow è data anche dal fatto di dover gestire ed elaborare informazioni provenienti da provider (OTA e compagnie aeree) targetizzate geograficamente e aventi esclusività di mercato per ogni localizzazione geografica su base nazionale. È fondamentale strutturare un¿architettura server e in particolare un¿implementazione CDN",ai
NON_AI,"Realizzazione di un'avventura grafica da sperimentare tramite visore oculus rift, per affrontare in realtà virtuale (VR) situazioni e risolvere quesiti riguardanti la sicurezza sul lavoro. Il progetto comprende la realizzazione tramite foto a 360 gradi di ambienti aziendali costruendo un ""gioco""  a punti per aumentare nei lavoratori e nei preposti la sensibilizzazione nell'individuazione dei rischi. Permette quindi un aumento e miglioramento del processo formativo. Tramite l'oculus rift il discente si ritroverà in una realtà interattiva nella quale svolgere una vera e propria caccia alle criticità, dovendo individuare comportamenti e situazioni a rischio  nei vari ambienti che visiterà lungo il percorso. Il discente intraprenderà un percorso attraverso diversi ambienti aziendali (uffici, reparti di produzione, magazzino...) durante il quale dovrà indicare le criticità trovate. Ogni criticità individuata correttamente assegnerà un punteggio che sarà possibile visualizzare  al termine dell'esperienza insieme ad un riepilogo  con i petricoli non individuati. Ogni volta che il discente individuerà un fattore di rischio, si aprirà un pop-up presentando la risoluzione del problema in sicurezza con la relativa spiegazione",ai
NON_AI,"Tree Solutions è una start up innovativa che focalizza la sua attività aziendale sul tema dell¿efficientamento energetico con particolare riferimento ai consumi energetici degli edifici a destinazione d¿uso residenziale e terziario (scuole, strutture sanitarie, uffici).In particolare Tree Solutions ha sviluppato un sistema di monitoraggio e controllo remoto di impianti di riscaldamento e raffrescamento ambientale, denominato ¿BRAIN by Tree Solutions¿ (di seguito BRAIN). Pur avendo ottenuto con il BRAIN al livello di sviluppo attuale risultati rimarchevoli in termini di riduzione dei consumi di energia primaria, attestati anche da un progetto di ricerca del Politecnico di Milano (Dipartimento di Energia), si intende ottimizzare e migliorare gli algoritmi di gestione del BRAIN attraverso lo sviluppo e l¿adozione di strumenti di machine learning.L¿incremento di prestazioni perseguito è finalizzato da un lato ad aumentare le performance del sistema e quindi ottenere maggiori risparmi energetici, dall¿altro ad ottimizzare il processo di gestione remota degli impianti di condizionamento serviti.Il progetto prevede una prima fase di costruzione del modello fisico termodinamico e l¿applicazione allo stesso della metodologia di gestione sviluppata da Tree Solutions con strumenti di si",non_ai
NON_AI,"Un gran numero di tecnologie emergenti sta aiutando le città nella loro evoluzione e trasformazione, fornendo ai governanti, amministratori e progettisti nuove sfide e nuove soluzioni per i problemi di tutti i cittadini. Le tecnologie basate su smart systems, Internet of Things (IoT), piattaforme di connettività, Big Data Analytics, social media e intelligenza artificiale possono fornire il framework tecnologico necessario allo sviluppo di soluzioni per contesti urbani complessi e sempre più articolati, includendo soluzioni per la robotica, applicazioni industriali e sicurezza avanzata.La continua interazione dei cittadini con dispositivi connessi ad Internet, come smartphone e sensori, ha trasformato le aree metropolitane in sistemi ¿sensorizzati¿ in grado di produrre enormi quantità di dati in brevissimi intervalli di tempo. La disponibilità di informazioni è incrementata dall¿attività delle pubbliche amministrazioni che stanno mettendo a disposizione della collettività un numero sempre crescente di dati liberamente accessibili e consumabili (i cosiddetti open data).L¿obiettivo del progetto è quello di realizzare un¿applicazione per dispositivi mobile (app) rivolta ai cittadini che coinvolga gli stakeholder del territorio ( Comune, Utilities, Associazioni Consumatori¿) e c",non_ai
NON_AI,"Sviluppiamo ed implementiamo, presso i nostri clienti, sistemi di visione artificiale. Questi apparati sono installati direttamente sui macchinari o sulle linee di produzione del cliente, e sono destinati a svolgere vari tipi di controlli sui prodotti durante la loro fabbricazione. Un sistema di visione è costituito da un PC dotato di software da noi sviluppato e da telecamere connesse al PC stesso. Le telecamere fotografano i prodotti che transitano sulle linee e il software sul PC provvede ad analizzare le immagini. La componente più importante dei nostri sistemi è il software, per cui eventuali variazioni nei prodotti da analizzare o nelle funzionalità richieste dal cliente, sono gestite intervenendo esclusivamente sulla parte software. Sebbene i nostri sistemi siano dotati di un¿interfaccia utente che ne permette la manutenzione da parte del cliente stesso, sempre più viene richiesto che sia il fornitore a gestirli. Da qui la necessità di implementare ed offrire ai nostri clienti un servizio di teleassistenza dei nostri sistemi, come alternativa all¿assistenza in loco, per far sì che i servizi siano più economici per il cliente e più rapidi e snelli da erogare per noi. Tutto questo richiede lo sviluppo interno di software specifico e la sua implementazione su PC dedicati.",ai
NON_AI,"I benefici derivanti dall'acquisto delle attrezzature sono sintetizzabili nei seguenti punti:
- innovare il processo produttivo; 
- incrementare l'efficienza di esecuzione della produzione; 
- eliminare i processi manuali;
- razionalizzare l'intera value chain riducendo i costi generali della produzione.
Le attrezzature acquistate hanno un indirizzo per la post-produzione di realizzazione di tour virtuali e realtà aumentata. Rientrano nell'acquisto delle attrezzature cavalletti, staffe e macchina fotografica per la realizzazione del prodotto.",non_ai
NON_AI,"¿	L¿azienda negli ultimi anni è riuscita a trasferire il mondo CAD sul web tramite delle procedure elaborate dal suo staff tecnico . Il Visual management  , unione di distinta base e dei suoi elementi 3D , diviene così fruibile in qualsiasi posto dell¿azienda e via cloud è nelle disponibiltà della subfornitura oppure di sedi distaccate dell¿azienda stessa . Così come si evolve la tecnologia e si realizzano obiettivi della Fabbrica 4.0, così il contenuto visuale del 3D  deve essere arricchito e portato sui dispositivi caratterizzati da una tecnologia innovativa di visualizzazione digitale OLED, con risoluzione HD ed elevato contrasto, perfetto per qualsiasi tipo di situazione e permette di lavorare con precisionee di essere utile nel settore , ad esempio , della logistica . L¿obiettivo è di reperire tutti i framework ed i dispositivi per integrare le attuali soluzioni con ulteriore valore aggiunto di realtà aumentata e mixed reality",non_ai
NON_AI,"Una delle nostre principali attività dal 2009 è lo sviluppo di Applicazioni per dispositivi mobile.
Siamo stati tra i primi in Italia a pubblicare App dedicate ad un Museo (Pinacoteca di Ascoli Piceno e Galleria di Arte Contemporanea ""Licini"") e guide turistiche per le città (Ascoli Piceno, Roma, Arezzo, Firenze etc) e sviluppiamo da tempo app mobile per automatizzare processi aziendali.
Il rapido aggiornamento dei sistemi operativi sia desktop che mobile ci obbliga ad investire continuamente, venendo il tempo di un cambio di passo nella stessa organizzazione aziendale con l¿adozione di una forte digitalizzazione dei processi e di strumenti in grado di sostenere gli sviluppi del settore, considerando che i servizi che intendiamo fornire sono nella logica di Industria 4.0 (cloud computing, big data analytics, realtà aumentata, cybersicurezza, IoT).
L¿investimento in nuova tecnologia consentirà di migliorare la nostra efficienza e permetterà una più moderna organizzazione del lavoro approfittando dell¿opportunità della flessibilità di una assistenza ai clienti just in time ed agli interventi da remoto. 
Un investimento in questo senso è per noi vitale per non dover abbandonare un mercato in crescita,sul quale la nostra presenza ha bisogno di un intervento sull'efficienza.",non_ai
NON_AI,"Il progetto prevede l'introduzione di un processo, a supporto delle attività quotidiane e delle divisione in centri di costo del lavoro delle risorse. Sarà acquistato un software applicativo che verrà sviluppato dalla società Volo Consulting, per l'acquisizione dei timesheet e degli stati di avanzamento delle lavorazioni relativi alle attività di sviluppo progettuali interne. Il programma eviterà il calcolo manuale delle ore lavorate e tramite l¿integrazione di un app specifica la chiusura dei task in  tempo reale. Saranno inoltre eliminati gli errori di fatturazione sui vari centri di costo. Inoltre verrà introdotta la digitalizzazione dei timesheet e dei documenti di analisi progettuale aumentando così il livello di efficienza grazie ad una significativa riduzione dei tempi di ricerca e archiviazione dei documenti. 
Il progetto prevede la creazione dei seguenti moduli:
¿	La rilevazione presenze per la tua azienda
¿	App mobile di rilevazione presenze
¿	App mobile di ausilio ( chatbot )
Cosa può fare TimeSheetBot:
¿	Timbra l'entrata e l'uscita da lavoro 
¿	Gestisce ferie, malattia, permessi e straordinari
¿	Assegna attività e progetti di lavoro
¿	Genera timesheet e report su dipendenti
¿	La piattaforma sarà disponibile su Facebook Messenger, WhatsApp, Telegram o Slack.",ai
NON_AI,"Portale di e-commerce per utilizzare in cloud tecnologie emergenti ed innovative di classificazione ed estrazione dati dai documenti fruttando tecniche di machine learning per l¿accelerazione dei processi verso sistemi di business aziendali. Tramite questo portale sarà possibile acquistare l¿accesso alla tecnologia opportunamente configurata anche la connessione in Cloud ai sistemi di business come ERP, CRM, ECM ed i relativi Servizi professionali di configurazione per l¿esercizio in logica end-to-end (chiavi in mano).",non_ai
NON_AI,"Il progetto prevede: l'ottimizzazione del workflow relativo al processo di creazione di tour in realtà aumentata per siti culturali; la sincronizzazione dei task del gruppo di lavoro ed implementazione di funzionalità collaborative in real time; l'introduzione di funzionalità di check e approvazione dei contenuti multimediali prima della pubblicazione sui dispositivi di realtà aumentata. Tali feature contribuiranno ad un miglioramento significativo del worflow e all'accelerazione del processo per la creazione dei tour, determinando un aumento dell'efficienza aziendale.",non_ai
NON_AI,"La nostra azienda è una start up che opera nel settore dei servizi da settembre 2016. Il settore dell¿autoscuole si rivolge per quanto riguarda il conseguimento della patente a un target di età che varia dai 14 anni ai 30 anni. Proprio per questo operiamo utilizzando strumenti all¿avanguardia con particolare riferimento alla didattica per la quale utilizziamo le videolezioni e app e prossimamente la realtà aumentata e virtuale. Per poter sviluppare in maniera massiva il nostro web marketing dobbiamo avere a disposizione un sito web che deve integrare e completare l¿utilizzo dei social e del marketing pubblicitario che però non riesce ad essere abbastanza efficace. Dobbiamo anche sviluppare la digitalizzazione dell¿azienda in modo da ottimizzare i processi produttivi automatizzandoli per un migliore utilizzo delle risorse umane. La creazione di un sito immediato e efficace che riservi una esperienza utente unica, ci aiuterà a incrementare in modo considerevole il fatturato. Per poter ottimizzare l¿apprendimento vogliamo creare una moderna postazione per la guida simulata virtuale. Per finire abbiamo l¿esigenza di proteggere i dati sensibili della nostra azienda con un sistema che garantisca una archiviazione sicura ed efficiente.",non_ai
NON_AI,"Il progetto concorre agli obiettivi di modernizzazione tecnologica dell¿azienda e di miglioramento dell¿efficienza, mediante: 1) l¿introduzione delle tecnologie di realtà aumentata, attraverso l¿utilizzo di software funzionali alla visualizzazione di modelli olografici 3D durante le fasi di elaborazione, analisi ed interpretazione dei dati; 2) l¿introduzione di tecnologie di scansione fotografica a 360°, tramite l¿impiego di piattaforme robotizzate e motorizzate, funzionali alla fusione e correzione dei singoli fotogrammi acquisiti, per la creazione di panoramiche ad altissima risoluzione.
L¿implementazione delle tecnologie di realtà aumentata nei protocolli aziendali consentirà una migliore gestione e comprensione dei dati geo-spaziali per una più profonda comprensione dei processi di interesse. 
L¿introduzione delle tecnologie di scansione fotografica a 360° nei protocolli aziendali garantirà una più rigorosa ed accurata fase di acquisizione dati in campo, volta alle attività di monitoraggio geotecnico e strutturale.
Il progetto contribuisce alla digitalizzazione dei processi aziendali e all¿ottimizzazione dell¿organizzazione del lavoro, per il miglioramento non solo dell¿efficienza dei servizi svolti ma anche dell¿efficacia dei prodotti derivati.",non_ai
NON_AI,"La società si occupa di sviluppo e creazione di video giochi, app, web app, nello specifico Virtual Reality e Augmented Reality. L¿azienda proprio per la tipologia di attività nasce già a indirizzo tecnologico e innovativo, tuttavia le dinamiche del mercato richiedono continui aggiornamenti e miglioramenti in soprattutto in campo digitale. Per migliorare l¿efficienza aziendale si è ritenuto opportuno procedere con consulenze specialistiche per capire le tecnologie digitali necessarie per un miglior funzionamento del business e dei processi, oltre che per lo sviluppo delle architetture web dei prodotti realizzati. 
L¿investimento riguarda l¿acquisto di componenti hardware e software per digitalizzare i processi interni, licenze d¿uso di programmi specifici per lo sviluppo dell¿attività e incremento delle performance dei risultati finali. L¿investimento hardware permette di implementare le postazioni di lavoro per futuri collaboratori in un¿ottica di crescita aziendale e incremento occupazionale nonché periferiche per l¿ottimizzazione del lavoro.  L¿implementazione del processo di digitalizzazione permetterà di avere prodotti a maggior valore aggiunto grazie ai nuovi software e consulenze, nonché ottimizzare i tempi operativi di sviluppo con l¿aggiunta di nuovi componenti hardware.",non_ai
NON_AI,"Il progetto BIM ReCulT è incentrato sullo sviluppo di applicativi di BIM authoriting per la creazione ed uso di modelli informativi digitali open BIM dedicati alla gestione degli edifici storici monumentali, integrando ad essi strumenti di fruizione aumentata: es. Augmented Reality (AR) e Virtual Reality (VR), con cui valorizzare gli stessi edifici e facilitarne la gestione. Lo scopo è immergere totalmente gli utenti all’interno dei contenuti del bene monumentale visitato ovvero adottare soluzioni smart con cui facilitare l’utilizzo, la manutenzione e la gestione del bene monumentale.
Il BIM è un metodo per generare e gestire informazioni di edifici (o anche infrastrutture). Ciò è reso possibile grazie all’uso di database relazionali uniti a modelli comportamentali impiegati per rappresentare ed elaborare informazioni sull’edificio in modo dinamico. La parametrizzazione di ogni elemento secondo un modello Obejct Oriented, consente di contenere qualsiasi informazione per ogni elemento. Le informazioni contenute nel modello digitale sono inoltre interscambiabili attraverso formati dati aperti (formato IFC - Industry Foundation Classes) potendo così essere lette, gestite, modificate dall’intera filiera che opera nel settore",non_ai
NON_AI,"Il progetto prevede un efficientamento dei processi informativi aziendali tale da garantire l'accesso facilitato e il controllato alle informazioni riservate da parte di tutti i dipendenti. Sarà quindi realizzata una reta VPN protetta con Sistema integrato di gestione delle informazioni e creazione di spazi remoti di storage e di private room. Al fine di efficientare l¿attività di ricerca e sviluppo e quindi il monitoraggio dei parametri di processo durante gli esperimenti, saranno acquistati due occhiali per la realtà aumentata con software di lettura delle informazioni in prossimità del banco di lavoro. Per garantire una gestione più efficiente dell¿archivio documentale sarà inoltre acquistato 1 scanner per digitalizzare i documenti con software di riconoscimento e archiviazione automatica dei file. Infine, per garantire una efficiente registrazione dei documenti in formato digitale, sarà acquistato un sistema di riconoscimento e registrazione vocale con possibilità di associare il sistema ad una lettura video tramite filmato.",non_ai
NON_AI,"Applicazione Web desktop con integrata dashboard cliente gestita da chatbot ed interfacciamento con software Shopify per la gestione automatizzata degli e-commerce.
La clientela di riferimento della Yakkyo srl sono gli e-commerce che utilizzano la metodologia del dropshipping per l¿approvvigionamento delle scorte e spedizione degli ordini. L¿attuale workflow si basa su lavoro manuale e scambio a mezzo mail di files xls. La soluzione sopra descritta permette da un lato di ingaggiare ed intercettare la domanda del cliente attraverso il chatbot e dall¿altro di gestire in tempo reale gli ordini del cliente, ricevuti sulle piattaforme shopify, con invio completamente automatizzato degli stessi alla nostra logistica per la preparazione degli ordini e restituzione dei numeri di tracking. Questo processo di automazione software permette di ridurre drasticamente gli errori nella compilazione e gestione degli ordini nonché consente una totale scalabilità del progetto eliminando tutti i colli di bottiglia derivanti dalla gestione manuale.Con la dashboard il cliente potrà tracciare tutti i suoi ordini, le spedizioni e tracking relativi agli stessi, nonché la propria scheda contabile in quanto anche l¿intero processo di fatturazione e verifica dei pagamenti verrà gestita dal software.",non_ai
NON_AI,"Questo progetto nasce dall¿attenta analisi e sperimentazione delle nuove tecnologie per la realtà virtuale, visionate dal punto di vista dell¿attività d¿aula, in particolar modo con soggetti portatori di handicap e/o con difficoltà sociali. 
La tecnologia scelta è quella di HTC col visore VIVE, unita ad una stampante 3d che permetterà all'utente di fruire del maggior numero di contenuti, software didattici e ludici.
Lo strumento consentirà l¿interazione del formatore  con il discente, in modo tale da accompagnare fisicamente la persona nella sua interazione, laddove richiesto.",non_ai
NON_AI,"La tecnologia ""sistema Maestro"" è un sistema con architettura integrata a moduli che attraverso l¿utilizzo delle più moderne tecnologie nel campo della visione, riconoscimento e gestione delle informazioni è in grado di ottimizzare i processi formativi e facilitare operazioni complesse e articolate. La tecnologia principale è quella della realtà aumentata. Grazie all¿utilizzo del ""sistema Maestro"" ECAMRicert s.r.l. potrà creare una serie di contenuti in realtà aumentata fruibili attraverso dispositivi mobili (tablet e smartphone) e smartglass. L¿utilizzatore finale potrà usufruire di una esperienza di tipo uditivo (suoni, registrazioni di voci narranti, musiche) e tattile/cinestetico, ma anche e soprattutto di una esperienza di tipo visivo, trovandosi immerso in un ambiente virtuale che fornisca informazioni e rappresentazioni anche in 3D rispetto all¿ambiente fisico all¿interno del quale si sta muovendo. L¿esperienza permette di dare risposte personalizzate a complessi bisogni di conoscenza. Le caratteristiche situazionali dell¿approccio ne risultano esaltate.",non_ai
NON_AI,"Il progetto prevede l'acquisto di un software gestionale per il controllo centralizzato, su unico server, degli applicativi installati nei siti e portali dei clienti dell'azienda.
Permetterà l'attivazione e l'installazione dei moduli aggiuntivi, il controllo dei pagamenti e di tutte le funzionalità dei vari servizi e software offerti dall'azienda.
Per la realizzazione, in particolare su portali turistico-naturalistici, di sezioni di realtà aumentata e virtual tour è previsto l'acquisto di una camera 360 8k professionale.
Si vuole migliorare una postazione di lavoro con l'acquisto di un secondo monitor 25"" per il front office.",non_ai
NON_AI,"Per meglio rappresentare la vasta gamma di servizi che la Nostra società propone ai cantieri navali, i cui clienti sono spesso società o persone fisiche straniere, intendiamo realizzare strumenti atti a visualizzare, amplificando la realtà virtuale, le diverse fasi di realizzazione realizzare su yacht di varie tipologie.

L¿obiettivo è poter proporre ai destinatari finali i servizi in realtà virtuale amplificata permettendo loro di essere all¿interno delle lavorazioni da noi eseguite rendendo così vivo e comprensibile ciò che andiamo a proporre.

Il progetto, che comprenderà l¿applicazione di studi e l¿utilizzo di una serie di strumenti che seppur commerciali necessitano di un¿implementazione tecnologica, si svilupperà in tre momenti:

1 - sviluppo del software e acquisizione dell¿hardware, visori tridimensionali compresi:
a)	Fase architetturale: verranno valutate tutte le possibilità tecniche per rendere la struttura funzionale e semplice, le tipologie di connessione e il metodo lavorativo in fase di utilizzo. 

b)	Fase IT: si studieranno i pacchetti hardware da implementare e le strutture di ricezione da adottare negli spot itineranti.

2 ¿ resa tridimensionale delle immagini di processi lavorativi dei servizi della Ns. società.

3 ¿ applicazione con dimostrazioni ai clienti.",non_ai
NON_AI,"Il progetto prevede lo svolgimento di varie fasi atte a creare i presupposti di difendibilità del prodotto di Smart Glass a Realtà Aumentata dell’azienda, realizzato con precedenti programmi di investimento, ed a impostare in dettaglio la fase di proposizione ed  immissione sul mercato.
Il programma mira verificare le problematiche di realizzazione, industrializzazione e commercializzazione di uno Smart Glass mediante un proof of concept software basato su un nostro modello di Smart Glass a Realtà Aumentata binoculare, con dei componenti tecnologici di particolare rilievo:  un visore ad ampio campo di vista ed un algoritmo di rilevazione dei gesti delle mani per consentire evoluta, ricca, articolata e facile interazione con il dispositivo. Tale componente sono ritenuti importanti al fine di rendere il prodotto più usabile ed ergonomico, oltre a permettere maggiori prestazioni in termini di campo di vista. La combinazione di tali componenti a bordo degli smart glasses permette di ampliare il campo di applicabilità, in senso orizzontale – dall’applicabilità in settori ad alta tecnologia a quelli più vicini ai consumatori - e verticali, quali l’aeronautico ed il logistico, che hanno vincoli importanti di usabilità ed ergonomia",non_ai
NON_AI,"Contenuto e output finale del progetto “Doing by myeslf” è l’elaborazione di un software capace di simulare virtualmente attraverso un apposito dispositivo wereable (visore), situazioni quotidiane riprodotte in realtà aumentata, per supportare i bambini con immaturità espressivo-comportamentale riconducibile all’iperattività, e in generale per educare e promuovere processi di responsabilizzazione e autonomizzazione. A titolo di esempio ma non esaustivo, possibili moduli del software potrebbero essere: “a passeggio”; “una giornata al mare”; “in gita con la classe”; “l’orologio del mattino”, etc.
Diversamente da alcune situazioni similari già esistenti sul mercato - e delle quali, in fase di analisi di fattibilità se ne svilupperà una disamina più approfondita – che propongono al bambino approcci e/o o modelli imitativi, questa soluzione, riproducendo e immergendo il bambino in una situazione realistica, consentirebbe di verificare, a monte e a valle dell’intervento terapeutico-riabilitativo, l’apprendimento e l’interiorizzazione cognitiva del comportamento corretto e non la sua mera ripetizione, come atto imitativo.",ai
NON_AI,"Nel corso del 2017  Apply Consulting ha rivisto il proprio business model, intervenendo al fine di conferire maggiore organicità alla propria offerta di servizi, rafforzando il focus sulle azioni di progettazione sui fondi SIE e sulle linee di finanziamento attinenti i progetti di Ricerca e Sviluppo. Per garantire una migliore gestione delle risorse umane, sempre più spesso soggette a trasferte, sarà necessario investire sull¿introduzione di sistemi che consentano una modernizzazione dell¿organizzazione del lavoro, ossia soluzioni di smart working. Nello specifico sarà acquistato il nuovo hardware (laptop), e un software gestionale per migliorare la produttività aziendale e la dei gestione clienti. Sarà inoltre realizzata una piattaforma software (chatbot+dashboard) allo scopo di efficientare la gestione della clientela e dei processi filtrando le richieste di informazioni così da ridurre l¿intervento del personale. Sarà inoltre realizzato Il trasferimento presso la nuova sede (previsto a maggio 2018) e l¿introduzione di forme di lavoro flessibile, comportano inoltre alcuni interventi finalizzati all¿accesso alla banda ultralarga.",ai
NON_AI,"Il progetto si pone l¿obiettivo di migliorare l¿efficienza aziendale e potenziare le performance della nostra azienda attraverso: 
A) installazione di un firewall di rete per l¿aumento dell¿affidabilità del sistema informatico grazie a funzionalità in grado di bloccare gli attacchi più sofisticati, pur permettendo l¿accesso sicuro alla rete per gli utenti autorizzati. Il firewall gestirà la sicurezza perimetrale dell¿azienda, verranno predisposti accessi remoti sicuri per il telelavoro tramite VPN e gestirà la pubblicazione di servizi sul web. Il sistema di reporting consentirà di mantenere sempre sotto controllo l'attività degli utenti, risolvere i problemi in modo rapido e personalizzare le nostre policy di sicurezza. 
B) acquisto di computer idonei all'utilizzo di software per Augmented and Virtual Reality nel settore CAD CFD CAE, trasformando la classica progettazione in Digital Engineering. L'Augmented and Virtual Reality agevolano il processo di progettazione consentendo agli utenti di interagire in tempo reale con il progetto per meglio comprendere dimensioni, fattore di scala ed estetica e apportare modifiche a stadi sempre più iniziali del processo di sviluppo dei prodotti, consentendo al cliente finale di limitare la costruzione di prototipi.",non_ai
NON_AI,"Il progetto mira a migliorare la digitalizzazione e l'efficienza dei servizi nel settore socio sanitario e del fitness attraverso l'adozione di tecnologie avanzate. Gli obiettivi sono: l'Upgrade della Piattaforma Health Care con Multimedia Stream, con l'inserimento di una nuova categoria per accedere con streaming diretto e semplificato a video presenti sul web e liberi da diritti. Questo upgrade utilizzerà dispositivi IoT per migliorare l'efficienza e la qualità dei servizi di assistenza e intrattenimento. Sarà possibile raccogliere e analizzare dati in tempo reale, ottimizzando i processi e migliorando la qualità dei servizi. L'Applicazione per Meta Quest permetterà agli utenti di fruire delle lezioni fitness in modalità realtà aumentata e di inserire altre modalità esperienziali (es. l’accesso ad ambienti virtuali per la riduzione dello stress) migliorando l'interattività di allenamento. Il Pannello LEDWall per visualizzazione contenuti video e grafici utilizzerà tecnologie di integrazione verticale e orizzontale per migliorare il coinvolgimento dei trainers durante la fase di produzione e dei contenuti multimediali. Inoltre, verranno sviluppati Programmi di digital marketing per promuovere i contenuti disponibili tramite la nuova categoria Multimedia della piattafor",ai
NON_AI,"Realizzazione dei percorsi didattici che abbiano come focus le specie vegetali situate nell’area del parco sublocata a MEGARIDEA attraverso la messa in opera della sensoristica bluethoot BEACONS per identificare le singole specie vegetali e consentire ai visitatori di ricevere tutte le informazioni quando si arriva in prossimità del sensore I beacon sono piccoli dispositivi hardware che utilizzano la tecnologia Bluetooth Low Energy (BLE) per trasmettere segnali a corto raggio. Questi segnali possono essere ricevuti da smartphone, tablet o altri dispositivi compatibili, permettendo di attivare determinate azioni o inviare notifiche basate sulla posizione dell'utente. E’ previsto l’acquisto del pacchetto hardware\software per l’applicazione di tale sensoristica alle piante presenti nell’area designata investendo nell’innovazione del prodotto culturale. - Realizzazione dell’impianto tecnologico che consenta di effettuare la visita guidata al “Giardino delle Meraviglie” con l’utilizzo di visori per la realtà aumentata. Il goal di questo investimento è favorire l’interazione con il consumatore che diventa vero protagonista di uno scenario in cui le componenti del paesaggio sono fluide e interattive.",ai
NON_AI,"La tipologia di intervento proposta è riconducibile a investimenti in nuove tecnologie per l’implementazione di attività di comunicazione e marketing del TPC. Il progetto infatti prevede l’adozione di un sistema CRM per migliorare la raccolta e gestione dei dati, automatizzare le comunicazioni con il pubblico, segmentare gli utenti e ottimizzare le campagne promozionali. Il sistema permetterà di potenziare la vendita online, gestire in modo centralizzato le informazioni provenienti da diversi canali (biglietteria, newsletter, social), monitorare i comportamenti del pubblico e attivare percorsi di fidelizzazione. Saranno attivati anche strumenti web e mobile (portale accessibile, chatbot, moduli interattivi) per semplificare il percorso dell’utente, dalla scoperta dell’evento fino all’acquisto del biglietto e al reperimento delle informazioni per raggiungere la sede degli spettacoli, con informazioni dettagliate e servizi aggiuntivi per le persone diversamente abili. Inoltre, l’intervento prevede la creazione di nuovi contenuti digitali legati alla programmazione teatrale, attraverso format innovativi (video, podcast, schede accessibili, narrazioni digitali) che saranno diffusi sui canali online del TPC e integrati nella strategia CRM.",non_ai
NON_AI,"Il progetto Falaut Digital Evolution nasce dall’esigenza di innovare e digitalizzare il settore musicale ed editoriale, rispondendo alla crescente richiesta di contenuti interattivi e accessibili. Esso prevede la digitalizzazione della rivista, con la creazione di un archivio interattivo che includerà audio, video e contenuti in realtà aumentata. Il portale Falaut sarà rinnovato e trasformato in una piattaforma multimediale avanzata, dove sarà possibile accedere a interviste esclusive, concerti online, corsi di formazione e contenuti premium riservati agli abbonati. Un ruolo centrale sarà svolto dalla nuova applicazione mobile, che permetterà non solo la fruizione dei contenuti digitali in mobilità, ma anche la gestione e la vendita di abbonamenti integrati tra la versione cartacea e quella digitale della rivista, garantendo agli utenti un accesso flessibile e personalizzato. Parallelamente, saranno sviluppate strategie di digital marketing e internazionalizzazione, con l’obiettivo di incrementare la visibilità della piattaforma attraverso campagne SEO, social media e collaborazioni con artisti e attrattori culturali",non_ai
NON_AI,Creazione di una realtà virtuale per migliorare l’esperienza d’acquisto online,non_ai
NON_AI,"Gli obiettivi del progetto, definiti secondo il modello SMART, si concentrano su automazione, realtà aumentata e gestione dei dati. La programmazione centralizzata delle macchine piegatrici mira a uniformare i processi e ridurre scarti e tempi di produzione. L'adozione della realtà aumentata faciliterà la visualizzazione di contenuti tecnici per clienti e assistenza, migliorando l'interazione post-vendita. L'integrazione dei dati con Power BI permetterà un'analisi avanzata e reportistica automatizzata.

Le soluzioni digitali sono state selezionate per garantire efficienza, integrazione e scalabilità. L'implementazione di un CRM avanzato centralizza le informazioni sui clienti, migliorando le relazioni e la comunicazione interna. Power BI consente una raccolta dati efficace e l'accesso in tempo reale a report interattivi. Per supportare le attività di vendita e manutenzione, il software CAD 3D crea modelli virtuali e rendering dei prodotti. Un software specifico per le macchine piegatrici ottimizza la programmazione centralizzata, riducendo errori e scarti. Tutte le soluzioni sono integrate nei sistemi esistenti per migliorare efficienza e crescita futura.",non_ai
NON_AI,"Il progetto “Cultural Experiential Center” rientra pienamente nella Tipologia A – Interventi di sostegno alla produzione culturale, alla creatività contemporanea e all’innovazione digitale, prevista dal paragrafo 6 dell’Avviso. L’intervento si configura come un’azione integrata e multidimensionale volta a rafforzare la capacità produttiva di TELENIA SRL nel settore della cultura digitale, attraverso l’acquisizione di tecnologie avanzate, la sperimentazione di nuovi linguaggi e format immersivi e la realizzazione di contenuti culturali innovativi, accessibili e sostenibili. Nello specifico, il progetto prevede: • Produzione di contenuti culturali digitali e multicanale, finalizzati alla valorizzazione del patrimonio storico-archeologico del Sannio Caudino, con particolare riferimento al Museo Archeologico di Montesarchio e al contesto naturalistico del Parco del Taburno. I contenuti saranno veicolati tramite videoproiezioni, realtà aumentata e virtuale, olografie, totem interattivi e piattaforme web.",non_ai
NON_AI,"Il progetto Dogna 4.0: il museo che non c'è - Riconnessi al Territorio trasforma il Museo del
Territorio di Dogna in un ecosistema culturale in evoluzione, con l’obiettivo di creare
un’esperienza partecipativa per la comunità. Il museo si sviluppa attraverso una piattaforma
tecnologica che rende l'apprendimento coinvolgente, includendo percorsi per scuole e giovani.
Tra le innovazioni, la ""Caccia al Etosauro"" in realtà aumentata coinvolge i bambini in
un’avventura per scoprire dinosauri virtuali, mentre la Sala del Buio offre un’esperienza
multisensoriale che favorisce l’inclusività, permettendo anche ai visitatori normovedenti di
esplorare il museo tramite il tatto, udito e olfatto.",ai
NON_AI,"Il piano e l’intervento attuativo presentati da Iperverde S.R.L. mirano ad accelerare la trasformazione digitale dell’azienda.
Obiettivi e Aree di Intervento
L’obiettivo principale è la migrazione dei principali software aziendali su piattaforme cloud, per consentire l’accesso remoto e migliorare l’efficienza operativa. Attualmente, l’azienda utilizza sistemi locali (Microsoft Dynamics Nav e Power BI) che limitano l’operatività. L'intervento attuativo punta a migrare a Microsoft Dynamics Business Central e Microsoft Fabric, oltre ad adottare DocFinance per la gestione della tesoreria, aumentando così l’automazione, l’integrazione e l’accessibilità. Gli obiettivi sono definiti secondo KPI misurabili: completamento delle migrazioni cloud, piena integrazione dei software, miglioramento dell’accesso remoto (dal 90% al 99%) e formazione completa del personale.
Soluzioni Tecnologiche
Microsoft Dynamics Business Central (SaaS): ERP in cloud che gestisce contabilità, vendite, magazzino e progetti. La soluzione offre alta integrazione con Microsoft 365, un’interfaccia user-friendly e funzionalità di intelligenza artificiale (Copilot) per automatizzare operazioni ripetitive. La scelta del cloud riduce i costi di infrastruttura e supporta l’adozione di pratiche lavorative flessibili.
Micros",non_ai
NON_AI,"Realizzazione di animazione in realtà aumentata di un nuovo contenuto di visita presso il C.i.p.s. Centro Internazionale Podrecca Signorelli finalizzato ad una visita interattiva e coinvolgente del museo. Il progetto offrirà al pubblico, per la prima volta su scala nazionale, una nuova esperienza di visita del museo che arricchirà l'offerta dello stesso con una proposta innovativa. L'intervento consentirà quindi di moltiplicare la possibilità di visita in cui si gli oggetti presenti nell'esposizione esprimono tutta la loro espressività nel movimento, anche in
mancanza in loco di un marionettista o burattinaio che possa muovere i personaggi del C.I.P.S. e indipendentemente dai pezzi esposti. Questa nuova proposta, per la prima volta applicata in un museo dedicato al teatro di figura, aumenterà l'attrattività del sito stesso e consentirà contestualmente una nuova narrazione dello stesso sul sito internet dedicato nonché sui canali di comunicazione social più diffusi.",non_ai
NON_AI,"Modesto Ascensori vuole ottimizzare i suoi assetti e processi adottando una serie di soluzioni tecnologiche innovative da implementare nella nuova sede di Artegna. L'azienda prevede di introdurre sistemi avanzati di gestione documentale usando l’AI, vuole utilizzare strumenti di business intelligence e analytics per raffinare l'analisi dei dati, intende adeguare l'infrastruttura IT per aumentare l'efficienza, la disponibilità e l'accessibilità dei servizi di ICT. Questo coinvolge l'adozione di tecnologie come la realtà aumentata per la manutenzione e sistemi di videosorveglianza con analisi video, che sono previsti per migliorare l'efficienza operativa. In termini di sicurezza, Modesto Ascensori implementerà strategie avanzate di backup e misure di sicurezza, inclusa la ridondanza di rete e soluzioni firewall, così come l'utilizzo del cloud computing per il backup e l'archiviazione dei dati, assicurando così una protezione robusta dei dati aziendali e un'infrastruttura IT sicura.",ai
NON_AI,"Aquaponic Design, innovativa realtà emiliano-romagnola impegnata nel vertical farming, lancia un progetto integrato per accelerare la propria trasformazione digitale e rafforzare il posizionamento nazionale. Verrà sviluppato un sito web altamente interattivo, integrando un configuratore digitale per la progettazione di impianti idroponici e una piattaforma IoT per il monitoraggio ambientale e la certificazione automatica dei benefici ecologici generati (riduzione CO2, risparmio idrico). Il simulatore immersivo AquaponicVR diventerà il cuore di un'Academy digitale, offrendo percorsi formativi innovativi e riducendo significativamente il gap di competenze nel settore. Grazie all’utilizzo avanzato di Big Data, realtà virtuale e digital marketing automation, il progetto migliorerà la competitività aziendale, generando benefici ambientali e sociali concreti e posizionando AD come leader tecnologico nazionale nel settore delle colture fuori suolo",ai
NON_AI,"""L'obiettivo principale del progetto SMART MANUAL consiste nella creazione di una piattaforma innovativa e intelligente per la consultazione on-line e interattiva di procedure operative e check-list per la conduzione e la manutenzione di macchine e impianti industriali. 


La piattaforma abbina ad un’organizzazione strutturata delle procedure, dotata di regole per il riconoscimento automatico on-line dell’esecuzione dei diversi passi secondo la sequenza richiesta in termini di consensi e tempistica, tramite segnali acquisiti dal campo, una serie di """"smart agent"""" che attivano sessioni immersive di realtà aumentata (AR). Il loro scopo è quello di illustrare in modo approfondito agli operatori sul campo i vari passaggi procedurali presenti nelle procedure, facendo uso di una rappresentazione tridimensionale del contesto di riferimento.


In parallelo a questa funzionalità di realtà aumentata, il progetto si propone anche di sviluppare un applicativo """"smart check"""" che controlli on-line in tempo reale che ogni passo previsto all'interno di una procedura sia stato eseguito correttamente, rispettando tutti i vincoli ambientali.",ai
NON_AI,"Il progetto di transizione digitale di Pellegrino S.r.l. si propone di abilitare un’evoluzione strutturale dei processi aziendali attraverso l’implementazione di una nuova infrastruttura IT centralizzata, l’introduzione di software gestionali integrati e l’interconnessione di un nuovo macchinario produttivo. L’intervento mira a superare l’attuale frammentazione informativa, favorendo la raccolta, l’analisi e la condivisione in tempo reale dei dati aziendali. Il server centralizzato garantirà continuità operativa, sicurezza informatica e accesso uniforme ai dati strategici. I nuovi software gestionali consentiranno l’integrazione tra uffici tecnici, produzione, commerciale e amministrazione, migliorando la tracciabilità delle commesse e l’efficienza gestionale. Il rifacimento del sito web aziendale per il B2C, predisposto alla realtà aumentata per www.pellegrinosrl.com, e l’applicativo per la gestione e statistica del mercato B2B e B2C per  www.rapid.sm completeranno la digitalizzazione, potenziando la relazione con i vari clienti e stakeholder. L’insieme degli interventi permetterà all’azienda di raggiungere il livello 3 della scala Acatech (Visibilità), gettando le basi per un modello organizzativo orientato alla qualità, alla sostenibilità e all’internazionalizzazione",non_ai
NON_AI,"CultureXR è una piattaforma digitale innovativa progettata per valorizzare e rendere accessibile il patrimonio culturale attraverso esperienze immersive in realtà virtuale. Il progetto, che coinvolge enti come il Comune di Cava de’ Tirreni e la Fondazione Teatro Trianon, offre la possibilità di esplorare siti storici e contenuti interattivi multilingue. Un elemento chiave è l'AVARA, un'assistente virtuale che personalizza l'esperienza in base al visitatore. La piattaforma si propone di garantire accessibilità anche per persone con disabilità e di semplificare la gestione delle visite guidate e della biglietteria, con un modello sostenibile per il futuro.",non_ai
NON_AI,"Il progetto mira a implementare un sistema integrato di tecnologie digitali nei processi produttivi di Mecal Srl. Attraverso investimenti in un magazzino verticale automatizzato Modula Lift e in una soluzione software di realtà aumentata l'azienda introdurrà tecnologie con l'obiettivo di ottimizzare la gestione dei materiali, migliorare il controllo qualità e aumentare l'efficienza complessiva, rafforzando la posizione competitiva dell'azienda nel mercato della carpenteria meccanica di precisione. La produzione di Mecal Srl si basa sullo sviluppo di componentistica su misura per propri clienti, non avendo una produzione di base e non potendo standardizzare la propria offerta la necessità di essere efficienti e puntuali nelle esecuzioni delle commesse rende indispensabile investire in digitalizzazione interna.",non_ai
NON_AI,"Il progetto, attraverso l’adozione della tecnologia della Realtà Virtuale (VR), intende valorizzare il Museo della Grotta e il patrimonio archeologico preistorico racchiuso nella Valle di Pradis ed in particolare nelle tre grotte che costituiscono siti di importanza internazionale.
Nel Museo della Grotta sarà creata una Sala VR con 4 postazioni attraverso le quali ai visitatori saranno offerte esperienze immersive nei siti presenti nella Valle. Attraverso il progetto saranno conseguiti obiettivi di rinnovamento degli strumenti offerti dal Museo, amplificazione del suo valore culturale e coinvolgimento di un più vasto pubblico di visitatori.",non_ai
NON_AI,"SALL S.r.l., attiva da oltre cinquant'anni nella lavorazione di laminati metallici, intraprenderà un progetto di digitalizzazione volto a ottimizzare i processi aziendali, a migliorare la competitività nel mercato metalmeccanico e ad inserirsi in nuovi mercati. L’intervento si concentrerà sull’automazione di operazioni interne come la generazione automatica dei certificati di qualità e la gestione dei testimoni di piega, riducendo il rischio di errori e migliorando l’efficienza operativa. Il nuovo impianto LaserTubo 5.0 (non inserito tra i costi del Bando perchè usufruirà dell'Industria 5.0, ma comunque appena acquistato) e il sistema MES Prometheus saranno integrati per consentire il monitoraggio in tempo reale dei dati produttivi, ottimizzando i tempi di produzione e il consumo energetico. Il sistema GP90 Green contribuirà infatti alla sostenibilità dell’azienda, monitorando con precisione i consumi energetici. Inoltre, l’introduzione di soluzioni avanzate di business intelligence e intelligenza artificiale, tramite Power BI, permetterà di raccogliere e analizzare i dati aziendali per prendere decisioni più rapide e strategiche. Sall S.r.l. intende anche consolidare la propria posizione competitiva attraverso una gestione più sostenibile e data-driven dei processi azi",ai
NON_AI,"Obiettivo del progetto e promuovere la digitalizzazione delle operazioni di manutenzione dei macchinari impiegati in campo per aumentarne l'efficienza e la sicurezza. In particolare gli addetti al settore produttivo e gestione operativa svilupperanno capacita nella gestione di macchinari e attrezzature adeguate ai diversi tipi di lavorazione del terreno. Acquisiranno capacita di eseguire interventi di manutenzione preventiva e correttiva per garantire l'efficienza dei macchinari. Svilupperanno competenze nell'uso di tecnologie digitali per monitorare le condizioni dei macchinari. Potenzieranno la gestione delle attrezzature per assicurare la continuita e la qualita delle operazioni produttive in campo. Il risultato atteso attiene alla selezione e gestione dei macchinari e attrezzature sulla base del tipo di lavorazione del terreno da effettuare, eseguendo eventuali interventi di manutenzione necessari.",non_ai
NON_AI,"L’azienda intende investire su più fronti per incrementare la propria competitività, cogliendo le opportunità offerte dalla transizione digitale. In particolare, S.M.C. vuole utilizzare le seguenti tecnologie abilitanti:
- soluzioni tecnologiche per la gestione e il coordinamento dei processi aziendali con elevate caratteristiche di integrazione delle attività per l’integrazione dei dati aziendali e l’automazione dei processi;
- realtà virtuale e ricostruzioni 3D attraverso un software di simulazione 3D e relativa formazione, per migliorare l’esperienza di acquisto dei clienti andando a creare una realtà immersiva e attraverso l’upskilling o il reskilling dello staff interno favorire l’incremento delle competenze digitali di ciascuno.


Nello specifico, la soluzione GEST CIBER è un software sviluppato per S.M.C., partendo da un’analisi congiunta della specifica realtà aziendale e dei processi produttivi, al fine di permettere un controllo gestionale coerente con la filosofia aziendale, governando in maniera più o meno ristretta i flussi di dati aziendali e organizzando le metodologie di lavorazione secondo le principali certificazioni di qualità.
Il software viene suddiviso in moduli per abbracciare ogni area funzionale dell’azienda e rispondere in maniera efficace a tutte le com",non_ai
NON_AI,"Sostenibilità e innovazione (es. internet delle cose e delle macchine; soluzioni tecnologiche per la navigazione immersiva, interattiva e partecipativa quali realtà aumentata, realtà virtuale e ricostruzioni 3D).",non_ai
NON_AI,"Il progetto ha come obiettivo CoLa sviluppa soluzioni e definire metodi per realizzare interventi di recupero
funzionale e ristruttuazione di impianti industriali. Si prevede il rilievo digitale 3D con condivisione tramite
Realtà Virtuale. La fabbrica viene segmentata e riorganizzata con approccio digitale, con inserimento di nuovi
macchinari e rimozione di vecchi",non_ai
NON_AI,"Il progetto si propone di dotare dei tre siti museali (Museo Virtuale, Museo della Medicina e Chirurgia e  il Giardino della Minerva di un piccolo museo dedicato alla botanica salernitana adottando, in una cornice tipica di un laboratorio ottocentesco, una serie di tecnologie di comunicazione, compresa una galleria di ritratti dei medici più famosi della Scuola Medica con animazioni in stile“Harry Potter”.E’ previsto un laboratorio botanico didattico e sensoriale per i soggetti deboli. Gli investimenti previsti: riguarderanno l’acquisto di arredi e attrezzature per il salone multimediale, un sistema di bigliettazione elettronico, l’introduzione di un Database attraverso il sistema di bigliettazione elettronico, con l’introduzione delle audioguide dedicata, e nello specifico per il Giardino della Minerva, con l’introduzione di un DataBase delle piante e delle specie botaniche presenti in loco e coltivate in vivaio. Sempre su quest’ultimo sito, vengono adeguati i servizi offerti alle nuove tecnologie di realtà aumentata e di realtà virtuale per fornire una esperienza immersiva e qualificante.",ai
NON_AI,"l progetto per la realizzazione di un catalogo digitale interattivo con funzionalità di realtà aumentata, integrato a un sistema CRM avanzato, si colloca pienamente all’interno delle direttrici strategiche del Piano Nazionale Impresa 4.0.",non_ai
NON_AI,"Il progetto d’investimento nasce con una visione precisa: trasformare uno dei più straordinari patrimoni speleologici d’Europa in un’esperienza immersiva, emozionante e realmente accessibile a tutti. L’obiettivo non consiste solo nell’offrire un’opportunità in più, ma intende rivoluzionare il modo in cui le grotte vengono vissute e scoperte. Le analisi del contesto turistico, avvenuta mediante la somministrazione di questionari compilati dai visitatori che si sono recati presso il sito delle grotte, hanno evidenziato uno scenario in cui troppe persone, a causa di barriere fisiche o limiti logistici, non riescono a godere appieno della meraviglia delle Grotte di Castelcivita. Aquesta esigenza concreta si affianca la crescente domanda di esperienze digitali, coinvolgenti e capaci di lasciare un segno profondo nella memoria del visitatore. Ecco perché il progetto prevede la realizzazione di quattro video immersivi in realtà virtuale, girati in 360° e arricchiti da effetti speciali (CGI) e infografiche interattive.",non_ai
NON_AI,Piattaforma software Digital Twin per la gestione di asset infrastrutturali in ambiente di realtà aumentata,non_ai
NON_AI,"Il progetto di digitalizzazione di Mini Motor, azienda meccatronica che produce motori elettrici, corre sul doppio binario dell’innovazione dei processi e del prodotto. Riguardo ai primi, viene potenziato il sistema di cybersecurity con la riconfigurazione dell'architettura di rete mediante l'introduzione di switch di nuova generazione e access point dedicati, garantendo protezione avanzata e business continuity con il gruppo di continuità. I sistemi gestionali vengono potenziati con l’aggiunta di moduli all’ERP e il dialogo di questo con il MES abilitando il monitoraggio in tempo reale e la system integration. Mini PC portatili abilitano collegamenti digitali da tutti i reparti. Il preesistente configuratore di prodotto viene arricchito con tecnologie di realtà aumentata, permettendo una personalizzazione tridimensionale che migliora l'esperienza di vendita. Il progetto innova anche il main product, il servomotore, sviluppando un sistema cyberfisico con interfaccia wireless che elimina i cablaggi tradizionali e abilita la raccolta continua di dati sui componenti. 
Gli obiettivi strategici: ottimizzazione dei costi, efficientamento dei processi, innalzamento degli standard di sicurezza e abilitazione di nuovi modelli di business con ricadute anche sulla filiera.",non_ai
NON_AI,"La partecipazione di Sacel Srl a Ipack-Ima 2025 è un’opportunità strategica per ampliare la visibilità aziendale e consolidare la sua posizione nel settore del packaging e dell’automazione. L’obiettivo è acquisire nuovi clienti, rafforzare la presenza sul mercato e presentare soluzioni innovative. La progettazione di uno stand accattivante, con tecnologie interattive come realtà aumentata e touchscreen, e dimostrazioni dal vivo dei prodotti garantirà un’esperienza coinvolgente per i visitatori.

Durante la fiera, Sacel Srl avrà modo di organizzare incontri mirati con clienti e partner strategici, partecipare a conferenze e raccogliere feedback per migliorare i propri prodotti. Ipack-Ima rappresenta inoltre un’occasione per mostrare soluzioni avanzate a settori chiave come alimentare, farmaceutico, cosmetico ed e-commerce, dove innovazione tecnologica e sostenibilità sono fondamentali.
Con un follow-up efficace, Sacel Srl potrà trasformare i contatti acquisiti in opportunità concrete, rafforzando la reputazione aziendale e favorendo la crescita internazionale.",non_ai
NON_AI,"Soundfood offre al ristoratore un device brevettato capace di creare una bolla acustica sul singolo tavolo dove modelli di AI creano ed abbinano musica ai piatti proposti, per un'esperienza sensoriale unica ed altamente immersi",ai
NON_AI,"L'azienda ha avviato un processo di digitalizzazione fondamentale per affrontare le sfide di un contesto sempre più complesso e interconnesso, puntando su efficienza operativa e sicurezza dei dati. L'acquisto di un server avanzato rappresenta un investimento strategico per ottimizzare lo sviluppo software e la gestione dei flussi di lavoro. In un'epoca di crescenti minacce informatiche, l'importanza della cyber sicurezza è cruciale, così come l'implementazione di misure di protezione dei dati, come firewall e software antivirus, affiancate da piani d’azione per situazioni di crisi e un sistema di backup centralizzato.

L'archiviazione documentale sarà riorganizzata per garantire un accesso intuitivo e sicuro ai dati. Inoltre, l'integrazione di software per modellazione 3D e realtà virtuale consentirà presentazioni immersive dei progetti, migliorando la comunicazione con i clienti e ottimizzando le tempistiche di sviluppo e preventivazione. La digitalizzazione promuoverà anche l'automazione dei processi e la formazione continua del personale, essenziali per una gestione competente delle nuove tecnologie e per garantire la sicurezza dei dati.

Questo impegno nella digitalizzazione e nella formazione non è solto una reazione alle sfide attuali, ma una strategia a lungo termine per c",non_ai
NON_AI,"Il progetto ""Laboratorio di Virtualizzazione"" si propone di rispondere alle crescenti esigenze dei clienti che necessitano di studi analitici virtuali prima di avviare la fase produttiva dei loro prodotti.
Attraverso la creazione di un laboratorio innovativo verrà qualificata digitalmente l’Impresa che potrà così offrire soluzioni tecnologicamente avanzate per la navigazione immersiva e interattiva, la realtà aumentata e virtuale, e la creazione di modelli 3D.
Questo laboratorio non solo faciliterà l'introduzione di simulazioni e sistemi cyberfisici altamente qualificati, ma sarà anche integrato con una soluzione di cloud computing. Ciò permetterà di ottimizzare i processi operativi e aziendali, migliorando gli scambi di dati tra gli operatori e garantendo un accesso sicuro e remoto a server, database e software tramite internet.
Particolare attenzione sarà dedicata all'inclusione di soggetti fragili che hanno frequentemente la necessità di lavorare da casa e che potranno così operare in ambienti protetti e accessibili, garantendo un'adeguata partecipazione e opportunità per tutti.",non_ai
NON_AI,"Il Progetto in esame ha lo scopo di migliorare il processo di ""manifattura digitale"" interno all'azienda grazie all'utilizzo di tecniche di additive manufacturing, di misurazione digitale della qualità del prodotto e integrazione con la tracciabilità del prodotto.
Il Progetto VR-Smell intende far interagire tecnologie meccaniche, elettroniche ed informatiche con lo scopo di offrire al cliente nuove esperienze immersive grazie all'introduzione del senso dell'olfatto con la realtà virtuale e la realtà aumentata.
Il Progetto modificherà in maniera sostanziale la modalità di produzione e controllo del prodotto, passando da una produzione fatta in outsourcing e con tecniche classiche a una fatta in casa con tecniche di additive manufacturing; verrà inoltre introdotta una procedura digitale di validazione e test del prodotto grazie all'introduzione di un ""sensore intelligente"".",non_ai
NON_AI,Piattaforma software Digital Twin per la gestione di asset infrastrutturali in ambiente di realtà aumentata,non_ai
NON_AI,"Di seguito le soluzioni digitali previste che garantiranno il raggiungimento degli obiettivi previsti:
-Microsoft SharePoint: rappresenta il cuore della collaborazione, consentendo la condivisione
documentale e la gestione dei contenuti in un’unica piattaforma. Con SharePoint, i team potranno
accedere alle informazioni aziendali in modo controllato e sicuro, indipendentemente dal luogo e dal
dispositivo.
-Microsoft OneDrive: con la sua archiviazione cloud integrata, OneDrive permette al personale di
accedere ai file aziendali in qualsiasi momento, aumentando la produttività e migliorando la
comunicazione tra team e collaboratori esterni.
-Microsoft Teams: con tutte le sue componenti integrate permette a tutto il team di lavoro di poter
lavorare in maniera congiunta all’interno di una moltitudine di strumenti che sono messi a disposizione
5
della piattaforma digitale di condivisione, si tratta dello strumento più completo di lavoro in gruppo oggi
presente.
-Microsoft Copilot: sfruttando l'intelligenza artificiale, Copilot si configura come un assistente virtuale
che supporta il personale nei compiti ripetitivi, offrendo suggerimenti proattivi e automatizzando attività
di routine per migliorare l’efficienza operativa.
- Backup e Protezione Dati: il Datacenter Punto Com, con le sue",non_ai
NON_AI,"Il progetto FLUX nasce per rispondere alle difficoltà dei piccoli e medi spazi culturali nel processo di transizione digitale, spesso privi di moderni strumenti di gestione e fruizione. La proposta mira a creare un ecosistema operativo modulare, una sorta di ""starter kit"", per rendere qualsiasi spazio culturale immediatamente operativo, innovativo e accessibile a nuovi pubblici. L'intervento si basa sulla produzione di output concreti, sia digitali che fisici, pronti all'uso e replicabili:
• FLUX CORE: È il cuore tecnologico del progetto. Si tratta di una piattaforma digitale integrata che include un'interfaccia di gestione per gli operatori (prenotazioni, ticketing, raccolta dati) e un'app per i visitatori, per una fruizione personalizzata dei contenuti.
• Cinemino Cult: Una mini-sala cinema on-demand che gli utenti possono prenotare e gestire tramite l'app per la visione immersiva di contenuti audiovisivi (film d'artista, documentari, etc.).
• Bibliotech: Un format di biblioteca ibrida che unisce sala studio e coworking, con postazioni prenotabili e dotate di sensori per il monitoraggio acustico e di presenza.
• ARCADE: Un format espositivo digitale e immersivo che, tramite tecnologie di Realtà Aumentata (AR) e Virtuale (VR), amplifica l'esperienza di visita.",ai
NON_AI,"Il progetto de quo si pone l’obiettivo di digitalizzare in maniera integrata l’intera supply chain aziendale e rafforzare la resilienza operativa dell’impresa, attraverso l’adozione di tecnologie abilitanti con impatto strategico sia in termini organizzativi che di posizionamento competitivo. Nello specifico, verrà introdotto un sistema di tracciabilità avanzato mediante l’utilizzo di tag RFID a doppia tecnologia (UHF e NFC), che consentirà la registrazione univoca e automatizzata di ogni prodotto lungo tutte le fasi della filiera, dalla produzione affidata a fornitori esterni, al magazzino interno, fino alla distribuzione e post-vendita. L’integrazione con il sistema ERP aziendale garantirà la sincronizzazione in tempo reale delle informazioni, migliorando la qualità del dato e la tempestività delle operazioni. Parallelamente, il progetto prevede il potenziamento della sicurezza informatica e della continuità operativa, mediante l’introduzione di soluzioni EDR con intelligenza artificiale, servizi di SOC attivo H24, backup remoti su storage immutabile e la replica dei sistemi critici su data center esterno. Questa architettura digitale garantirà la continuità di servizio anche in caso di guasti, attacchi informatici o disastri naturali.",ai
NON_AI,"Sviluppo tecnologico di uno studio di architettura, attraverso l’implementazione di tecnologie avanzate quali
visori di realtà aumentata e servizi visual.",ai
NON_AI,Corso di formazione: Utilizzo software PTC CREO con realtà aumentata - livello avanzato,non_ai
NON_AI,"L'idea progetto consiste nello sviluppo e implementazione di nuove funzionalità avanzate sull'app Toora.App in grado di offrire una novità nel settore ovvero le cd. ‘pre-experience’ immersive degli itinerari turistici, in realtà aumentata e virtuale. Una combinazione tra tecnologia innovativa e storytelling molto richiesta dal mercato finalizzata ad: attrarre nuovi turisti, incentivare le visite sul territorio e promuovere un turismo inclusivo e sostenibile. Risponde quindi a un’esigenza chiara e consolidata del mercato: proporre soluzioni innovative che anticipino il futuro del turismo e che migliorino significativamente l’attrattiva e l’accessibilità delle destinazioni meno conosciute. L’obiettivo è puntare su un’esperienza di acquisto integrata, l’espansione internazionale, e la creazione di contenuti promozionali su larga scala.",non_ai
NON_AI,"Il documento descrive il piano di digitalizzazione attuativo per Tecno Group Consulting, con l’obiettivo di ottimizzare l’efficienza aziendale attraverso l’adozione di tecnologie avanzate e la riduzione della documentazione cartacea. 
Le principali iniziative includono:   
1. Obiettivi:  • Ridurre l’uso di carta del 70%.  • Aumentare l’efficienza operativa nei processi amministrativi e contabili.  • Migliorare l’esperienza dei clienti attraverso strumenti di realtà virtuale, riducendo il numero di revisioni progettuali.  
2. Soluzioni Digitali:  • Odoo: Sistema gestionale integrato per centralizzare CRM, contabilità, progetti e magazzino.  • Hardware avanzato: Workstation, visori VR e fotocamera Matterport per supportare la progettazione 3D e presentazioni interattive.  • NAS: Sistema per garantire sicurezza e accessibilità ai file.  3. Attività di Implementazione:  • Fasi di configurazione e installazione di Odoo e hardware.  • Formazione del personale.  • Monitoraggio e ottimizzazione continua basati su feedback.  4. Ricadute Occupazionali:  • Incremento del team con nuove risorse per la progettazione 3D.  • Formazione avanzata del personale esistente per migliorare le competenze digitali.  5. Costi e Sostenibilità:  • Costo complessivo stimato in circa 35.000 € per l’acquisto",non_ai
NON_AI,"L’iniziativa nasce per valorizzare il territorio emiliano-romagnolo attraverso il turismo sostenibile, incentivando la scoperta dei cammini storici e delle aree interne tramite un’app mobile che integra rewarding, gamification e un ecosistema di attività locali. Il progetto Digital Trails intende trasformare questa esperienza in un prodotto SaaS scalabile e replicabile, favorendo una profonda digitalizzazione dei processi aziendali e abilitando nuovi modelli di business sostenibili, accessibili e modulari, rafforzando il posizionamento di Engage sul mercato della digitalizzazione turistica, con una piattaforma che permette di raccogliere dati utili, attivare economie locali e offrire esperienze immersive. Il progetto prevede l’introduzione di tecnologi avanzate quali automazione e integrazione dei processi operativi, intelligenza artificiale, cloud, Big Data Analytics, gestione digitali delle partnership, digitalizzazione della customer journey e adozione di sistemi di pagamento integrati, cyber security. Per Engage significa una corte espansione del mercato a livello nazionale ma anche all’estero (paesi come Spagna e Francia), aumento del 60% nel numero di utenti attivi e un incremento delle revenue del 70%.",ai
NON_AI,"Il progetto ""MarmoGranito: come la digitalizzazione cambia il settore della pietra naturale"" si propone di sviluppare MarmoGranito.it, il primo e-commerce della pietra naturale in Italia. Questa iniziativa intende trasformare il settore, consentendo ai clienti di personalizzare lavorati in marmo, granito e altre pietre attraverso tecnologie come la realtà aumentata e la visualizzazione 3D. L’obiettivo è ottimizzare una piattaforma multi-store, multi-lingua e multi-valuta per facilitare l'espansione nei mercati internazionali e migliorare l'efficienza operativa.
Obiettivi della Strategia Digitale
Il progetto ha diversi obiettivi, tra cui:
1.	Vendita online attraverso tecnologie avanzate.
2.	Lead generation per attrarre clienti internazionali.
Obiettivi di Digitalizzazione (3 anni)
Tra i principali obiettivi da realizzare nei prossimi tre anni ci sono:
1.	Miglioramento della condivisione delle informazioni tra fornitori e clienti.
2.	Aumento delle capacità analitiche per previsioni e simulazioni.
3.	Incremento dell’automazione dei processi.
4.	Ottimizzazione del modello di business per snellire i processi interni.
5.	Sviluppo dell'e-commerce per la vendita online tramite configurazione 3D.
Obiettivi SMART
Gli obiettivi sono formulati secondo il principio SMART e includono indicator",non_ai
NON_AI,"L'azienda si appresta a intraprendere un profondo processo di rinnovamento digitale, puntando su tecnologie all'avanguardia come il Building Information Modeling (BIM) e la realtà virtuale. Questo ambizioso progetto mira a ridisegnare completamente i flussi di lavoro interni, migliorando sensibilmente la qualità dei progetti realizzati e rafforzando la competitività sul mercato. L'obiettivo ultimo è quello di ottimizzare l'utilizzo delle risorse aziendali, massimizzando l'efficienza e l'efficacia di ogni attività, in linea con la visione strategica dell'azienda. L'adozione di strumenti come il BIM, che consentono di creare modelli tridimensionali dettagliati delle costruzioni, permetterà di visualizzare e gestire i progetti in modo più intuitivo e collaborativo, facilitando la comunicazione tra i diversi reparti e ottimizzando i tempi di realizzazione. Parallelamente, l'azienda investirà nella formazione del proprio personale, sia tecnico che non tecnico, promuovendo un costante aggiornamento delle competenze e favorendo lo scambio di conoscenze tra i diversi reparti. Questo consentirà di sfruttare al meglio le potenzialità delle nuove tecnologie e di creare un ambiente di lavoro sempre più innovativo e dinamico. Il nostro progetto rappresenta una vera e propria rivoluzione nel m",non_ai
NON_AI,"L’Hotel Tokio è un hotel 3 stelle nel cuore della Riviera Romagnola, a Lido di Savio (RA), e gestito dalla BLUE HOLIDAYS SRL. L’hotel Tokio è una struttura storicamente premiata nella Riviera Romagnola, con un crescente miglioramento della qualità e dei servizi offerti. L’azienda ha deciso di intraprendere un percorso di digitalizzazione avanzata con investimenti mirati a migliorare l'infrastruttura tecnologica e i servizi per i clienti. I principali interventi includono l'installazione di una rete Wi-Fi avanzata in fibra ottica, dispositivi smart per la sicurezza, la domotica e il controllo dei consumi energetici (sonde termiche, elettrovalvole, sistemi domotici, videosorveglianza digitale). È prevista anche la creazione di un software gestionale 4.0 personalizzato, integrato con una web app e due applicativi mobile (per dipendenti e clienti), che consentiranno una gestione centralizzata e semplificata dei processi interni. Inoltre, saranno adottate soluzioni cloud e intelligenza artificiale per la gestione documentale e operativa in tempo reale, insieme a strumenti evoluti per il supporto decisionale, la manutenzione predittiva e l'ottimizzazione delle performance.",ai
NON_AI,"Il Comune di Romans d’Isonzo da anni è impegnato nella valorizzazione del patrimonio storico archeologico della necropoli longobarda, rinvenuta a fine anni Ottanta sul territorio comunale. Attualmente visitabile in uno spazio espositivo provvisorio, con molteplici progettualità si intende volgere al trasferimento e alla valorizzazione dei reperti all'interno del contenitore definitivo individuato presso Casa Candussi Pasiani. L’obiettivo dell’attuale progetto consiste nell’implementazione della sala immersiva dedicata alla necropoli longobarda, accessibile a tutte le persone, anche a quelle con disabilità, ed attrezzata con sistemi di realtà virtuale. Il progetto verrà sviluppato in un contesto già adeguato sul piano dell’accessibilità. Fine ultimo del progetto è quello di offrire anche agli utenti con disabilità un'esperienza di visita innovativa ed interattiva individuando le attrezzature (software) e le soluzioni tecnologiche più innovative.",ai
NON_AI,"Gli interventi previsti includono l'aggiornamento tecnologico delle postazioni di lavoro, l'acquisizione di licenze software avanzate e la ristrutturazione degli ambienti di lavoro per garantire un ambiente ergonomico e funzionale. Infine, sarà garantita la sicurezza dei dati con l'installazione di un NAS.

Il progetto mira a implementare soluzioni digitali avanzate per migliorare l'efficienza gestionale e produttiva dell'azienda. Questo sarà possibile grazie all'inserimento di un nuovo parco macchine composto da una stampante 3D e un plotter 4.0; inoltre verranno effettuati investimenti in ottica di rafforzamento  visibilità, identità   tramite un Insegna  aziendale, velocità e relazione con cliente grazie ad  un punto cassa interattivo con schermo touch.

Inoltre, il progetto prevede l'ottimizzazione della relazione con i clienti B2B e B2C attraverso l'inserimento di un nuovo sito web e una piattaforma e-commerce. L'innovazione sarà favorita dall'uso di tecnologie abilitanti come CRM, ERP e strumenti di intelligenza artificiale.",ai
NON_AI,"OBIETTIVI
Il progetto afferisce alla tematica FORMAZIONE SPECIALISTICA PER LINTRODUZIONE DI INNOVAZIONE in particolare per quanto riguarda le TECNICHE O TECNOLOGICHE DI MIGLIORAMENTO  E  SVILUPPO  DELLE  ATTIVITÀ  PRODUTTIVE  AZIENDALI  individuata  fra  le
premianti nellAvviso 1 2025 ed e finalizzato a fornire competenze specifiche per effettuare la manutenzione preventiva e correttiva delle macchine utilizzate nelle attivita agricole cosi da mantenere in buone condizioni le attrezzature, ridurre i costi di manutenzione e garantire il miglioramento e, laddove possibile, un ulteriore sviluppo delle attivita produttive aziendali. Nello specifico, lobiettivo del corso e quello di favorire lapprofondimento dei vari tipi di macchinari utilizzati  in  campo  agricolo,  delle  loro  funzioni  e  del  loro  ruolo  nei  processi  agricoli,  il trasferimento  delle  procedure  di  base  per  la  manutenzione  regolare  e  straordinaria  delle macchine agricole al fine di prevenire guasti e prolungare la durata operativa dei macchinari, lacquisizione di competenze pratiche per diagnosticare e risolvere eventuali problemi tecnici che possono  verificarsi  sui  macchinari  agricoli, ...",non_ai
NON_AI,"Il progetto ""Museo Virtuale Elvira Notari"" combina innovazione, cultura e tecnologia per preservare la figura di Elvira Notari, una pioniera del cinema italiano. Risponde a esigenze di conservazione del patrimonio culturale, utilizza la Realtà Virtuale per esperienze immersive e promuove la consapevolezza sul ruolo delle donne nel cinema muto. Le attività includono ricerca, progettazione grafica, produzione di contenuti e promozione. Gli obiettivi sono la creazione di un museo virtuale accessibile e il coinvolgimento di un pubblico ampio, con risultati attesi come l'aumento della conoscenza sulla regista e il miglioramento dell'offerta culturale locale",non_ai
NON_AI,"Obiettivo è la valorizzazione della sede della Biblioteca comunale di Medea quale luogo di promozione culturale e turistica del territorio e del patrimonio culturale, storico e naturalistico della comunità, attraverso:
¿	Installazione Display interattivo interno alla Biblioteca,  che consentirà la fruizione di contenuti multimediali sul monumento dell’Ara Pacis, le risorse naturalistiche e la storia locale, offrendo esperienze interattive e accessibili anche a persone con disabilità.
¿	Installazione di un Totem multimediale esterno, all’ingresso della Biblioteca e attivo H24, con contenuti informativi e multimediali relativi ai servizi della Biblioteca e ai Siti e luoghi di interesse.
¿	Potenziamento della connettività interna
¿	Produzione Contenuti multimediali: realizzazione Virtual Tour e contenuti realtà aumentata inerenti risorse culturali, naturalistiche e storiche del territorio. I contenuti saranno accessibili e fruibili sia in Biblioteca che da remoto e in mobilità",non_ai
NON_AI,"Il progetto ha come obiettivo il rafforzamento della posizione competitiva di Claind attraverso l’implementazione di soluzioni digitali integrate. Gli obiettivi, pianificati in un orizzonte temporale di 12-15 mesi, sono SMART e mirano a migliorare la qualità, l’efficienza operativa e la soddisfazione del cliente. Gli obiettivi specifici includono:
Ottimizzazione del Controllo Qualità e Gestione delle Non Conformità
Miglioramento del Customer Service
Potenziamento del Reparto R&S
Accessibilità e Diffusione delle Informazioni Strategiche

Le soluzioni tecnologiche selezionate sono focalizzate sull'integrazione dei sistemi aziendali e sull'adozione di strumenti per la gestione della qualità, il customer service, e la ricerca e sviluppo, con attenzione a scalabilità, facilità d’uso e compatibilità con i dispositivi mobili.
Sistema di Gestione della Qualità (QMS): supporto alla gestione documentale, delle non conformità, audit e fornitori. Il sistema sarà integrato con l’ERP per il monitoraggio dei KPI di qualità.
Sistema di Ticketing (ST): gestione dei ticket di assistenza tecnica e commerciale, con integrazione verticale e orizzontale con l'ERP in dotazione e strumenti di machine learning per l'automazione della gestione.
Planning & Management Tool (PMT): strumento per il supporto a",non_ai
NON_AI,"Il progetto SPIDER mira a rivoluzionare il settore immobiliare attraverso l'integrazione di tecnologie innovative come la realtà aumentata (AR) e la blockchain. Le finalità principali del progetto si concentrano sull'ottimizzazione dei processi di visualizzazione e personalizzazione delle proprietà immobiliari, garantendo al contempo transazioni più sicure, efficienti e trasparenti.",non_ai
NON_AI,"Il progetto prevede il rilancio turistico di tutto l’agro aversano, prevede un afflusso di turisti che crescerà costantemente nel tempo senza alcuna stagionalità.E’ prevista la realizzazione di un sito internet tradotto nelle principali lingue straniere, in grado di pubblicizzare tali attrattori turistici nei confronti dei potenziali turisti stranieri per convogliarli sul territorio. Per far ciò oltre al sito, ed alla traduzione dello stesso, il sito sarà munito anche di realtà aumentata, ovvero di sistemi che potranno consentire al visitatore da remoto di perlustrare in anteprima le attrazioni turistiche presenti sul territorio.",non_ai
NON_AI,"Il progetto riguarda la Pinacoteca M. Davanzo e prevede, sintenticamente l'acquisizione di attrezzature ICT quali app culturale sviluppata per sostenere contenuti di Realtà Aumentata, totem/pannelli informativi arricchiti da esperienze tattili per non vedenti o ipovedenti e l'acquisto di tablet ad uso esclusivo della Pinacoteca M. Davanzo.
Gli obiettivi e risultati che si intendono raggiungere sono:
- Incrementare le visite attraendo scolaresche e familiari anche da fuori regione, oltre che il pubblico vacanziero.
- Favorire l'interazione tra i visitatori attraverso funzioni sociali dell'app.
- Accrescere la sensibilità verso le immagini ritratte nelle opere d'arte pittoriche raffiguranti paesaggi e scorci realmente esistiti o ancora presenti, propedeutica alla comunicazione a alla diffusione della conoscenza dell’arte pittorica locale, in relazione al territorio.
- Rendere più accessibile e inclusiva l'esposizione
- Promuovere la cura del territorio.",non_ai
NON_AI,"Il progetto si propone di implementare una soluzione innovativa che combini rilievo laser scanner 3D e realtà virtuale, al fine di consentire una fruizione immersiva e interattiva di immobili e beni architettonici. L’idea nasce dall’esperienza pluridecennale della GST nel settore dei rilievi topografici e tridimensionali, e intende rispondere alla crescente domanda di strumenti digitali in grado di migliorare la conservazione, la valorizzazione e l’accessibilità del patrimonio edilizio e culturale. La tecnologia proposta permetterà ai clienti, pubblici e privati, di esplorare in modalità virtuale gli spazi rilevati, interagendo con l’ambiente e accedendo a informazioni contestuali utili a fini progettuali, turistici, documentali o didattici. Il progetto prevede l’acquisto di un nuovo laser scanner ad alte prestazioni, l’aggiornamento dell’infrastruttura hardware e l’adozione di software avanzati per la modellazione 3D e la generazione di ambienti virtuali. L’adozione di tali soluzioni migliorerà significativamente la qualità del servizio offerto, la gestione dei dati e l’efficienza operativa, favorendo l’espansione in nuovi mercati e contribuendo alla sostenibilità ambientale riducendo la necessità di sopralluoghi fisici.",non_ai
NON_AI,"L’INAF Trieste, segue la tradizione iniziata da Margherita Hack e promuove lo sviluppo della
conoscenza nella scuola e nella società mediante attività formative e di divulgazione
mantenendo un forte legame con città e Regione. Il progetto si propone di sviluppare
un’esperienza innovativa di divulgazione astronomica sfruttando le potenzialità della Realtà
Aumentata (AR) e Realtà Virtuale (VR) attraverso visori XR. La AR consentirà di visualizzare
costellazioni e pianeti del sistema solare che prenderanno forma nello spazio fisico circostante,
offrendo un’esperienza di osservazione diretta. Gli approfondimenti in VR trasporteranno gli
utenti in ambienti simulati, come la superficie della Luna o di Marte, grazie all’utilizzo di
immagini storiche e dati osservativi. La sperimentazione di nuove metodologie di divulgazione
scientifica permetterà di ampliare l’accesso alla conoscenza, rendendo i concetti astronomici
più chiari e accessibili anche a chi non ha una formazione specialistica.",ai
NON_AI,"I titolari dell'azienda, soci fondatori della stessa, hanno individuato la strategia da seguire nel prossimo periodo, definendo i seguenti obiettivi:
1) Ampliare la conoscenza dei prodotti e dei servizi DARWIN, grazie a strumenti digitali di realtà aumentata e di sviluppo di modelli digitali 3D - avendo lanciato nel 2024 una linea di prodotti proprietaria Darwin che necessita di essere diffusa e fatta conoscere, questo obiettivo è completamente coerente con il piano di sviluppo aziendale che l’impresa intende perseguire; tale investimento è coerente con l'assesment, che evidenzia una carente maturità digitale nei processi che coinvolgono clienti e mercati e per i quali l’azienda ha la necessità di investire.
2) Migliorare la gestione dei processi aziendali di:
a) sviluppo e produzione, inserendo nell'attuale gestionale il modulo per la gestione della produzione interna, collegato alla vendita di prodotti e ricambi;
b) collegamento nell'attuale gestionale del modulo CRM per favorire la condivisione delle informazioni di business internamente all'azienda e migliorare la comunicazione digitale con i clienti (documenti, mail, gestione dei ticket e dell'assistenza) 
3) aprire un e-commerce DARWIN per la vendita dei ricambi. Lo step successivo, anche nel rispetto delle evidenze emerse",non_ai
NON_AI,"Il progetto prevede l’installazione, all’interno di uno showroom aziendale, di un sistema immersivo composto da un Ledwall ad alta risoluzione (3x3 metri) e da visori di realtà aumentata/mista (Meta Quest 3), integrati con software avanzati per la creazione di contenuti interattivi in tempo reale. L’obiettivo è incrementare la flessibilità, l’efficienza e la produttività nei processi organizzativi e di servizio, offrendo una nuova modalità di presentazione di prodotti, progetti e soluzioni aziendali. Il Ledwall fungerà da portale visivo scenografico per contenuti digitali dinamici, mentre i visori AR permetteranno ai clienti di interagire con ambientazioni virtuali personalizzate, simulazioni 3D e configurazioni live, migliorando la comprensione e la percezione del valore dell’offerta aziendale.",ai
NON_AI,"Il progetto di LUXOR S.r.l. ha l’obiettivo di implementare una piattaforma software modulare per la digitalizzazione avanzata dei propri processi interni, con particolare riferimento alla gestione degli acquisti, dei fornitori e dei flussi operativi. La soluzione sarà sviluppata su architettura cloud e basata su tecnologia Next.js, Supabase e PostgreSQL, con funzioni avanzate di analisi predittiva, dashboard interattive e automazione decisionale. L’intervento mira a migliorare il coordinamento tra reparti, ridurre i costi operativi e aumentare la capacità di controllo strategico tramite l’elaborazione automatizzata di KPI e alert. La piattaforma permetterà a LUXOR di ottimizzare l’allocazione delle risorse, ridurre la dispersione informativa e gestire in modo più efficiente le forniture aziendali. Il progetto introduce tecnologie abilitanti 4.0 come Big Data Analytics, machine learning, integrazione verticale e cloud computing, innalzando significativamente il livello di maturità digitale dell’impresa. LUXOR intende così potenziare la propria competitività e operatività in un’ottica di efficienza, sostenibilità e innovazione.",ai
NON_AI,"Tessitura Selva è un’impresa che opera da 90 anni nel settore della produzione di attrezzature per la spiaggia, piscina e giardino. Ancorati alle nostre radici artigiane, abbiamo saputo intraprendere la produzione industriale delle attrezzature diventando leader del settore grazie alla capacità di adattamento al mercato e alla continua ricerca e sviluppo in nuove tecnologie. Il nostro progetto di digitalizzazione punta a un’evoluzione tecnologica dei processi produttivi e commerciali, rafforzando la nostra competitività sul mercato di riferimento. Il progetto prevede l’acquisto di due macchinari industriali per la saldatura ad alta frequenza interconnessi ai sistemi aziendali, che permetteranno una produzione più efficiente, precisa e automatizzata, riducendo i costi operativi, il consumo energetico e gli sprechi di materiale. Parallelamente verrà implementato un software di configurazione 3D, accessibile dal nostro sito web, che consentirà ai clienti di personalizzare i prodotti in tempo reale, migliorando altresì l’esperienza d’acquisto. Inoltre, l’adozione di un visore di realtà virtuale munito di software dedicato permetterà di creare scenari immersivi da utilizzarsi in fiere ed eventi, potenziando le nostre strategie di marketing e vendita",non_ai
NON_AI,"L’intervento si articola nelle seguenti tipologie previste dall’avviso: a) uso di tecnologie ICT per promozione, prenotazioni e gestione contenuti via app mobile e strumenti digitali per il marketing educativo; b) innovazione di processo nei servizi culturali: exhibit interattivi e laboratori che stimolano l’apprendimento attraverso gioco e sperimentazione; c) strumenti e servizi tecnologici per l’inclusione, tramite percorsi progettati secondo il Design for All (alta leggibilità, percorsi tattili, audio descrizioni multilingue), garantendo fruizione da parte di persone con disabilità motorie, sensoriali e cognitive anche attraverso realtà aumentata; e) nuovi modelli organizzativi che integrano attività museali, educative e sociali in una piattaforma gestionale unica.",non_ai
NON_AI,"La Farie dal Checo è un'antica fucina di fabbro, risalente al 1400, oggi di proprietà della Comunità di montagna della Carnia e musealizzata. Attraverso il progetto si intende creare uno strumento che permetta l’esperienza di una visita alla fucina in attività. Nel dettaglio sono previste: - Creazione di una web app per la fruizione del percorso tematico di visita - Creazione del percorso di visita (anche virtuale) in più lingue (italiano, inglese, tedesco, friulano) narrativo con 5 focus, ciascuno dei quali sarà caratterizzato da video render 3D: fuoco, maglio, incudine per la tempra, mola, spazio esterno con roggia e mulini - Sound design integrato - Grafica personalizzata - Produzione di cartellonistica con QR code - Consegna dei contenuti di visita virtuale in formato video da caricare sul sito web della Rete Museale CarniaMusei. - Acquisto tablet e cuffie bluetooth a conduzione ossea per la realtà aumentata sonora.",non_ai
NON_AI,"Mobili Dondi Srl presenta un progetto di trasformazione digitale finalizzato a innovare i processi di vendita, gestione logistica e progettazione del prodotto.
Il piano prevede l'implementazione di un gestionale verticale customizzato per la digitalizzazione completa dei punti cassa dei punti vendita, con gestione integrata di articoli, pagamenti multicanale, promozioni, programmi di fidelizzazione e invio automatizzato di comunicazioni.
Parallelamente verrà digitalizzata l'area magazzino, con gestione multi-sede delle giacenze in tempo reale, ordini automatici ai fornitori, sistemi di alert e strumenti di analisi predittiva per l’ottimizzazione delle scorte.
Il progetto include anche l’introduzione di un configuratore per divani con tecnologie di realtà aumentata, che permetterà la personalizzazione dei prodotti, migliorando l’esperienza cliente e riducendo gli errori progettuali.
Saranno installati sistemi contapersone evoluti, integrati con intelligenza artificiale per analizzare i flussi di affluenza e supportare decisioni strategiche.
Completa il progetto la digitalizzazione documentale a supporto della sostenibilità. L'intervento mira a costruire un ecosistema digitale integrato, scalabile e flessibile, aumentando il livello di maturità digitale e la competitività",ai
NON_AI,"Lo Studio Dentistico Pieroni ha sviluppato un intervento attuativo per digitalizzare i processi diagnostici e operativi, migliorare la sicurezza dei dati e potenziare le competenze del personale, al fine di raggiungere maggiore efficienza e qualità del servizio.

Obiettivi dell’Intervento
Digitalizzazione del Processo Diagnostico: Implementare lo scanner intraorale TRIOS 5 per eliminare le impronte manuali, con un KPI di riduzione del 50% nei tempi di diagnosi entro il primo anno.
Produzione Interna di Modelli Dentali: Utilizzare una stampante 3D per ridurre i tempi di consegna dei modelli del 40%.
Miglioramento della Sicurezza Informatica: Implementare sonde di cybersecurity, con l’obiettivo di zero incidenti di sicurezza nel primo anno.
Formazione del Personale: Assicurare che tutto il personale completi un programma di formazione per l'uso delle nuove tecnologie.
Ottimizzazione del CRM: Automatizzare le comunicazioni per migliorare la fidelizzazione dei pazienti del 30% entro il secondo anno.
Soluzioni Digitali Previste
Le tecnologie identificate includono lo scanner intraorale TRIOS 5 con intelligenza artificiale, una stampante 3D Anycubic, sonde di cybersecurity, un CRM avanzato (Keap) e Smart TV per la condivisione di immagini con i pazienti. Queste soluzioni sono state sel",ai
NON_AI,"Il progetto TroTour Mediterraneo nasce per rispondere alla crescente domanda di contenuti educativi innovativi che raccontino la storia e le tradizioni locali in modo coinvolgente e accessibile, con un focus specifico su bambini, scuole e famiglie, attraverso la realizzazione di una piattaforma educativa digitale che integra tecnologie innovative per valorizzare gli attrattori individuati, con particolare attenzione alla didattica per bambini e alle esperienze familiari.  Esperienze immersive in realtà aumentata (AR) per esplorare il museo con contenuti interattivi e adatti a un pubblico giovane. • Materiali educativi scaricabili, pensati per scuole e famiglie, per approfondire la conoscenza della Dieta Mediterranea in modo ludico e accessibile.",non_ai
NON_AI,"Il progetto propone di trasformare l’archivio storico di Promosedia in un’esperienza digitale coinvolgente, immersiva e accessibile attraverso visori di realtà virtuale, postazioni interattive e una piattaforma web. Grazie alla digitalizzazione dei documenti e la scansione 3D dei prototipi, i visitatori potranno esplorare ambienti ricreati virtualmente e rivivere uno specifico periodo della storia della Capitale della Sedia. La mostra virtuale consente un’estensione e superamento dei limiti fisici dello spazio espositivo reale, offrendo un accesso più ampio e dinamico al patrimonio culturale. La gamification arricchirà ulteriormente l’esperienza ed i percorsi tematici stimolando la curiosità e l’apprendimento attivo. Oltre a valorizzare il patrimonio, il progetto favorisce la conservazione digitale e amplia il pubblico, rendendo l’archivio accessibile ad appassionati, studiosi e alle nuove generazioni. Un archivio e un viaggio immersivo nella storia del design dagli anni ‘80 al 2009.",non_ai
NON_AI,"La Villa Romana di Positano è valorizzata attraverso ""La Villa delle Meraviglie"", una visita guidata teatrale che offre un'esperienza immersiva tra l'antica Roma, il Medioevo e l'età contemporanea. Il progetto include attori in costume, musiche originali e tecnologia come la realtà aumentata, permettendo ai visitatori di esplorare la villa attraverso il proprio smartphone. Le visite si svolgono quattro volte al giorno, con un massimo di 30 spettatori per spettacolo, della durata di 45 minuti, in italiano e inglese, al costo di 15€. Il progetto mira ad aumentare le visite alla villa e a rafforzare l'attrattività turistica di Positano, proponendosi come modello innovativo per la valorizzazione del patrimonio culturale della Costiera Amalfitana.",non_ai
NON_AI,"Il progetto ""Irpinia Wine Hub"" si propone di valorizzare il patrimonio vitivinicolo dell'Irpinia, trasformando l'Enoteca Regionale in un centro per il turismo culturale ed enogastronomico. Nonostante il potenziale turistico della Campania, l'Irpinia rimane poco conosciuta. Il progetto punta a promuovere un turismo esperienziale attraverso una piattaforma digitale innovativa, includendo realtà aumentata e virtuale, e un sistema di e-commerce basato su blockchain. Sono previsti eventi culturali, degustazioni e attività inclusive, con un focus sulla co-creazione con imprese culturali e enti pubblici. Gli obiettivi includono un aumento del 30% dei flussi turistici e il rafforzamento dell'identità territoriale.",ai
NON_AI,"Il progetto di valorizzazione digitale del Castello di Gemona mira a combinare tradizione e innovazione, offrendo un'esperienza immersiva tramite tecnologie come postazioni interattive e realtà virtuale e aumentata. Il castello, con le ex carceri e la torre dell'orologio, sarà reso fruibile anche per persone con disabilità. Il progetto prevede un'analisi iniziale, l'installazione di infrastrutture tecnologiche e la formazione del personale. Al termine, una campagna promozionale aumenterà la visibilità del castello, rafforzando il legame con la comunità locale e internazionale.",non_ai
NON_AI,"L'intervento riguarderà la ristrutturazione dell'unità operativa esistente con l'obiettivo di creare uno spazio molto luminoso, dove progettare arredi d’interni personalizzati e presentati al cliente finale tramite strumenti di rendering 3D e supporto di realtà virtuale. Vogliamo creare un ambiente giovane e dinamico, caratterizzato da arredi di design che sappiano emozionare, ma soprattutto rispecchiare un alto livello di efficienza. Verranno anche sostituiti i corpi illuminanti con fari LED di ultima generazione, per ottenere una luce che non distorca la realtà, ma che esalti le caratteristiche della merce esposta, creando anche fasci di luce per mettere in risalto mobili e oggetti. Infine, saranno implementati sistemi di videosorveglianza esterna e nel magazzino per prevenire furti e sarà introdotta una nuova organizzazione del magazzino con carrelli.",non_ai
NON_AI,"Il progetto “SWAROVSKI OPTIK DIGITAL TRANSITION” nasce con l’obiettivo di accompagnare la struttura Camp Experience – brand experience di Swarovski Optik – in un percorso avanzato di transizione digitale, rafforzando la competitività attraverso l’integrazione di strumenti e tecnologie innovative. L’intervento prevede l’adozione di una strategia digitale omnicanale, la produzione di contenuti multimediali professionali, l’ottimizzazione dei canali social e l’implementazione di tecnologie immersive e phygital, tra cui chatbot interattivi, sistemi NFC e strumenti per l’analisi del comportamento degli utenti.
L’investimento consente di riorganizzare i processi di marketing e customer experience secondo logiche data-driven, con impatti diretti sulla visibilità, la fidelizzazione e l’efficienza comunicativa. Il progetto promuove inoltre l’adozione di un modello organizzativo digitale più flessibile, sicuro e sostenibile, in linea con i principi dell’Agenda Digitale dell’Emilia-Romagna, del Piano Impresa 4.0 e della Strategia Europea per i Dati.",ai
NON_AI,"Il progetto prevede l¿implementazione di nuove procedure operative che prevedano strumenti di Realtà Aumentata al fine di migliorare la qualità e la sicurezza delle lavorazioni effettuate.
In particolare attraverso nuovi dispositivi AR le lavorazioni più critiche e difficili potranno essere seguite, guidate e supervisionate da remoto da un responsabile qualificato che, quindi, potrà gestire più ¿cantieri¿ contemporaneamente.
Il progetto, inoltre, prevede la possibilità della formazione professionale on the job.",ai
NON_AI,"L¿obiettivo del progetto è l¿ottimizzazione dei servizi e processi aziendali in un¿ottica di integrazione e sviluppo digitale. Verranno introdotte una serie di azioni che, consentiranno di ampliare la proposta di servizi offerti e massimizzare la produttività aziendale. La prima riguarderà l¿ottimizzazione del processo del post-vendita attraverso applicazioni implementate ad hoc. L¿app studiata sarà in grado di prestare assistenza al tecnico in loco tramite sistemi di visualizzazione remota, guide interattive e realtà virtuale. Grande innovazione organizzativa sarà poi introdotta all¿interno dell¿azienda, dove, seguendo logiche di ottimizzazione KAIZEN, e supportando l¿evoluzione con strumenti digitali, si vuole perseguire un significativo efficientamento delle risorse, un miglioramento della produttività aziendale e delle condizioni di lavoro dei collaboratori.  Le innovazioni che saranno apportate si vanno ad inserire in un disegno aziendale già da tempo proiettato verso il 4.0, la digitalizzazione dei processi produttivi, la valorizzazione della produttività dei lavori, e la formazione di competenze adeguate. ABC Bilance introduce una figura che possa pilotare l¿azienda verso il conseguimento degli obiettivi prefissati.",non_ai
NON_AI,"L¿Internet of Things (IoT o Internet delle cose) è una tecnologia che permette di massimizzare le capacità di raccolta e di utilizzo dei dati da una moltitudine di sorgenti (prodotti industriali, sistemi di fabbrica, veicoli di trasporto¿) a vantaggio di una maggiore digitalizzazione e automazione dei processi, della facoltà di sfruttare machine learning e intelligenza artificiale per creare nuovi business e servizi a valore per clienti e consumator.
L¿ IoT estende alle cose i benefici dell¿uso di Internet finora limitati alle persone, permettendo agli oggetti di interagire con altri oggetti e quindi con le persone in modo sempre più digitale. L¿Internet of Things consente di rendere disponibili i dati che servono a comprendere meglio il mondo reale, estrarre informazioni utili ai processi decisionali, aiutare le imprese a intraprendere percorsi d¿innovazione digitale dei business. Vediamo in seguito cos¿è nel dettaglio l¿IoT, come funziona, come si rende più sicuro, dove è impiegato e quali impatti ha sul mercato.",non_ai
NON_AI,Bando Fondo Investimenti - Realtà aumentata e beacon,non_ai
NON_AI,"Il progetto IRCRAM4.0 intende ricercare e sviluppare una nuova metodologia di approccio alla progettazione e realizzazione di manufatti in AM per applicazioni di grandi dimensioni, portando ricadute, sullÃ¢Â¿Â¿area di specializzazione S3 Ã¢Â¿Â¿Manifatturiero AvanzatoÃ¢Â¿Â, fortemente rappresentata nel territorio lombardo dove sono presenti numerose realtÃ¿Â  di ricerca e produttive di rilievo internazionale. In particolare, si pone obiettivi di innovazione allo stato dellÃ¢Â¿Â¿arte nelle tecnologie dellÃ¢Â¿Â¿AM, della robotica e robotica collaborativa, dei sistemi produttivi avanzati e dei sistemi cyber fisici, comportando importanti ricadute sullÃ¢Â¿Â¿ecosistema lombardo dellÃ¢Â¿Â¿innovazione, favorendo la ricerca, lÃ¢Â¿Â¿innovazione e lÃ¢Â¿Â¿aggregazione dei soggetti operanti, in particolar modo nei settori automotive, aerospace, manifatturiero avanzato, energia e ambiente ed edilizia",non_ai
NON_AI,Il progetto intende modificare il lavoro degli operatori aziendali e il rapporto con i clienti. Tre sono le aree di intervento: ideare in via sperimentale un sistema di monitoraggio di attrezzature/mezzi/persone attraverso la geolocalizzazione; sviluppare un sistema di acquisizione e compilazione dei dati delle lavorazioni; sviluppare un servizio di realtà aumentata con contenuti volti all'informazione e/o comunicazione dei lavori svolti e di quelli ancora da realizzare.,non_ai
NON_AI,"Kebra è una Startup Innovativa fondata nel Luglio del 2018 con lo scopo di sviluppare una serie di algoritmi alla base di un IA con funzionalità ¿Know How as a Service¿, per poter assistere il consumatore nelle scelte di acquisto su piattaforme e-commerce. 
In questa fase MVP la finalità della consulenza dell¿Innovation Manager è volta individuare la migliore architettura dell¿algoritmo al fine di sviluppare un prodotto che sia di facile implementazione negli e-store e digital marketplace dei nostri potenziali clienti, dunque facilitare la commerciabilità del prodotto.
Inoltre è necessario attribuire all¿innovation manager incarichi manageriali, volti ad organizzare e gestire focus groups composti da professionisti con specifiche conoscenze per poter migliorare il business model, effettuare conversione dei modelli, pianificare sales strategies e marketing plans ed analizzare il mercato per massimizzare la penetrabilità del prodotto nel mercato.
Il contributo dell¿innovation manager sarà fondamentale anche per poter predisporre strategie di organizzazione aziendale individuando figure chiave con specifiche competenze da inserire nell¿organigramma e fondamentali per il conseguimento della MVP stage.",ai
NON_AI,"Il progetto si articolerà come segue:
1.	Integrazione delle tecnologie di big data/AI nei processi aziendali dei clienti Rulex. L¿adozione di tali tecnologie innovative comporta un cambiamento pervasivo all¿interno delle società, a livello tecnologico, organizzativo e di competenze. Il mio intervento sarà focalizzato nel migliorare tale processo nel suo complesso, con un focus particolare su aspetti di privacy (fondamentali nei processi di Intelligenza Artificiale, come spiegato nel GDPR) e in alcuni settori specifici (per es. IT Travel).
2.	Supporto scaling up aziendale. Tale processo può essere favorito dall¿adozione di diverse politiche che devono essere individuate e implementate tra le quali:
-	Definizione di Strategie di Partnership
-	Pricing Definition
-	Definizione e targetizzazione Value Proposition
3.	Definizione e implementazione di processi di open innovation: co-creazione di contenuti con i propri partner di settore, individuati tramite opportuni processi di qualificazione (competenze, trust, mercato di riferimento, dominio...)
4.	Definizione e implementazione di programmi di education / academy: la formazione deve essere un motore di svolta sia tra i clienti sia tra i partner affinché essi possano implementare / sviluppare soluzioni ad hoc.",ai
NON_AI,"Losi Elena, titolare dello Studio Elle, è attiva nel settore del commercio al dettaglio su catalogo di mobili ed arredi, come indicato dal codice ateco di riferimento 47.91.3. Il valore aggiunto, rispetto a quello di altre attività del settore, è garantito dalle operazioni di progettazione degli ambienti da parte della titolare, che oltre alle operazioni commerciali si occupa di design di interni. Il progetto prevede l’allestimento di una sala mostra per i mobili offerti, adibita a tale scopo mediante alcune opere edili ed elettriche nonché l’acquisto degli arredamenti, oltre che ad una sostanziale operazione di promozione web e non (grazie all’esternalizzazione delle operazioni necessarie ad un fornitore esperto); in più verranno acquistate strumentazioni informatiche e software all’avanguardia, in modo da poter attuare attività di progettazione ad alto livello tecnico. Infine, sarà proposto alla clientela un tour virtuale delle potenziali stanze, per merito dell’utilizzo di un visore a realtà aumentata con programma annesso. Il planning progettuale è pensato in modo da offrire al territorio di riferimento un servizio importante, necessario per permettere alla comunità l’accesso a condizioni abitative ottime: ciò è coerente con lo scopo che il presente bando si prefigg",ai
NON_AI,"Con il progetto 3Di OPERA intende sviluppare un nuovo format di servizi culturali e turistici fortemente digitali, tanto negli strumenti quanto negli approcci.
Il primo campo di sperimentazione di questo pacchetto di esperienze digitali sarà il Picenworld Museum presso Ascoli Piceno, dove Opera inaugurerà uno spazio esperienziale dedicato alla civiltà picena caratterizzato dall’interazione con modelli 3D di reperti e dall’immersione in ambienti di realtà aumentata e realtà virtuale. Il “digitale” sarà applicato anche nell’elaborazione di nuovi servizi educativi, pensati per consentire a bambini e ragazzi di riprodurre attraverso stampanti 3D reperti o frammenti di essi, nonché nella pubblicazione di una GameApp ludico-didattica dedicata alla storia di Ascoli Piceno, che farà dello spazio museale l’hub di un itinerario turistico fortemente tematizzato, la cui narrazione digitale interesserà i principali siti di interesse archeologico della città.",non_ai
NON_AI,"Il progetto di consulenza che si intende avviare, prevede l¿acquisizione di competenze tecniche per la formazione 4.0, in particolare in ambito Realtà Virtuale, attraverso la realizzazione di una piattaforma Cloud per interconnettere i processi formativi dell¿azienda. La Noesi Evolution punta all¿utilizzo della Realtà Virtuale (VR) per l¿erogazione dei servizi di Formazione Digitale. Un dispositivo di realtà virtuale permette agli utenti di interagire con un ambiente simulato e sperimentare una visione dell¿ambiente, simile a quella che si potrebbe avere trovandosi nell¿ambiente stesso. Tali dispositivi saranno utilizzati per creare esperienze di formazione virtualizzate, nei diversi ambiti formativi offerti dalla Noesi, simulando in particolar modo esperienze in VR, quali ad esempio lavori in spazi confinati o operazioni di rimozione amianto. Attraverso l¿utilizzo di un visore economico o, durante le lezioni in aula, di una LIM sarà possibile erogare contenuti streaming on demand (con sistemi quali RemoteFX) che simuleranno ambienti e situazioni. Il vantaggio del realizzare una tale infrastruttura deriverebbe da una qualità dell¿esperienza formativa erogata attraverso una realtà virtuale indipendente dalla potenza dei terminali utilizzati e per tanto, largamente accessibile.",ai
NON_AI,"L¿azienda G-NOUS SRL svolge attività di consulenza amministrativa e gestionale per la pianificazione e gestione aziendale per la propria clientela. Nell¿era dell¿industria 4.0, diventa sempre più importante la gestione di progetti innovativi legati al mondo del big data e del machine learning, temi che per la loro natura richiedono un processo di sviluppo di tipo prototipale. Da qui l¿esigenza di avviare un percorso di accompagnamento per implementare la gestione dei progetti attraverso Metodologie Agili.
Tali metodologie attraverso lo sviluppo iterativo e incrementale e grazie all¿uso della prototipazione rapida, consentono di massimizzare la quantità e qualità dei feedback ricevuti dell¿esterno per i prodotti o servizi erogati. Questa tipologia di percorso garantiscela massimizzazione del valore prodotto favorendo l¿individuazione di nuove soluzioni ad alto contenuto innovativo. 
Al fine di ottenere questi risultati G-noussrl necessita della consulenza di un manager esperto in questi ambiti manageriali e tecnologici, con la finalità di supportare il team e il management aziendale, nello sviluppo software, in particolare in ambito data visualization.",non_ai
NON_AI,"SPECTRA GROUP SRL ha la necessità XXXXXXX. L'obiettivo della consulenza è quello di progettare, sviluppare ed installare un sistema che si occupi di
¿	Automatizzare i processi di controllo qualità
¿	Riconoscere oggetti tramite Computer Vision per guidare l¿avanzamento dei processi interni
¿	Interagire con il personale per fornire o richiedere informazioni necessarie ai processi aziendali
Per lo svolgimento di queste attività sono necessarie competenze di 
¿	Internet delle cose e delle macchine
¿	Interfaccia uomo macchina (HMI)
¿	Integrazione e sviluppo digitale processi aziendali
Il Committente ritiene che il Manager sia in possesso di tutti i requisiti necessari per raggiungere gli obietti prefissi. A tal proposito vengono definiti i seguenti Deliverables.

Entro il termine della consulenza verranno prodotti:
¿	Documento Progetto sistema Eagle
¿	Relazione analisi Test Pilot
¿	Specifica funzionale sistema Eagle
¿	Action Plan per Eagle
 
Il lavoro prevede una consulenza con SPECTRA GROUP SRL da svolgersi all'interno dell'azienda stessa. Per il raggiungimento degli obiettivi, il Manager affiancherà il Committente nelle sue attività quotidiane di gestione e produzione in modo da poter operare in sintonia con gli obiettivi aziendali.",non_ai
NON_AI,"Il 5G è la vera chiave di svolta per la ¿connected society¿e la ¿Digital Life¿.Con il 5G non solo gaming mobile, fotocamera, XR, connettività ma virtualmente qualsiasi cosa promette di diventare più intelligente, veloce ed intuitiva.La promessa del 5G va ben oltre gli smartphone.A differenza del 4G,che ha sviluppato il potenziale delle applicazioni mobili,il 5G Consentirà di esplorare la connettività tra gli oggetti e la loro interazione. Questa è l¿epoca del vero Internet of Things con miliardi di dispositivi connessi, dove l¿intelligenza artificiale può vivere nel palmo della mano invece che solamente nel cloud aprendo nuove opportunità all¿invenzione.La connessione 5G sarà la tecnologia che più di tutte permetterà lo sviluppo di massa dell'Industria 4.0. Per ultimare il passaggio alla quarta rivoluzione industriale sarà fondamentale l¿uso di massa della connessione 5G.Entro il 2035 la connessione 5G permetterà di guadagnare a livello economico più di 12 trilioni di dollari. E avrà un impatto importante anche a livello lavorativo con circa 22 milioni di assunzioni in tutto il mondo. Ci sono alcuni settori che subiranno, in maniera positiva, l¿arrivo del 5G. Si tratta dell¿agricoltura, dell¿assistenza sanitaria, l¿industria manifatturiera e persino persino la formazione e scuol",non_ai
NON_AI,"Implementazione di un programma di sviluppo innovativo per il posizionamento strategico dell'azienda. Un'organizzazione aziendale efficiente sarà propedeutica alla rivisitazione di business e revenue model, garantendo l'integrazione dei processi, la definizione e l'ampliamento della gamma di prodotti/servizi e la diversificazione del business. Questo attraverso l'applicazione di nuovi metodi organizzativi nelle pratiche commerciali, ridefinizione delle strategie e l'individuazione di stakeholder per progetti innovativi attraverso attività di Open Innovation. Il progetto implicherà: analisi del business model attuale per verificare le esigenze di upgrade e individuare i miglioramenti per attuare la strategia; pubbliche relazioni e ricerca di investimenti pubblici e privati per il sostegno alla ricerca e all'innovazione; strategie di comunicazione e Marketing, in chiave innovativa; progettazione e management aziendale; ricerca per l'innovazione tecnologica, sociale ed ambientale; integrazione di sistemi innovativi e tecnologici nell'ambito dello sviluppo di servizi e prodotti (realtà virtuale, realtà aumentata, etc)",non_ai
NON_AI,"AC Immaginario srl per il suo progetto ¿Making¿Art¿ ha la necessità di intraprendere un percorso consulenziale di analisi e sviluppo prototipale della piattaforma in oggetto, volta a integrare, sviluppare, digitalizzare e gestire i processi di vendita ecommerce.
In questo contesto l¿azienda necessità di un manager dell¿innovazione che possa: elaborare una Digital Strategy evidenziando obiettivi, risorse necessarie, dotazioni, risultati attesi; definire le modalità e le funzionalità di integrazione e sviluppo digitale dei processi; disegnare la piattaforma ¿Making¿Art¿ e le peculiarità/funzionalità di ogni strumento digitale di cui è composta (Motore Ecommerce, Portale, APP, ChatBot, CRM); definire programmi di digital marketing per lo sviluppo commerciale e la collocazione della value proposition verso privati, aziende, enti; coordinare il progetto allo scopo di finalizzare gli obiettivi nei tempi prefissati; monitorare l¿operatività dei fornitori identificati, al fine della permanenza dei requisiti del progetto.",non_ai
NON_AI,"Le attività che svolgerà l¿innovation manager sono riconducibili alle seguenti attività:
1.	Analisi dei casi di business e supporto alla ricerca di modelli precedentemente sviluppati per predire il churn.
2.	Identificazione e test di parametri per l¿identificazione per i vari casi identificati delle soluzioni migliori con valutazione di alternative di feature engineering.
3.	Scelta degli algoritmi di machine learning e implementazione dei relativi modelli.
4.	Acquisizione dati da realtà di interesse di Agic Innovation per la realizzazione di casi d¿uso di interesse, con i relativi data mapping.
5.	Sviluppo di logiche e sistemi di data cleaning and unification per l¿armonizzazione delle informazioni gestite dai modelli.
6.	Costruzione di esperimenti con test A/B e confronti dei risultati.
7.	Abilitazione di sistemi predittivi di churn tramite API e web service per la fruizione dei modelli identificati come migliori.
8.	Costruzione sistemi di analisi dati in grado di rappresentare in termini di business intelligence l¿impatto potenziale dei modelli realizzati.",ai
NON_AI,"La presente fornitura ha come obiettivo la stesura del piano di progetto di riorganizzazione dei processi aziendali di al fine di introdurre le seguenti innovazioni tecnologiche volte a potenziare i volumi di lavoro e la conseguente competitività di SELEFOR:
¿	Digitalizzazione documentale
¿	Automazione ed integrazione dei processi;
¿	Implementazione CRM (Customer Relationship Management).
Le aree tecnologiche che saranno potenzialmente impattate dall¿intervento sono legate alla automazione robotizzata dei processi, alla gestione semantica delle informazioni, alla creazione di interazioni uomo-macchina basati su apprendimento automatico (machine learning).
Il piano di progetto conterrà informazioni relative agli obiettivi attesi, l¿analisi del livello di maturità digitale ed organizzativa della realtà promotrice e di quella impattata dall¿innovazione, l¿elenco delle tecnologie da implementare, le aree aziendali impattate, la mappatura degli interessi.",ai
NON_AI,"L’idea progettuale vuole tracciare un nuovo modo di promuovere e fa conoscere il territorio Piceno. Cultura, Agroalimentare, Turismo, ma non solo, anche Artigianato Artistico, Tradizioni Popolari, Costumi e Musei, sono parte integrante di esso  e  fondamenta  di tutta la Regione Marche. La proposta intende mettere assieme l’innato desiderio dell’uomo di giocare, conoscere e raccontare le sue esperienze.
Si intende realizzare un gioco digitale itinerante dove attraverso enigmi, indovinelli, rebus e cruciverba da risolvere,  i giocatori/utenti  possano liberamente scoprire con entusiasmo  luoghi meravigliosi e poco conosciuti, oltre a ricevere sconti e premi con prodotti e servizi del territorio Piceno.  Attraverso il proprio smartphone, con i tag e i QR code appositamente disseminati su tutto territorio Piceno, anche grazie alla realtà aumentata, possano conoscere storie  ed aneddoti  interessanti su piazze, musei e chiese, vivere emozioni  forti e sorridere su particolari intriganti e misteriosi .",ai
NON_AI,"Il progetto prevede l’applicazione di soluzioni innovative per il mondo della gru con l’impiego di nuove tecnologie di controllo, sistemi digitali interconnessi e la creazione di un digital twin a supporto delle varie fasi progettuali. Verrà studiato l’utilizzo di nuovi sistemi di misura, controllo e conduzione della macchina, con il quale poter introdurre tecniche innovative di data acquisition e analysis con lo scopo di migliorare la progettazione, la gestione e la manutenzione preventiva.",ai
NON_AI,"Nel progetto per la realizzazione di sistemi di Visione Artificiale che facciano uso di tecnologia di Realtà Aumentata (RA), device di Realtà Virtuale (RV) e dati 3D l¿azienda V-Ger Srl ha richiesto la consulenza specialista dell¿Innovation Manager Dr Valerio Zaminato per poter sviluppare e utilizzare soluzioni all¿avanguardia. 
In particolare, il lavoro di consulenza mira a supportare l¿azienda nell¿ innovazione, trasferendo all¿ azienda tutto il know-how e le tecnologie necessari ad affrontare questa sfida, in particolare conoscenze riguardanti il settore della Computer Vision, la geometria 3D e l¿ elaborazione delle immagini, oltre che dei vari tools di sviluppo e le librerie tipicamente utilizzati nel settore. La parte fondamentale del lavoro di consulenza riguarderà le strategie per dotarsi di queste tecnologie e i metodi necessari a sviluppare progetti in questo ambito. L¿ azienda in tal modo sarà messa in grado di sviluppare un ambiente virtuale arricchito di informazioni riguardanti gli oggetti inquadrati con dispositivi mobili (smartphone, tablet), o fissi in ambiente industriale (telecamere e fotocamere).
Maggiori dettagli relativi alla consulenza specialistica oggetto della presente richiesta saranno riportati all¿ interno del contratto di consulenza specialistica.",non_ai
NON_AI,"Attività da svolgere
1) Verifica preliminare del progetto con la Direzione aziendale, con relativa mappatura dei processi reali e di quelli a tendere
2) Progettazione nuova struttura organizzativa, con definizione delle strategie, definizione dell'organigramma, definizione funzioni
3) Riorganizzazione della gestione del mercato, con analisi del mercato e  attività di
sviluppo
4) Nuovo flusso operativo dello sviluppo dei prodotti, con una nuova programmazione, identificazione di un software di supporto, implementazione dello stesso
5) Check organizzativo, con la verifica dei punti 2, 3, 4, ed eventuale correzione ed
allineamento agli obiettivi
6) Piano per il passaggio generazionale, con analisi dei presupposti tecnico-professionali delle parti coinvolte, impostazione delle strategie oggettivamente realizzabili per ottenere il risultato desiderato
7) Implementazione del controllo della gestione economica in produzione e del
processo di consuntivazione, con l'introduzione di tempi e metodi, gestione economica della commessa, rilevazione puntuale delle informazioni
8) Analisi delle attività per la trasformazione delle procedure di collaudo da check-list
cartaceo a processi di realtà aumentata
9) Verifica dei risultati ed eventuale riallineamento per il raggiungimento d",non_ai
NON_AI,"La Società General Constructions srl (in breve ¿GC¿) ha definito nel suo piano industriale un processo di attivazione di un Laboratorio di Innovazione centrato su nuove procedure e tecniche applicati al settore edile ed ai servizi associati. L¿obiettivo principale è un efficientamento ed ampliamento della tipologia di servizi offerti, oltre che una migliore qualità specifica delle tecniche progettuali, costruttive e di gestione su edifici a bassa impronta ambientale. Il Laboratorio di Innovazione prevede anche la istituzione di un centro di coordinamento e controllo dei cantieri e della sicurezza dei lavoratori, anche con tecnologie di realtà aumentata e di monitoraggio remoto.
Il laboratorio richiede una fase di definizione degli obiettivi realizzativi nel medio e lungo termine, il coordinamento delle fasi di sviluppo e sperimentazione, e l¿individuazione di una struttura organizzativa in grado di creare una reale sinergia tra innovazione dei processi e dei servizi ed il trasferimento sul mercato.
La scelta della GC è quella di individuare un profilo di Manager con la capacità di individuare il percorso di sviluppo necessario per creare il Laboratorio di Innovazione,  con competenze ed  esperienza per organizzarlo, armonizzare le competenze interne ed esterne, renderlo effica",non_ai
NON_AI,"Il progetto prevede una riorganizzazione gestionale e operativa propedeutica all'avvio di una serie di attività che possono essere sintetizzate in tre macro aree:
1) Attività di digital Marketing orientate al ""product marketing"" attraverso la creazione di contenuti pertinenti e collegati all'esigenza espressa dal cliente con l'obiettivo di migliorare il cross selling.
2) Attività di digital Marketing orientate al ""branding"" attraverso una forte affermazione dell'identità aziendale al fine di identificare in modo chiaro il mercato di riferimento e poter concentrare gli sforzi e gli investimenti nella direzione corretta attraverso i diversi canali offerti dalla comunicazione digitale.
3) Miglioramento della ""Customer Experience"" per valorizzare e dare nuova linfa anche alla tradizionale visita in negozio  attraverso sistemi innovativi di Realtà virtuale e Realtà aumentata nei progetti di arredamento d'interni, nonché accesso in autonomia attraverso il proprio smartphone a tutte le informazioni relative a qualunque articolo presente in esposizione. Possibilità inoltre di seguire lo stato del proprio progetto/ordine/assistenza con tempi certi di evasione.",non_ai
NON_AI,"La Intech Microwaves srl è una srl che opera nel campo della Elettronica, svolgendo attività di progettazione e costruzione di prototipi di apparecchiature a microonde. La intech Microwaves intende rendere innovative le attuali metodologie, procedure e tecniche nel campo del: a) Fast Prototiping; b) Attività post vendita; c) Training on job dei propri dipendenti; d) Logistica; e) Sistemi gestionali; f) Sistemi di produzione.
Nell'ambito dello svolgimento dell'attività medesima, Le parti si impegnano a dare esecuzione, alle condizioni qui di seguito specificate, ad un intervento volto al miglioramento dei processi industriali in ambito Industria 4.0. Il presente intervento mira all¿introduzione di sistemi di visualizzazione quali la Realtà Aumentata e la Realtà Virtuale, per migliorare le condizioni di lavoro, creare nuovi modelli di business e aumentare la produttività e la qualità produttiva degli impianti. 
Partendo da processi industriali consolidati ci si prefigge quindi il miglioramento dei processi stessi mediante l¿uso della realtà aumentata e conseguente realizzazione di dimostratori. a) miglioramento attività di sviluppo e produzione; b)miglioramento dei sistemi Gestionali e di Logistica; c) implementazione di Nuove metodologie di Servizi di post vendita.",ai
NON_AI,"Implementazione di un sistema di realtà virtuale per la presentazione di prodotti e servizi in vendita presso il nostro negozio. Siccome ci occupiamo di sistemi ICT, realizzeremo in proprio buona parte dei contenuti e del software necessario al funzionamento. Il progetto è molto avvenieristico e poco diffuso. L’obiettivo è di portare nuovi clienti ed attrarre clienti dalla città che non sarebbero mai venuti diversamente.",non_ai
NON_AI,"Lo scopo della consulenza è proporre un percorso mirato verso i seguenti obiettivi:
-comprensione, definizione e promozione della brand identity aziendale, da veicolare sui social;
-trasposizione dei valori aziendali nel contesto online, tesa allo sviluppo dell¿immagine della Vs attività in maniera coerente con l¿identità costruita;
-crescita della Vs visibilità online sui media di interesse;
-aumento ed alla creazione di una rete di contatti online e offline;
-miglioramento della vostra capacità commerciale on line.
Nella definizione delle attività necessarie per il perseguimento dei predetti obiettivi, impiegheremo una metodologia di lavoro consistente in fasi che considerano: analisi del contesto, finalità da raggiungere, Utilizzo di realtà aumentata, studio del target di riferimento, definizione del piano editoriale, controllo.
Si cercherà,quindi, di ottenere un elevato engagement attraverso la gestione dei Social Network, le attività di SEM e SEO, le campagne di Advertising, l¿ideazione di Landing page.Tutto ciò per incrementare il tuo traffico web,creando l¿opportunità per i visitatori di trasformarsi in lead e,successivamente,convertirli in clienti.L¿attività di consulenza sarà anche finalizzata all¿utilizzo di un sistema di AR che funga da mezzo di comunicazione v",non_ai
NON_AI,"Il progetto IRCRAM4.0 intende ricercare e sviluppare una nuova metodologia di approccio alla progettazione e realizzazione di manufatti in AM per applicazioni di grandi dimensioni, portando ricadute, sullÃ¢Â¿Â¿area di specializzazione S3 Ã¢Â¿Â¿Manifatturiero AvanzatoÃ¢Â¿Â, fortemente rappresentata nel territorio lombardo dove sono presenti numerose realtÃ¿Â  di ricerca e produttive di rilievo internazionale. In particolare, si pone obiettivi di innovazione allo stato dellÃ¢Â¿Â¿arte nelle tecnologie dellÃ¢Â¿Â¿AM, della robotica e robotica collaborativa, dei sistemi produttivi avanzati e dei sistemi cyber fisici, comportando importanti ricadute sullÃ¢Â¿Â¿ecosistema lombardo dellÃ¢Â¿Â¿innovazione, favorendo la ricerca, lÃ¢Â¿Â¿innovazione e lÃ¢Â¿Â¿aggregazione dei soggetti operanti, in particolar modo nei settori automotive, aerospace, manifatturiero avanzato, energia e ambiente ed edilizia",non_ai
NON_AI,La proposta progettuale della società Volo Consulting consiste nel fornire tramite la realtà aumentata ai visitatori dell'Abbazia di Sant'Angelo in Formis lo strumento di visita e di studio al fine di realizzare un'esperienza full immersion (si incontreranno durante la visita personaggi narratori). La seconda finalità consiste nella realizzazione di un ebook disponibile sui principali digital store con contenuti multimediali consultabile anche non in loco.,non_ai
NON_AI,"Il progetto di innovazione ADD_2020_Virtual alla definizione delle procedure funzionali per la creazione di un futuro algoritmo teso al miglioramento delle procedure informatiche di semplificazione della gestione documentale. Il progetto dovrà puntare a:
1)	definire e creare procedure di automazione nell¿acquisizione ed archiviazione in cloud delle produzioni documentali attraverso l¿associazione automatizzata di etichette a lettura ottica (QR Code) ai fini di una rapida scansione/marcatura/catalogazione dei documenti e conseguente loro tracciabilità;
2)	definire e creare procedure per la lettura dei documenti in simulazione di realtà aumentata con la camera digitale, di un qualunque dispositivo.
L¿obiettivo finale è quello di giungere alla definizione di procedure per una gestione documentale in forma sempre più automatizzata, attraverso l¿ausilio delle logiche in adozione per la Realtà Aumentata applicate al processo di riconoscimento per il tracciamento e la ricerca documentale nonché per la lettura immediata dei contenuti aumentati in overlay.",ai
NON_AI,"Le rapide trasformazioni in atto hanno un inevitabile impatto sul modo di lavorare e formare la classe dirigente. I manager devono essere in grado di operare con maggiore reattività e flessibilità rispetto al passato,poiché si confrontano con un mercato sempre più mutevole, veloce, esigente ed imprevedibile. Diventa necessario aggiornare le competenze con modalità flessibili e compatibili con i tempi di lavoro. Si affermano nuove tematiche e modalità formative, spesso basate su tecnologie innovative come la realtà aumentata o l¿intelligenza artificiale. Le tradizionali modalità di erogazione della formazione sono destinate ad integrarsi con le opportunità offerte dal Digital Learning. SIA sviluppa attività connesse all¿implementazione di un centro di eccellenza per il trasferimento di conoscenze e competenze nel settore dell¿innovazione tecnologica e digitale,sviluppa analisi del fabbisogno professionale del mercato del lavoro e delle aziende; individuazione canali di finanziamento; macro/micro-progettazione dei percorsi formativi; promozione e individuazione dei beneficiari del percorso formativo - erogazione del percorso formativo. Il progetto mira ad ottenere consulenza specialistica e affiancamento nello sviluppo del mercato in questo settore.",non_ai
NON_AI,"La società Santa Chiara srl, costituita nel 2004, si si occupa principalmente della gestione e conduzioni di attività turistico - alberghiere, in particolare, dal 2016 gestisce il Santa Chiara Boutique Hotel, ubicato all'interno di Palazzo Tufarelli, sito in Napoli (Via Benedetto Croce 23) e nell'ambito del quale si inquadra l'intervento proposto (ATECO 55.20.51). Il piano degli investimenti prevede l'allestimento di 4 spazi:
- Sala espositiva ovvero allestimento degli spazi al fine di ospitare mostre, eventi, esposizioni e seminari;
- Scala di Palazzo Tufarelli, valorizzazione della scala attraverso un intervento di illuminotecnica.
- Belvedere Tufarelli ovvero allestimento della terrazza attraverso l'inserimento di nuovi arredi, della filodiffusione, di binocoli professionali per uso esterno e implementazione di una APP con contenuti interattivi e sistema di realtà aumentata che segnali e descriva i punti di interesse visibili dalla terrazza ovvero gli attrattori naturali e culturali, l'APP permetterà di accedere ai contenuti multimediali in realtà aumentata relativi ai principali punti di interesse; inquadrando i punti di interesse sarà possibile vedere immagini e video e leggere testi specifici sugli attrattori.",ai
NON_AI,"Il progetto IRCRAM4.0 intende ricercare e sviluppare una nuova metodologia di approccio alla progettazione e realizzazione di manufatti in AM per applicazioni di grandi dimensioni, portando ricadute, sullÃ¿Â¿Ã¿Â¢Ã¿Â¿Ã¿Â¿Ã¿Â¿Ã¿Â¿area di specializzazione S3 Ã¿Â¿Ã¿Â¢Ã¿Â¿Ã¿Â¿Ã¿Â¿Ã¿Â¿Manifatturiero AvanzatoÃ¿Â¿Ã¿Â¢Ã¿Â¿Ã¿Â¿Ã¿Â¿Ã¿Â, fortemente rappresentata nel territorio lombardo dove sono presenti numerose realtÃ¿Â¿Ã¿Â¿Ã¿Â¿Ã¿Â  di ricerca e produttive di rilievo internazionale. In particolare, si pone obiettivi di innovazione allo stato dellÃ¿Â¿Ã¿Â¢Ã¿Â¿Ã¿Â¿Ã¿Â¿Ã¿Â¿arte nelle tecnologie dellÃ¿Â¿Ã¿Â¢Ã¿Â¿Ã¿Â¿Ã¿Â¿Ã¿Â¿AM, della robotica e robotica collaborativa, dei sistemi produttivi avanzati e dei sistemi cyber fisici, comportando importanti ricadute sullÃ¿Â¿Ã¿Â¢Ã¿Â¿Ã¿Â¿Ã¿Â¿Ã¿Â¿ecosistema lombardo dellÃ¿Â¿Ã¿Â¢Ã¿Â¿Ã¿Â¿Ã¿Â¿Ã¿Â¿innovazione, favorendo la ricerca, lÃ¿Â¿Ã¿Â¢Ã¿Â¿Ã¿Â¿Ã¿Â¿Ã¿Â¿innovazione e lÃ¿Â¿Ã¿Â¢Ã¿Â¿Ã¿Â¿Ã¿Â¿Ã¿Â¿aggregazione dei soggetti operanti, in particolar modo nei settori automotive, aerospace, manifatturiero avanzato, energia e ambiente ed edilizia",non_ai
NON_AI,"La presente fornitura ha come obiettivo la stesura del piano di progetto di innovazione tecnologica finalizzata alla creazione di una piattaforma di pianificazione e sviluppo dei processi commerciali e del piano di internazionalizzazione delle PMI.
Il committente intende creare una innovativa soluzione informatica fruibile attraverso la rete internet ed i sistemi cloud che sia in grado di generare nelle PMI intercettate sul mercato effetti di crescita sulla cultura aziendale, sui processi commerciali, sulle metodologie di analisi e monitoraggio delle performance commerciali, sul posizionamento e sulla internazionalizzazione commerciale sul miglioramento delle performance commerciali delle PMI.
Le aree tecnologiche che saranno potenzialmente impattate dall¿intervento sono legate alla automazione robotizzata dei processi, alla gestione semantica delle informazioni, alla creazione di interazioni uomo-macchina basati su apprendimento automatico (machine learning).
Il piano di progetto conterrà, laddove possibile, informazioni relative agli obiettivi attesi, l¿analisi del livello di maturità digitale ed organizzativa della realtà promotrice e di quella impattata dall¿innovazione, l¿elenco delle tecnologie da implementare, le aree aziendali impattate, la mappatura degli interessi.",ai
NON_AI,"Il progetto di investimento “Realtà aumentata” – le esigenze e le problematiche A causa dell’usura e della conseguente rottura di alcuni componenti, è particolarmente rilevante il problema dell’assistenza al cliente. Tale settore costituisce (e sempre di più costituirà) un argomento di applicazione di Komplet che, grazie a nuovi servizi sofisticati e innovativi, potrà incrementare il proprio organico e il fatturato. Komplet ha iniziato una serie di investimenti per individuare una soluzione che minimizzi gli spostamenti del personale tecnico per l’individuazione dei guasti, per le riparazioni ed anche per il training del personale locale.   Il progetto di investimento “Realtà aumentata” – le soluzioni Lo studio avviato da Komplet ha individuato la possibilità della realizzazione di un sistema per osservare dall’Italia la situazione locale e intervenire da remoto. Il sistema che, a volte, viene utilizzato si limita a una ripresa, una fotografia e una conversazione telefonica. Il progetto di Komplet prevede l’introduzione di un sistema di realtà aumentata con speciali occhiali che permette a due tecnici (uno in Italia ed uno nel paese dove è fisicamente posizionata la macchina) di poter dialogare. Il tecnico italiano potrà mostrare il punto dove è presente l’anomalia e potrà indica",non_ai
NON_AI,"Sintegra intende
ingaggiare un Innovation Manager per raggiungere i seguenti scopi:
- Definire un piano strategico inerente lo stack tecnologico da sviluppare nel
breve/medio periodo, in modo da avere una maggiore competitività sul mercato
- Potenziare la struttura produttiva creando un centro di competenza sulle
tecniche e tecnologie all¿interno dell¿azienda
- Acquisire commesse nell¿area dei Big Data e dell¿analisi dei dati, sia su clienti
esistenti che su nuovi prospect.
In particolare, le attività erogate dal manager saranno le seguenti:
- Analisi dello scenario scientifico-tecnologico nel contesto dei Big Data e
dell¿analisi dei dati;
- Definizione delle linee strategiche di sviluppo del cliente in termini di nuove
tecnologie ed applicazioni da offrire sul mercato di riferimento, con funzionalità
di analisi evoluta dei dati;
- Avvio di un ¿competence center¿ su Big Data e analisi dei dati nell¿ambito della struttura del cliente, tramite azioni di formazione specialistica/training-on-the-job su (i) strumenti e tecniche per lo storage di Big Data; (ii) tools e paradigmi per l¿elaborazione distribuita; (iii) algoritmi di machine/deep learning; (iv) tecniche di programmazione logica
- Supporto all¿area commerciale del cliente, tramite predisposizione di presentaz",non_ai
NON_AI,"MAINFRAME prevede la realizzazione di una nuova architettura software che sarà impiegata internamente all¿azienda ma che verrà utilizzata a livello commerciale. La piattaforma sarà in grado di integrare:
-una applicazione per la gestione dei processi clinici e organizzativi altamente customizzabile secondo i diversi casi d¿uso
-una applicazione mobile per favorire la comunicazione tra gli utenti della piattaforma
-un sistema di device wearable (anche secondo un paradigma IoT) in grado di trasmettere alla piattaforma set di (big) data riferiti alle condizioni di salute, misurazioni ambientali e/o agli stili di vita degli utenti
-un set di servizi intelligenti basati su algoritmi di machine-learning e intelligenza artificiale che,
partendo dai dati raccolti, siano in grado di realizzare nuove funzioni (es.di tipo predittivo) per supportare i clinici nella gestione del loro lavoro.

All¿interno del progetto si richiede l¿intervento di un esperto per supervisionare e gestire la revisione del back-end della piattaforma e lo sviluppo dei servizi finalizzati alla gestione delle interfacce modulari previste. MAINFRAME dovrà rispondere ai requisiti previsti dal GDPR, prevedendo un approccio basato sulla privacy by design ed in grado di trattare conseguentemente tutti i dati previs",ai
NON_AI,"La consulenza del professionista mira ad analizzare il processo dell¿azienda richiedente con l¿obiettivo di evidenziare aree di miglioramento in ambito produttivo e di supporto al cliente finale. In particolare, il lavoro sarà concentrato sull¿analisi delle fasi in cui è possibile implementare le tecnologie abilitanti della Realtà Virtuale (RV) e Realtà Aumentata (RA). Il lavoro si concentra negli aspetti legati alla diagnostica predittiva (RA) dei prodotti del richiedente con l¿obiettivo di migliorare la loro fruizione e la manutenzione da remoto (RV) per massimizzare efficienza e minimizzare i costi. Il processo prevede anche il supporto, da parte del consulente, nella fase di implementazione dei prodotti in fase di beta testing con la definizione di metriche e KPI per dare supporto ed evidenza degli obiettivi raggiunti e dei futuri sviluppi interni e sul mercato.",non_ai
NON_AI,"Il progetto prevede l¿implementazione di nuove procedure operative che prevedano strumenti di Realtà Aumentata.
In particolare attraverso nuovi Visori AR le lavorazioni agli armamenti potranno essere seguite, guidate e supervisionate da remoto da un responsabile qualificato che, quindi, potrà gestire più ¿cantieri¿ contemporaneamente.
Il progetto, inoltre, prevede la possibilità della formazione professionale on the job.",non_ai
NON_AI,"Il progetto ha per obiettivo la digitalizzazione della gestione delle commesse per la manutenzione di impianti industriali. Data la peculiarità di tali impianti, è importante avere un sistema orientato al supporto della manutenzione ordinaria/straordinaria ed al monitoraggio predittivo. La finalità è un sistema per la gestione e la tracciabilità dell¿intervento in termini di: gestione delle risorse, competenze, attività da svolgere, documentazione necessaria, normative sulla sicurezza del lavoro, protocolli di attuazione e relative procedure, materiali idonei e necessari, mezzi e strumenti di intervento. Le attività riguarderanno la ricerca di nuovi approcci, metodi, metodologie e framework per la progettazione di un sistema per l¿analisi predittiva delle manutenzioni. Si svolgeranno inoltre attività di analisi e ricerca per la realizzazione di un dimostratore. Infine si svolgeranno attività di ricerca nell¿ambito dell¿Intelligenza Artificiale (Machine Learning) per la determinazione di modelli predittivi, utili al decision making nell¿individuazione precoce degli interventi manutentivi. Si prevede infine, la progettazione delle interfacce di comunicazione per l¿integrazione tra sistemi, quali: ERP, Sistemi di Project Management (Pianificazione e Schedulazione di commesse) e CMS",ai
NON_AI,"Le cosiddette ""tecnologie immersive"", con particolare riferimento alla realtà virtuale (VR) e alla realtà aumentata (AR), possono potenzialmente svolgere un ruolo interessante nel campo delle applicazioni manageriali e della produzione. Esistono molti casi di successo e queste tecnologie possono essere applicate a diverse attività della catena di approvvigionamento. Tuttavia, esiste un notevole divario nella letteratura e nelle ricerche di gestione, mentre esistono numerosi studi in campo tecnologico e informatico. Pertanto, il presente progetto mira a colmare il divario nel contesto manageriale della società Artinoise SRL, considerando l'AR come innovazione di processo, piuttosto che un prodotto o una piattaforma. Dopo una prima parte, in cui si analizzano le tecnologie e i loro usi attuali nel contesto industriale, gestionale e produttivo, il progetto prende in esame tre direttive nel campo della logistica, su cui la realtà aumentata ha possibilità di applicazione: formazione, razionalizzazione delle operazioni per la gestione del magazzino, logistica e ottimizzazione dei trasporti.",non_ai
NON_AI,"Il progetto è finalizzato allo sviluppo, prototipazione e test tecnologico e commerciale in una piattaforma avanzata di formazione a distanza (e-learning) di concezione innovativa che implementi da un lato funzionalità di intelligenza artificiale (AI) volte a personalizzare l¿esperienza formativa sulla base delle caratteristiche di apprendimento del singolo studente, dall¿altro modalità innovative e più coinvolgenti di interazione didattica basate sul concetto di insegnante ¿virtuale¿, implementato tramite tecnologie olografiche e di Realtà Virtuale (o Aumentata, a seconda delle necessità e opportunità specifiche), per mezzo quindi di una sorta di proiezione tridimensionale dell¿insegnante nel luogo in cui si fruisce della lezione per renderla più realistica e migliorare quindi l¿interazione tra studente e insegnante.
Al fine dell¿implementazione della Realtà Virtuale si sperimenteranno in particolare tecnologie a basso costo, basate su semplici smartphones (WebVR), e modalità di interazione innovative (es: riconoscimento dei movimento oculari), anche nell¿ottica di agevolare l¿esperienza di apprendimento da parte di soggetti affetti da disabilità; a tal fine è ipotizzato il coinvolgimento di strutture di ricerca e riabilitazione specializzate.",ai
NON_AI,"""La Fondazione Alario per Elea-Velia onlus è un'istituzione di promozione e organizzazione della cultura che non persegue fini di lucro.  Nel suo 'core' di progetto di gestione del patrimonio culturale, che si sostanzia - per un verso - in un intervento di miglioramento dei servizi e della qualità dell'offerta culturale nell'area di attrazione di Elea- Velia (sito Unesco) e del più ampio contesto territoriale del Parco Nazionale del Cilento e del Vallo di Diano, di cui intende valorizzare e rafforzare la fruizione, consolidando il legame tra identità e territorio, cultura e turismo sostenibile. il progetto CultuRAlity (sintesi delle parole CULTURa e virtuALITY, che si incontrano nella RA della Realtà Aumentata) ha ad oggetto la creazione di nuovi prodotti e servizi riferiti ai citati siti culturali, attraverso processi di digitalizzazione, virtualizzazione, visual storytelling, nonché la creazione, lo sviluppo e la condivisione di opportunità e occasioni per community culturali e creative, attraverso strategie di User Experience Design, che - ponendo al centro la comunità locale e coinvolgendola nella produzione di beni e servizi - rendano concreti i potenziali di sviluppo del territorio anche attraverso la creazione di nuove relazioni sociali e culturali connesse alla produzione",ai
NON_AI,"L’idea progettuale vuole tracciare un nuovo modo di promuovere e fa conoscere il territorio Piceno. Cultura, Agroalimentare, Turismo, ma non solo, anche Artigianato Artistico, Tradizioni Popolari, Costumi e Musei, sono parte integrante di esso  e  fondamenta  di tutta la Regione Marche. La proposta intende mettere assieme l’innato desiderio dell’uomo di giocare, conoscere e raccontare le sue esperienze.
Si intende realizzare un gioco digitale itinerante dove attraverso enigmi, indovinelli, rebus e cruciverba da risolvere,  i giocatori/utenti  possano liberamente scoprire con entusiasmo  luoghi meravigliosi e poco conosciuti, oltre a ricevere sconti e premi con prodotti e servizi del territorio Piceno.  Attraverso il proprio smartphone, con i tag e i QR code appositamente disseminati su tutto territorio Piceno, anche grazie alla realtà aumentata, possano conoscere storie  ed aneddoti  interessanti su piazze, musei e chiese, vivere emozioni  forti e sorridere su particolari intriganti e misteriosi .",non_ai
NON_AI,"L’idea progettuale vuole tracciare un nuovo modo di promuovere e fa conoscere il territorio Piceno. Cultura, Agroalimentare, Turismo, ma non solo, anche Artigianato Artistico, Tradizioni Popolari, Costumi e Musei, sono parte integrante di esso  e  fondamenta  di tutta la Regione Marche. La proposta intende mettere assieme l’innato desiderio dell’uomo di giocare, conoscere e raccontare le sue esperienze.
Si intende realizzare un gioco digitale itinerante dove attraverso enigmi, indovinelli, rebus e cruciverba da risolvere,  i giocatori/utenti  possano liberamente scoprire con entusiasmo  luoghi meravigliosi e poco conosciuti, oltre a ricevere sconti e premi con prodotti e servizi del territorio Piceno.  Attraverso il proprio smartphone, con i tag e i QR code appositamente disseminati su tutto territorio Piceno, anche grazie alla realtà aumentata, possano conoscere storie  ed aneddoti  interessanti su piazze, musei e chiese, vivere emozioni  forti e sorridere su particolari intriganti e misteriosi .",ai
NON_AI,"Il progetto prevede l¿applicazione di algoritmi di Predictive Analytics per il monitoraggio dell¿indice di efficienza produttiva complessiva (Overall Equipment Effectiveness - O.E.E.) dello stabilimento di Lucca, mediante l¿acquisizione delle variabili di processo (Process Value) e dei parametri di configurazione (Set Point) dei centri di lavoro interconnessi, tenendo in considerazione le logiche di pianificazione e gestione della produzione adottate dall¿azienda. I tools di Predictive Analytics (e.g. modelli statistici ed algoritmi di Machine Learning) permetteranno inoltre di effettuare Root Cause Analysis e  Process Optimization per individuare le variabili critiche all¿interno del processo produttivo, riconfigurando le stesse al fine di ridurre le diverse tipologie di perdite (e.g. perdite da fermate, perdite di velocità, perdite di qualità) e di migliorare l¿indicatore O.E.E.
Grazie a questo progetto l¿azienda riuscirà a soddisfare la crescente domanda di capacità produttiva richiesta dai propri clienti, afferenti a diversi settori (e.g. macchinari industriali, automotive).",ai
NON_AI,"La consulenza è  finalizzata a indirizzare e supportare i processi di innovazione, trasformazione tecnologica e digitale attraverso l¿applicazione delle tecnologie abilitanti quali big data e analisi dei dati, integrazione delle tecnologie e sistemi di visualizzazione, realtà virtuale (RV) e realtà aumentata (RA) con interfaccia uomo-macchina.
L¿obiettivo è la riorganizzazione innovativa del customer service fonte di reddito per l¿impresa attraverso l¿integrazione e sviluppo digitale dei processi aziendali e valorizzazione delle risorse umane coinvolte nel cambiamento organizzativo.
Il tutto supportato da programmi di digital marketing e di branding per valorizzare la customer experience degli utenti, con processi trasformativi e abilitanti per l¿innovazione e valorizzazione del marchio Mida.
L¿incarico manageriale è rivolto inoltre indirizzare e supportare i processi di ammodernamento degli assetti gestionali e organizzativi per la crescita interna delle competenze e supportare lo scale up dell¿azienda, attraverso l¿applicazione di nuovi metodi organizzativi nelle pratiche commerciali, nelle strategie di gestione aziendale, nell¿organizzazione del luogo di lavoro, per un rinnovamento strutturale dell¿intera organizzazione.",non_ai
NON_AI,"L’idea progettuale vuole tracciare un nuovo modo di promuovere e fa conoscere il territorio Piceno. Cultura, Agroalimentare, Turismo, ma non solo, anche Artigianato Artistico, Tradizioni Popolari, Costumi e Musei, sono parte integrante di esso  e  fondamenta  di tutta la Regione Marche. La proposta intende mettere assieme l’innato desiderio dell’uomo di giocare, conoscere e raccontare le sue esperienze.
Si intende realizzare un gioco digitale itinerante dove attraverso enigmi, indovinelli, rebus e cruciverba da risolvere,  i giocatori/utenti  possano liberamente scoprire con entusiasmo  luoghi meravigliosi e poco conosciuti, oltre a ricevere sconti e premi con prodotti e servizi del territorio Piceno.  Attraverso il proprio smartphone, con i tag e i QR code appositamente disseminati su tutto territorio Piceno, anche grazie alla realtà aumentata, possano conoscere storie  ed aneddoti  interessanti su piazze, musei e chiese, vivere emozioni  forti e sorridere su particolari intriganti e misteriosi .",ai
NON_AI,"La piattaforma consisterà in un innovativo ecosistema in cloud, infrastrutturato secondo logiche basate su micro servizi. La piattaforma sarà in grado di agevolare il cittadino e la PA nella gestione e nel relativo procedimento delle istanze attraverso App a mezzo di dispositivi mobile, in particolare, per la fruizione di servizi operanti attraverso lo sportello digitale del cittadino (SPID, PagoPA, ANPR, Domicilio Digitale). Il sistema sarà inoltre dotato di tecnologie innovative quali chat bot e realtà aumentata che faciliteranno ulteriormente l'interazione tra quest¿ultimo e l'utente. La piattaforma grazie ai dati GPS, favorirà l¿individuazione di strutture sanitarie e di supporto, quali mense, dormitori, sportelli di aiuto, consentendo l¿accesso diretto ai servizi erogati agevolandone l¿avvio di istanze e gestendone costantemente il processo di istruttoria. La piattaforma proposta sarà auto adattativa sulla base dell¿utilizzo stesso che l¿utente fa delle funzionalità offerte e grazie anche al continuo arricchimento delle informazioni derivanti dai big data.",ai
NON_AI,"Realizzazione esperienze virtuali multimediali e immersive a 360° basate sulla Realtà Virtuale e applicate all'Economia Circolare a scopo educativo e di sensibilizzazione sui temi riguardanti energia e ambiente.
Progettazione e realizzazione 360 experiences basata su immagini, video e render a 360°, navigabili intuitivamente e da tutti i dispositivi attraverso tasti direzionali, che permette al visitatore di compiere una visita immersiva e interattiva.",non_ai
NON_AI,"L'IoT è inteso come driver essenziale per l¿innovazione tecnologica per attuare la conversione delle tecnologie industriali (Industry 4.0), di raccogliere e archiviare una grossa mole di dati (Big Data).

La consulenza in ambito IoT è orientata a:

-	Ottimizzazione e automazione dei dati e la loro trasformazione digitale
-	R&S sull¿utilizzo di nuovi modelli di business e la mappatura dei flussi e dei processi
-	Industrial Internet of Things (IIoT) per l¿industria pesante, il settore primario e il comparto energetico.
-	Consumer Internet of Things (CIoT) come i Wearables, le smartwatch e smart home, etc.
-	Internet of Everything (IoE) nel mondo degli affari intesa come una rete ¿intelligente¿, in grado di ascoltare, apprendere e rispondere per offrire nuovi servizi e funzionalità nei settori più diversi (dal commercio al settore bancario, da quello assicurativo a quello del wellness).

Le aree principali che assorbono gli investimenti in IoT comprendono: i processi di produzione, i trasporti, le tecnologie smart grid, gli edifici ¿smart¿ e la domotica intelligente. In tutti gli ambiti di utilizzo, l¿IoT include tutte le tecnologie correlate come l¿intelligenza artificiale, cloud computing, cybersecurity, Big Data, tecnologie di connettività/comunicazione, blockchain etc",non_ai
NON_AI,L`azienda intende intrapprendere un ampio progetto di Digital Innovation per migliorare la customer experience attraverso l`utilizzo della RA (Realtà Aumentata).,non_ai
NON_AI,"Il progetto si prefissa l¿ obiettivo di guidare l¿azienda nel processo di analisi, progettazione e sviluppo di un applicativo ad alto contenuto innovativo per la creazione di una nuova strategia commerciale basata sui più moderni strumenti di digital marketing, analisi di big data e applicazione di algoritmi di machine learning. Inoltre l¿ Innovation Manager si occuperà di formare l¿azienda sulle best practice per agevolare il processo di innovazione.

Il tool sviluppato consentirà all¿ azienda di raccogliere in un unico ambiente tutti le informazioni ed i contatti ottenuti durante la sua attività al fine di individuare possibili sviluppi commerciali tramite integrazione con dati da fonti pubbliche, elaborati da algoritmi di intelligenza artificiale.

Un' innovativa interfaccia grafica consentirà una intuitiva, agile ed efficace navigazione dei risultati ottenuti.

Il software consentirà all¿ azienda di supportare il proprio processo di trasformazione tecnologica e di innovazione, aprendo a nuove opportunità di business e migliorando le strategie di gestione aziendale. Tale strumento potrà successivamente essere esteso con funzionalità CRM e Digital Marketing per diventare un prodotto che l¿ azienda proporrà ai propri clienti.",ai
NON_AI,"ErreQuadro ha sviluppato una piattaforma tecnologica in grado di ricercare informazioni di carattere ingegneristico all¿interno del database mondiale dei brevetti.
Questa piattaforma è basata su tecnologie di ricerca testuale, tramite intelligenza artificiale collegate a una classificazione semantica proprietaria  della terminologie in ambito Meccanico, Architettonico, Elettronico, Nucleare, Chimico etc.
Oggetto della consulenza è l¿identificazione, il disegno e l¿implementazione del miglior modello di business in grado di massimizzare volumi di vendita e profittabilità sul lungo termine.
Per fare ciò il Consulente offrirà un coaching specializzato nelle metodiche di Lean Startup, Marketing Strategico e Marketing Digitale articolato in quattro fasi:
Il disegno del Business Model
la quantificazione del mercato competitivo 
La progettazione della comunicazione commerciale, del brand e del suo posizionamento
L¿implementazione dei processi operativi di marketing e vendita 
Questa metodica prevede un processo iterativo e convergente in cui ogni ciclo dura circa 3 mesi, comprensivo di attività analitiche e di attività sul campo. 
È stata utilizzata con Successo da PMI e Startup come AIRsana.it, selezionata da Regione Lombardia come una delle 30 Aziende Innovative del 2019.",ai
NON_AI,"Oggetto dellattività: contribuire allaccelerazione tecnologica dellazienda, guidandone il
cambiamento e aumentandone la competitività ricoprendo nellambito dellorganizzazione
aziendale il ruolo di Innovation Manager.
Convocazione e partecipazione alle riunioni finalizzate a coltivare le idee, segmentarle e
trasformarle in opportunità di business, gestendo gli impatti organizzativi relativi al processo
di innovazione individuato e generando consapevolezza e coinvolgimento di tutte le funzioni
aziendali interessate;
indirizzare e supportare i processi di innovazione, trasformazione tecnologica e digitale
attraverso lapplicazione di una o più delle seguenti tecnologie abilitanti perseguite
dallazienda:
Big data e analisi dei dati;
Sistemi di visualizzazione, realtà virtuale (RV) e realtà aumentata (RA);
Interfaccia uomo-macchina;
Internet delle cose e delle macchine;
Integrazione e sviluppo digitale dei processi aziendali;
Programmi di digital marketing, quali processi trasformativi e abilitanti per
linnovazione di tutti i processi di valorizzazione di marchi e segni distintivi (c.d. branding) e
sviluppo commerciale verso mercati.",ai
NON_AI,"Il progetto Sales and Marketing Positioning e Pipeline si pone l¿obiettivo di innovare in maniera permanente le strategie e i processi delle funzioni marketing e vendite delle imprese, con particolare riferimento al settore hi-tech B2B.
Il progetto introduce i più avanzati approcci, metodologie e tecnologie a disposizione del digital marketing, attraverso un utilizzo avanzato dell¿automazione (Marketing Automation, Sales Automation, Customer Care Automation) e degli Analytics.
Il progetto crea un posizionamento online sui motori di ricerca e sui social network distintivo e duraturo, rafforzando la brand reputation e valorizzando il marchio, i prodotti e i servizi dell¿azienda.
L¿ottimizzazione delle attività marketing e vendite e l¿introduzione della Marketing Automation costituiscono anche un progetto pilota per una più ampia introduzione di soluzioni di automazione e intelligenza artificiale all¿interno delle organizzazioni. 
Obiettivo ultimo è rafforzare il canale online di generazione di lead, opportunità e vendite, introducendo in maniera innovativa un approccio totalmente digitale in mercati B2B di prodotti complessi ad alta intensità cognitiva.",ai
NON_AI,"Il progetto prevede l'ammodernamento degli assetti gestionali ed organizzativi dell'impresa.
 La società già nel precedente anno ha intrapreso un percorso innovativo che, con il supporto del voucher digitalizzazione del MISE, ha portato all¿upgrade delle dotazioni hardware e all¿introduzione di nuove tecnologie come la realtà aumentata nei processi di erogazione di sevizi ad alto contenuto tecnologico. 
Con il progetto ¿INNOVA OMNYA¿ s¿intende oggi proseguire  tale percorso,  innovando ¿tutte¿  le altre aree dell¿azienda. 
 L¿integrazione e sviluppo digitale dei processi aziendali risulta essere l¿attività propedeutica per il perseguimento della misson sopra descritta.  Il supporto dell¿Innovation Manager sarà indispensabile sia per l'esecuzione di preventivo  assessment della struttura e del flusso dei processi, finalizzata all'individuazione di eventuali criticità, sia nella successiva determinazione di nuove  strategie di gestione aziendale, volte all¿introduzione di nuovi servizi ad alto valore aggiunto nella gamma che costituisce l¿offerta aziendale. 
Il focus del progetto è l¿applicazione di nuovi metodi organizzativi nelle pratiche commerciali che consentano un solido posizionamento nel segmento di riferimento e lo sviluppo commerciale verso mercati non ancora presidi",non_ai
NON_AI,"La neo costituita Associazione di promozione sociale Gazania propone il progetto denominato ""Roots of the Park"" che, attraverso la promozione di itinerari religiosi/storici e naturalistici effettuati sfruttando le nuove tecnologie (realtà aumentata e virtuale), mira a valorizzare e promuovere il turismo nel sito UNESCO Parco Nazionale del Cilento, Vallo di Diano e Alburni. L'attività sarà gestita all'interno di un'area  denominata ""Blocco Rosso"" sita nel Centro di Biodiversità del Parco Nazionale del Cilento. E' presente nella documentazione la lettera di intenti con cui il Presidente del Parco dà in concessione, per un tempo indefinito e in comodato d'uso gratuito, i locali identificati nella proposta progettuale come ""Blocco Rosso"" . La valorizzazione e la promozione dei siti di interesse storico-archeologico dislocati all'interno del Parco passa attraverso l'utilizzo di dispositivi digitali di realtà virtuale (come gli oculus) e  le installazioni permanenti di pannelli che daranno vita ad animazione digitale attraverso app scaricabili su smartphone e consentiranno di riscoprire antichi cammini - oggi dimenticati - approfondendo la storia del territorio e le relative tradizioni culturali. L'associazione promuove un partenariato con la Diocesi di Teggiano - Policastro.",ai
NON_AI,"Il progetto ha come obiettivi principale il design di sistemi automatici in alcuni ambiti applicativi quali la robotica collaborativa nelle possibili declinazioni legata ai droni e AGV (Automated Guided Vehicles) attraverso l¿utilizzo di algoritmi avanzati di automazione e di intelligenza artificiale basati sui dati provenienti da sensori presenti nei sistemi di riferimento.
La progettazione e lo sviluppo in questione si inseriscono sia nell¿ambito privato che pubblico attraverso la partecipazione a bandi di ricerca e sviluppo a livello regionale, nazionale (es. PON) e di caratterizzazione europea (es. ECSEL, Fast Track To Innovation).
In particolar modo, le finalità del progetto sono volti alla progettazione e sviluppo dei seguenti sistemi sia a livello di ricerca sperimentale, in primis, che di sviluppo applicativo, successivamente:
¿	Algoritmi di Intelligenza Artificiale (AI) legati al sottogruppo della Computer Vision attraverso l¿analisi di Big Data quali immagini e video declinati nel contesto applicativo di riferimento.
¿	Sviluppo di un sistema di supervisione e di controllo delle missioni in un ambiente multi-agente robotico.",ai
NON_AI,"Il progetto IRMAS ha come obiettivo la realizzazione di una soluzione software che distribuisca contenuti di Realtà Virtuale immersiva e 3D relativi al gioco della Pallone col bracciale, storico sport di squadra tra i più antichi in Italia.",non_ai
NON_AI,"Il progetto ha l`obiettivo di creare un`esperienza immersiva dello spettacolo di ginnastica
ritmica a 360°attraverso l`utilizzo di contenuti multimediali e visori di realtà virtuale.
In linea con la forte vocazione sportiva della nostra città, ""Pesaro città dello Sport"", scopo
ultimo del progetto è quello di valorizzare ulteriormente la realtà della ginnastica ritmica che,
nonostante il periodo di emergenza che stiamo vivendo, oltre agli appuntamenti annuali della
World Cup di Ginnastica Ritmica, può contribuire in modo importante alla vivacità degli eventi
culturali e sportivi della città di Pesaro.",non_ai
NON_AI,"Il progetto ha come obiettivo quello introdurre in azienda nuovi metodi organizzativi nelle pratiche commerciali e nelle strategie di gestione aziendale mettendo il management nelle condizioni di ottenere un significativo incremento del grado di innovazione organizzativa. L¿iniziativa si basa sulla progettazione, realizzazione e relativo coordinamento di due strumenti informatici differenti, uno rappresenta un sistema di decision support system (DSS), l¿altro una soluzione informatica di business process management (BPM). Si precisa che sul mercato non esiste uno strumento simile già pronto per soddisfare le esigenze aziendali. Attraverso una rielaborazione ed analisi di dati aziendali mediante le più moderne tecniche di data science, il consulente metterà l¿impresa nelle condizioni di efficientare i suoi processi commerciali consentendo la formulazione di preventivi ed ordini di lavoro molto più precisi sia in termini di costi che di tempi. L¿analisi dei dati e la loro valorizzazione mediante strumenti di machine learning piuttosto che deep learnig, unitamente a procedure innovative di BPM¿, consentirà di automatizzare e velocizzare lì¿intero processo produttivo sin dalla fase del suo avvio.",ai
NON_AI,"Il progetto è promosso dall' ATI Marche Explorer composta da n. 8 imprese: 
1) ADRIATIC TECHNO PARK SRL;
2) GO - ITALY SOC`COOPERATIVA;
3) ALTAGAMMA SRL;
4) BEELAB SOCIETA` COOPERATIVA;
5) FRITTO MISTO LAB SOCIETA` COOPERATIVA;
6) NEW ITALY SRL;
7) PANDORA SOCIETA` A RESPONSABILITA` LIMITATA SEMPLIFICATA.
8) WINELAB SRL  
l' ATI  MARCHE EXPLORER intende progettare, realizzare e promuovere sistemi innovativi ed intelligenti specializzati  nella promozione e commercializzazione di servizi turistici non convenzionali, sia on line che off line. Il progetto che l'ATI intende perseguire è il seguente: 
a) Rassicurare il cliente in tema di sicurezza, armonia e bellezza;
b) Mostrare percorsi ed esperienze turistiche uniche degne di essere condivise e raccontate
agli amici attraverso l'utilizzo del ""Live Explorer"" che è un sistema tecnologicamente avanzato come Web Cam, Realtà Aumentata, Telecamere 360 gradi, Occhiali a Realtà Virtuale, anche da casa attraverso uno Smart Phone. Le aziende del gruppo svolgono delle attività collegate e sinergiche tra loro:  
Servizi di promo-commercializzazione turistiche,  comunicazione, innovazioni , tecnologie ed organizzazione di campagne promo-commerciali da promuovere presso i mercati esteri UE ed Extra UE.",non_ai
NON_AI,"""Il progetto è finalizzato a: 
- definire un nuovo modello di formazione basato su innovative modalità di interazione tra discente e strumento tecnologico
- progettare e sviluppare una piattaforma software in grado di implementare la realtà aumentata come paradigma a supporto della formazione
- innovare il processo di erogazione dei sevizi consulenziali attraverso l'introduzione di soluzioni evolute e in grado di elevare il livello di coinvolgimento da parte dell'utenza""",ai
NON_AI,"Il progetto prevede quindi lo studio dell'infrastruttura attuale, la definizione degli interventi hardware e software necessari, la definizione degli strumenti cloud operativi e di backup necessari per la gestione dei dati aziendali. Una volta costruita l'infrastruttura e definiti gli strumenti sarà possibile integrarli nel workflow, attraverso strumenti come la blockchain, in modo da rendere i passaggi digitali certi e definibili in termini di data e responsabilità. Infine, l'utilizzo di elementi di progettazione basati sulla realtà virtuale ed integrati nei passi sopra definiti, potrà dematerializzare il processo di lavoro e soprattutto quello di verifica con i clienti ed i fornitori.Gli obiettivi alla base del progetto di digitalizzazione sono descritti di seguito:
 ¿ Rapido adeguamento degli strumenti digitali aziendali (prestazioni hardware, software e spazi di archiviazione) alle esigenze di produzione;
¿  Incremento nella produttività grazie alla riduzione delle inefficienze;
¿  Totale adesione ai processi di qualità aziendale;",non_ai
NON_AI,"Il progetto di business intelligence (BI) vuole investigare lungo la frontiera del paradigma di open innovation quali risorse e quali processi si possono sviluppare in collaborazione esterna (outsourcing strategico) con partner dell¿ICT e della robotica avanzata per la maintenance predittiva oltre a provider specializzati nella produzione con tecniche di smart manufacturing. Tali collaborazioni sostengono la condivisione di sistemi IoT computing, deep learning e condivisione di dati in piattaforma tecnologica (Clouding ed Open Data) (Pisano, Pironti, Rieple, 2015). 
Il progetto è utile sia in fase operativa sia in fase strategica, ed implementa sistemi di Next Production Revolution (NPR) utili a identificare i punti di forza e di debolezza del modello di business di ERRECIESSE WORK SRL e verificare se l¿esigenza di modificare il modello di business può determinare un effetto disruptive per il settore o per il mercato.",non_ai
NON_AI,"Creazione e commercializzazione di una piattaforma multicomponente operante nell¿ambito della Safety e Security, in grado di recepire possibili minacce antropiche o ambientali in contesti limitati o all¿aperto, ed elaborare scenari di impatto e percorsi di mitigazione dei rischi tramite l¿impiego innovativo di tecnologie allo stato dell¿arte (ad es: sistemi GIS, sensoristica, IoT, Big Data, Machine Learning, R.A.) definendo, nuovi paradigmi e nuove metodologie in materia di individuazione e mitigazione dei rischi, analisi di scenario e gestione di eventi, innalzando la resilienza dei contesti monitorati 
-          in tempo reale - gestione dell¿evento o della manifestazione o dell¿emergenza, 
-          nel medio lungo termine - mitigazione dei rischi e innalzamento della resilienza in tempo di pace.
Le componenti integrate ed autoconsistenti della piattaforma sono:
Piani Protezione Civile 
Piani Manifestazione 
Centrale di Controllo 
Riconoscimento
Sensoristica di Monitoraggio
Simulazione e Scenari di intervento 
First Responder (R.A.)
Resilienza 365 è destinata a tutte le Organizzazioni(comuni, aziende, privati) per monitorare aree interne o esterne, individuare minacce e definire percorsi di mitigazione dei rischi o scenari di gestione delle emergenze",ai
NON_AI,"Losi Elena, titolare dello Studio Elle, è attiva nel settore del commercio al dettaglio su catalogo di mobili ed arredi, come indicato dal codice ateco di riferimento 47.91.3. Il valore aggiunto, rispetto a quello di altre attività del settore, è garantito dalle operazioni di progettazione degli ambienti da parte della titolare, che oltre alle operazioni commerciali si occupa di design di interni. Il progetto prevede l’allestimento di una sala mostra per i mobili offerti, adibita a tale scopo mediante alcune opere edili ed elettriche nonché l’acquisto degli arredamenti, oltre che ad una sostanziale operazione di promozione web e non (grazie all’esternalizzazione delle operazioni necessarie ad un fornitore esperto); in più verranno acquistate strumentazioni informatiche e software all’avanguardia, in modo da poter attuare attività di progettazione ad alto livello tecnico. Infine, sarà proposto alla clientela un tour virtuale delle potenziali stanze, per merito dell’utilizzo di un visore a realtà aumentata con programma annesso. Il planning progettuale è pensato in modo da offrire al territorio di riferimento un servizio importante, necessario per permettere alla comunità l’accesso a condizioni abitative ottime: ciò è coerente con lo scopo che il presente bando si prefigg",ai
NON_AI,"Consulenza avente ad oggetto lo sviluppo tecnico di un applicativo, nel lato architetturale, così
come nella supervisione degli sviluppatori interni VRZONE. In particolare, con riferimento alla
versione pilota dell¿applicazione, l¿azienda darà consulenza specifica riguardo:
&#9679;	Selezione e valutazione del personale/candidati attraverso esperienze che possano permettere anche a più utenti di interagire in un ambiente virtuale ricostruito al fine di valutare le ¿soft skills¿ ovvero competenze comportamentali quali la leadership, la capacità di risolvere problemi, lo spirito di squadra;

&#9679;	Formazione di una rete commerciale mediante simulazioni di situazioni ""tipo"" in un contesto di relazione cliente-utente con varie dimensioni di interazione secondo alberi decisionali e/o algoritmi di intelligenza artificiale.
Digital Tales per le finalità del progetto potrebbe utilizzare la propria tecnologia pregressa sviluppata nel corso degli anni, che comprende La piattaforma di Learning Management System (cloud-based), le API di connessione,
Si precisa che la tecnologia pregressa del Simulatore è di proprietà di Digital Tales e dovrà essere normato lo sfruttamento commerciale della stessa.",non_ai
NON_AI,"A causa dell’emergenza Covid-19 le persone affette da patologie croniche (a.e.HIV), non possono effettuare le visite periodiche programmate presso gli ambulatori specialistici, non è quindi possibile mantenere il servizio di cura adeguato nè lo scambio empatico caratteristico del rapporto medico-paziente, soprattutto nell’ambito delle patologie croniche.
Il progetto TELEHEALTH è pensato per soddisfare in modo concreto queste necessità, creando uno strumento software in grado di riproporre tutte le caratteristiche e gli aspetti di una visita di controllo anche a distanza attraverso l’utilizzo di tecnologie quali la Realtà Aumentata attraverso la gestione di una sorta di “ambulatorio virtuale” . Inoltre darà la possibilità a medico e paziente di vedersi durante la visita a distanza sfruttando le videocamera del dispositivo utilizzato (pc, smartphone, tablet). Il monitoraggio in modo efficiente e sicuro pazienti infetti domiciliarizzati, i fattori di qualità del servizio, gli effetti sul contenimento della diffusione del COVID19 (grazie al distanziamento permesso dal prodotto), la semplicità ed immediatezza nell'utilizzo della soluzione, oltre a rappresentare un impegno con l’utenza, costituiscono i risultati attesi per il proponente.",non_ai
NON_AI,"Hevolus srl,azienda B2B specializzata nella ricerca e sviluppo di business mode1 innovativi per l'industria del mobile,per sviluppare nuove linee di soluzione caratterizzate da un elevato contenuto di innovazione tecnologica,dalla Realtà Virtuale a quella Aumentata fino alla Mixed Reality Hologram e all'Intelligenza Artificiale,si propone,di porre le basi per avviare una vera e propria trasformazione tecnologica e digitale,intesa quale leva strategica in grado di garantire un ritorno per l¿azienda in termini di competition sui propri mercati di riferimento e di acquisizione di nuove quote.L¿azienda ritiene importante ricercare opportunità e strumenti di finanza alternativa per reperire risorse, chiaramente compatibili con il business ed il modello aziendale,adottando un approccio multidisciplinare e dedicato.Per indirizzare e supportare l¿accesso ai mercati finanziari e dei capitali,per avviare un percorso finalizzato all¿utilizzo dei nuovi strumenti di finanza alternativa e digitale,intende affidarsi ad un manager dell¿innovazione il quale sarà incaricato di compiere degli studi di fattibilità rivolti alla redazione del BP per valutare la somma delle spese dei successivi sviluppi e intercettare le piattaforme di Crowdfunding interessate ad investire nella sperimentazione.",non_ai
NON_AI,"L¿investimento riguarda lo sviluppo di un progetto, denominato ICRI-PROACTIVE; il progetto nasce dalla pluriennale esperienza maturata dalla società ICRI nell¿ambito della gestione e manutenzione degli impianti di grandi dimensioni e si basa essenzialmente sulla tecnologia dell¿Internet of Things.
Il progetto ICRI PROACTIVE prevede l¿impiego di:
· sensori che misurano grandezze fisiche degli impianti installati (temperatura, pressione, ecc...);
· tag NFC posti sugli impianti che facilitano l¿operatore ad ottenere dati necessari sull¿impianti e registrano l¿intervento di manutenzione;
· tecnologie proprietarie e aperte, piattaforme standard (Arduino e Raspberry);
· un sistema ¿intelligente¿ che immagazzini ed elabori i dati (SAP B1).
Il fine del progetto:
- Controllo dell¿efficacia delle attività di manutenzione programmata effettuata;
· Verifica del corretto funzionamento delle macchine;
· Realizzazione di un sistema di manutenzione predittiva in base alla storia degli oggetti monitorati e alle misure effettuate (machine learning) con invio di allarmi prima che avvenga il blocco;
· Attuazione automatica di funzioni basilari, avvio di allarmi;
· Riduzione di consumi energetici;
· maggiore efficienza operativa del personale.",ai
NON_AI,"I temi di più importante interesse oggi per la realizzazione della visione dell'industria 4.0: 
¿	cyber-physical systems
¿	sicurezza digitale e blockchain
¿	workplace safety, etica e complementarità nella collaborazione uomo-macchina
¿	intelligenza artificiale e multiagenti
¿	Edge computing e IoT.
Uno dei principali limiti alla introduzione fattuale di tali soluzioni tecnologiche è la ancora troppo grande necessità di infrastrutture di calcolo centralizzate, complesse e costose. Alcune soluzioni sono disponibili ma non si rivolgono ad oggi ad un panorama adatto alle PMI, come più tipico nel territorio marchigiano, ma anche europeo. 
L¿ azienda Eletica si vorrebbe collocare in questo mercato internazionale. Grazie alla consulenza dell' Innovation Manager si prevede lo sviluppo di una nuova linea di prodotti 4.0 basati su elettronica embedded, che sposti il computing per le sopra menzionate tecnologie su sistemi dedicati, distributi, a costituire un tessuto di calcolo pervasivo e ubiquo oggi noto come Edge computing. Questo è previsto anche dai nuovi standard industriali come IEC 61499, che mira ad una estensione dello scopo delle sue direttive e pratiche anche a campi come le smart grid e l¿automazione in campo edilizio (esempio, Building Management Systems).",non_ai
NON_AI,"Scenario generale
Cross360 è una startup innovativa che produce un prodotto completamente innovativo, che consiste nella produzione di filmati a Realtà aumentata di concerti jazz (per ora, sono previsti sviluppi in altre aree).
Oggetto della consulenza è l¿integrazione fra l¿attività di produzione contenuti, già attiva, con l¿intero processo aziendale di gestione della commessa, dall¿acquisizione al CRM. In modo particolare si intende sviluppare un sistema unico in Italia di player dei contenuti che consenta di associare inesorabilmente la fruizione del contenuto al player software, al device e quindi all¿account utente.
Innovazione
Questo permetterebbe all¿azienda di assicurarsi l¿unicità della riproduzione e all¿utente di vivere esperienze qualificate come:
¿	visione da più punti di vista
¿	utilizzo dei metadati
¿	particolari delle riprese
¿	più schermi virtuali,
un¿esperienza insomma a 360 gradi.
La consulenza mira a integrare questa attività con l¿intero processo aziendale in modo da garantire
¿	efficace amministrazione
¿	espansione commerciale
¿	marketing dedicato
¿	customer relationship management avanzato",non_ai
NON_AI,"Il progetto prevede l¿implementazione di nuove procedure operative che prevedano strumenti di Realtà Aumentata al fine di migliorare la qualità e la sicurezza delle lavorazioni effettuate.
In particolare attraverso nuovi dispositivi AR le lavorazioni più critiche e difficili potranno essere seguite, guidate e supervisionate da remoto da un responsabile qualificato che, quindi, potrà gestire più ¿cantieri¿ contemporaneamente.
Il progetto, inoltre, prevede la possibilità della formazione professionale on the job.",non_ai
NON_AI,"Le componenti principali del progetto sono: una App, un sito, il social gaming, le nuove tecnologie come la realtà aumentata e un meccanismo premiale a punti gestito dai docenti degli istituti scolastici che aderiscono all’iniziativa",non_ai
NON_AI,"Oggetto dell¿attività: contribuire all¿accelerazione tecnologica dell¿azienda, guidandone il cambiamento e aumentandone la competitività ricoprendo nell¿ambito dell¿organizzazione aziendale il ruolo di Innovation Manager. 

Attività:
¿	Convocazione e partecipazione alle riunioni finalizzate a coltivare le idee, segmentarle e trasformarle in opportunità di business, gestendo gli impatti organizzativi relativi al processo di innovazione individuato e generando consapevolezza e coinvolgimento di tutte le funzioni aziendali interessate;
¿	indirizzare e supportare i processi di innovazione, trasformazione tecnologica e digitale attraverso l¿applicazione di una o più delle seguenti tecnologie abilitanti perseguite dall¿azienda:

¿	Big data e analisi dei dati;
¿	Sistemi di visualizzazione, realtà virtuale (RV) e realtà aumentata (RA); 
¿	Interfaccia uomo-macchina; 
¿	Internet delle cose e delle macchine;
¿	Integrazione e sviluppo digitale dei processi aziendali; 
¿	Programmi di digital marketing, quali processi trasformativi e abilitanti per l¿innovazione di tutti i processi di valorizzazione di marchi e segni distintivi (c.d. ¿branding¿) e sviluppo commerciale verso mercati.",non_ai
NON_AI,espansione della Realtà Virtuale con servizi di Digital Marketing VR,non_ai
NON_AI,"La 4Graph s.r.l. (d¿ora in poi denominata solo come l¿azienda) nasce nell¿anno 2008 in qualità di azienda che fornisce servizi di grafica e stampa digitale.
L¿investimento complessivo dell'azienda consiste nell¿acquisto di due nuove linee per la produzione di materiale grafico, una linea per la produzione di fascicoli e libri e un innovativo software di realtà aumentata per l¿innovazione della propria offerta commerciale.",non_ai
NON_AI,"Il modo più efficace per capire il potenziale, anche commerciale, della realtà virtuale/aumentata in ambito
culturale e creativo è provare di persona. Dopo aver sviluppato, all'interno del progetto “Hackerare lo spazio reale” il prototipo di un museo in realtà virtuale dentro cui camminare e muoversi liberamente, è emerso come avere spazi adeguati non è sempre facile, possibile o conveniente. Per questo il progetto di sviluppo imprenditoriale si articola su tre attività complementari: 1. nel reale con uno showroom fisico; 2. nel virtuale con un video promozionale ed un “virtual tour” da fruire comodamente dal proprio pc o da cellulare per avere un assaggio della visita; 3. in entrambi con un piano di comunicazione e promozione per raggiungere in modo ancora più efficace i potenziali clienti sui media nuovi e tradizionali e far loro conoscere queste nuove opportunità. Le attività previste si concretizzano in (1) allestimento dello showroom con arredi anche fissi e su misura ed hardware dedicato, (2) pubblicità e promozione attraverso un piano di comunicazione e (3) ampliamento del sito internet per fruizione da remoto, “virtual tour” e landing page per la conversione dei contatti.",non_ai
NON_AI,"Visual Engines sviluppa tecnologie e prodotti software per analisi visive automatiche,ricerca e riconoscimento di oggetti, persone e situazioni,sia con tecniche tradizionali che attraverso l¿intelligenza artificiale.Visual Engines sta realizzando soluzioni in ambito Smart City e Industria4.0 che applicano al contesto industriale le tecnologie di cui dispone,nello specifico:sicurezza urbana,controllo traffico e parcheggi,controllo qualità e misurazione prodotti,sicurezza sul luogo di lavoro.
Tra le problematiche riscontrate nelle quali non dispone di competenza specifiche vi sono:utilizzo efficace dei dispositivi IoT,sensoristica di ambiente,integrazione con la robotica,in particolar modo quella collaborativa.
Tra gli obiettivi di Visual Engines vi è quello di poter offrire le proprie tecnologie ai costruttori di macchine robotizzate e robot in senso più ampio,pertanto l¿acquisizione di un manager con competenze tecniche su l¿internet delle cose e delle macchine e sulla robotica avanzata e collaborativa permetterebbe sviluppare le proprie tecnologie in modo adeguato a quanto richiesto dal mercato delle macchine.
Viste le aree di competenza e la relazione con il centro di ricerca della Scuola Superiore Sant'Anna è stato selezionato come Innovation manager il Dott.Manuele Bonacc",ai
NON_AI,"L¿atmosfera del locale è la forte peculiarità in grado di distinguerlo notevolmente all¿interno del mercato della ristorazione. 
Obiettivi: estensione brand awareness sul nazionale, posizionare il brand su segmento di mercato medio/alto, decisioni aziendali con modello data-driven.
Marketing: creare catena di locali esportando format in altre città. Evidenziare i sold-out delle prenotazioni per stimolare riprova sociale (¿Sempre pieno¿, ¿voglio provare anch¿io¿, ¿devo prenotare prima¿). Azioni di social corporate responsability come ad es: abbracciare movimento ¿Plastic Free¿ o associare il brand a influencer e/o aziende che sostengono movimenti simili anche localmente. E-commerce dei prodotti private label. Programmi di fidelizzazione.
Digital: ottimizzare e personalizzare ogni punto di contatto online che il cliente ha con l¿azienda: sito, moduli prenotazione, social, segreteria, mail transazionali. Wifi con lead generation in sala. Sito con il blog per attirare utenti da Google, moduli di contatto sincronizzati con crm per email marketing automation. Sui social il linguaggio dovrà essere visual e prevalentemente video. Creazione di chatbot per la customer care e il marketing automation sui social. Sezione shop del sito per merchandising prodotti con private label.",non_ai
NON_AI,"Il progetto IRCRAM4.0 intende ricercare e sviluppare una nuova metodologia di approccio alla progettazione e realizzazione di manufatti in AM per applicazioni di grandi dimensioni, portando ricadute, sullÃ¿Â¢Ã¿Â¿Ã¿Â¿area di specializzazione S3 Ã¿Â¢Ã¿Â¿Ã¿Â¿Manifatturiero AvanzatoÃ¿Â¢Ã¿Â¿Ã¿Â, fortemente rappresentata nel territorio lombardo dove sono presenti numerose realtÃ¿Â¿Ã¿Â  di ricerca e produttive di rilievo internazionale. In particolare, si pone obiettivi di innovazione allo stato dellÃ¿Â¢Ã¿Â¿Ã¿Â¿arte nelle tecnologie dellÃ¿Â¢Ã¿Â¿Ã¿Â¿AM, della robotica e robotica collaborativa, dei sistemi produttivi avanzati e dei sistemi cyber fisici, comportando importanti ricadute sullÃ¿Â¢Ã¿Â¿Ã¿Â¿ecosistema lombardo dellÃ¿Â¢Ã¿Â¿Ã¿Â¿innovazione, favorendo la ricerca, lÃ¿Â¢Ã¿Â¿Ã¿Â¿innovazione e lÃ¿Â¢Ã¿Â¿Ã¿Â¿aggregazione dei soggetti operanti, in particolar modo nei settori automotive, aerospace, manifatturiero avanzato, energia e ambiente ed edilizia",non_ai
NON_AI,"Consulenza per la realizzazione di servizi di Realtà Aumentata per aziende e agenzie in ambito Business e Consumer. Ideazione, strutturazione dei progetti, scelta delle tecnologie e supporto nelle fasi di sviluppo e test.",non_ai
NON_AI,"L¿intervento del consulente qualificato sarà finalizzato alla adozione di nuove tecnologie di realtà virtuale (RV) e realtà aumentata (RA) nel settore del turismo e dei beni culturali.  Obiettivo principale sarà quello di ottimizzare i processi e i flussi di lavoro attraverso il miglioramento dell¿uso degli strumenti di sviluppo al fine  di ottenere una ottimizzazione della produzione finale. 
L¿azione di consulenza sarà sviluppata su due aree di intervento:
a)	Ammodernamento degli assetti gestionali ed organizzativi dell¿impresa.
L¿intervento permetterà l¿applicazione di nuovi metodi organizzativi nelle strategie di gestione aziendale, nell¿organizzazione del luogo di lavoro e delle tecniche utilizzate, permettendo un significativo processo di innovazione dell¿impresa in relazione alla ottimizzazione della produzione in formato RV e RA.

b)	Sistemi di visualizzazione, realtà virtuale (RV) e realtà aumentata (RA).
L¿intervento è finalizzato alla attività di consulenza necessaria per la progettazione e sviluppo di un sistema innovativo di organizzazione dei dati dei punti di interesse da usare nell¿ambito di applicazioni che utilizzano tecnologia di realtà virtuale (RV) e realtà aumentata (RA) nel settore del turismo e dei beni culturali.",non_ai
NON_AI,"Il progetto IRCRAM4.0 intende ricercare e sviluppare una nuova metodologia di approccio alla progettazione e realizzazione di manufatti in AM per applicazioni di grandi dimensioni, portando ricadute, sullÃ¿Â¢Ã¿Â¿Ã¿Â¿area di specializzazione S3 Ã¿Â¢Ã¿Â¿Ã¿Â¿Manifatturiero AvanzatoÃ¿Â¢Ã¿Â¿Ã¿Â, fortemente rappresentata nel territorio lombardo dove sono presenti numerose realtÃ¿Â¿Ã¿Â  di ricerca e produttive di rilievo internazionale. In particolare, si pone obiettivi di innovazione allo stato dellÃ¿Â¢Ã¿Â¿Ã¿Â¿arte nelle tecnologie dellÃ¿Â¢Ã¿Â¿Ã¿Â¿AM, della robotica e robotica collaborativa, dei sistemi produttivi avanzati e dei sistemi cyber fisici, comportando importanti ricadute sullÃ¿Â¢Ã¿Â¿Ã¿Â¿ecosistema lombardo dellÃ¿Â¢Ã¿Â¿Ã¿Â¿innovazione, favorendo la ricerca, lÃ¿Â¢Ã¿Â¿Ã¿Â¿innovazione e lÃ¿Â¢Ã¿Â¿Ã¿Â¿aggregazione dei soggetti operanti, in particolar modo nei settori automotive, aerospace, manifatturiero avanzato, energia e ambiente ed edilizia",non_ai
NON_AI,"Il progetto prevede l¿integrazione delle tecnologie della Next Production Revolution (NPR) nel processo di produzione dei sistemi di test meccanici già sviluppati dall¿azienda al fine creare nuovi prodotti e servizi di manutenzione predittiva. L¿introduzione di sistemi di telemetrica e controllo remoto dei parametri operativi (Internet delle Macchine) nei prodotti EN4 consentirà di raccogliere una grande mole di dati che, opportunamente analizzati con algoritmi di Intelligenza Artificiale, consentirà di creare modelli di manutenzione predittiva. Questa linea di sviluppo consentirà all¿azienda di aprire nuove linee di business ad altissimo valore aggiunto nel settore della manutenzione predittiva. L¿attività dell¿Innovation Manager sarà focalizzata sulla progettazione e sviluppo digitale delle nuove linee di prodotto  tenendo conto del contesto operativo dell¿Azienda ed delle esigenze specifiche del settore. Al tempo stesso, L¿Innovation Manager contribuirà a definire la strategia di posizionamento aziendale e sviluppo business nei settori ad altissimo valore aggiunto quali l¿Aerospazio e Difesa.",ai
NON_AI,progettazione e implementazione di un processo di virtualizzazione della fruibilita del museo attraverso:  un ologramma 3d attraverso il quale il Guerriero di Rigostano etrusco presenterà il museo (nella sala principale); un plastico 3d che racconterà l'evoluzione di Trevignano dall'epoca etrusca in avanti; Qr code e realtà aumentata per i principali reperti,non_ai
NON_AI,"Lo scopo della consulenza è proporre un percorso mirato verso i seguenti obiettivi:
-comprensione, definizione e promozione della brand identity aziendale, da veicolare sui social;
-trasposizione dei valori aziendali nel contesto online, tesa allo sviluppo dell¿immagine della Vs attività in maniera coerente con l¿identità costruita;
-crescita della Vs visibilità online sui media di interesse;
-aumento ed alla creazione di una rete di contatti online e offline;
-miglioramento della vostra capacità commerciale on line.
Nella definizione delle attività necessarie per il perseguimento dei predetti obiettivi, impiegheremo una metodologia di lavoro consistente in fasi che considerano: analisi del contesto, finalità da raggiungere, Utilizzo di realtà aumentata, studio del target di riferimento, definizione del piano editoriale, controllo.
Si cercherà, quindi, di ottenere un elevato engagement attraverso la gestione dei Social Network, le attività di SEM e SEO, le campagne di Advertising,l¿ideazione di Landing page.Tutto ciò per incrementare il tuo traffico web,creando l¿opportunità per i visitatori di trasformarsi in lead e,successivamente,convertirli in clienti.L¿attività di consulenza sarà anche finalizzata all¿utilizzo di un sistema di AR che funga da mezzo di comunicazione v",non_ai
NON_AI,"Il Villaggio degli Gnomi è un parco tematico realizzato da Hotel da Barba srl, un¿azienda a gestione familiare
che si caratterizza per una spiccata propensione pionieristica per l¿innovazione. Tra le prime realtà in Italia a
creare un infrastruttura e-beacon oggi l¿obiettivo del Villaggio degli Gnomi è quello di investire
continuamente in una migliore esperienza e sempre più coinvolgente per gli ospiti di tutte le età.
Un¿immersione in un mondo da fiaba, quello degli gnomi appunto, da cui gli umani possono imparare dei
sani e saggi principi, il rispetto, ed una più armoniosa convivenza tra loro e con la natura.
L¿obiettivo è studiare l¿utilizzo della RA (Realtà Aumentata) per generare un nuovo livello di interazione con i
visitatori, ed in cui la tecnologia sia presente ma non invasiva e possibilmente non percepita, per lasciare
spazio ad una sensazione di magia e distacco dal mondo quotidiano, che il parco vuole trasmettere.
In particolare il percorso esaminerà il modo ideale per far vivere un¿esperienza, fruire dei contenuti digitali
ma mantenendo i vantaggi, esaltandoli, di essere immersi nella natura.",non_ai
NON_AI,"GPF ha sviluppato una metodologia di ricerca unica sul mercato e attiva da 40 anni in Italia ,a quale consente di indagare le abitudini di consumo ed i comportamenti in ottica socioculturale, da cui la segmentazione in differenti tipologie di italiani in gruppi sociali omogenei.
Il progetto si prefigge di innovare la metodologia ed inserire nuovi item per monitorare le attitudini gli orientamenti socio-culturali per sviluppare un approccio multidimensionale e  di cogliere i nuovi trend di consumo e culturali.
La consulenza del manager è basata sull¿implementazione di sistemi di machine learning del proprio database proprietario (nel quale sono disponibili informazioni  relative ai trend ed alle correnti di lungo periodo) mediante l¿elaborazione di programmi di apprendimento automatico (identificazione delle correlazioni).
Il progetto consiste inoltre nell¿impostazione di sistemi di monitoraggio del web in ottica di sentiment analysis, integrabile con le informazioni presenti nel database.
Il machine learning consentirà inoltre l¿analisi dei big data e delle conversazioni sul web per processare informazioni di natura differente ed in quantità illimitate. L¿innovazione progettata permetterà di potenziare la metodologia di ricerca già disponibile e di incrementarne la competiti",ai
NON_AI,"L'iniziativa si propone di creare una ""EVENTS & DMO Company"" (Destination Management Organization) con l'obiettivo di creare eventi in punti strategici ad elevato impatto turistico in Campania. L'investimento consiste in una infrastruttura ICT che permette di incrementare la fruizione di tali eventi poiché sarà in grado di fornire e convogliare tutte le informazioni necessarie al pubblico presente presso le location in occasione degli eventi organizzati. Infatti, grazie ad una app multilingua - completa delle più recenti innovazioni tecnologiche (realtà aumentata, contenuti multimediali ecc) - il cliente può ottenere informazioni relative a hotel, ristoranti, trasporti, servizi pubblici, ed ogni altra notizia relativa alla location in cui si svolge l'evento. Inoltre attraverso una card digitale il cliente potrà ottenere punti e voucher messi a disposizione dalle imprese nell'area in cui si svolge l'evento. Tale APP consentirà inoltre all'utente di condividere l'esperienza dell'evento sui social media.",ai
NON_AI,"GSNat si sta apprestando a lanciare sul mercato del turismo delle soluzioni di navigazione dei siti archeologici in Realtà Aumentata.
L¿esperienza di visita di aree archeologiche con realtà aumentata è l¿occasione per raccontare i luoghi più importanti e sorprendenti di Italia attraverso un¿immersione unica nel suo genere che parte da uno storytelling dinamico delle aree ma anche e soprattutto tramite un visore (smartglass) permette all¿utente di vedere delle ricostruizioni 3D ambientate nei luoghi che si stanno visitando.
L¿esperienza fatta sul campo hanno fatto emergere la necessità di dover gestire anche dei processi analogici critici per il successo di soluzioni altamente scalabili in ogni contesto, in particolare si è manifestata forte l¿esigenza di dover digitalizzare i seguenti processi ad oggi gestiti in maniera analogica (ovvero tramite utenti che effettuano manualmente tali attività):
- monitoraggio dello stato degli smartglass, in termini di stato di deterioramento
- valutare proattivamente gli interventi di sostituzione delle device anticipando le rotture (manutenzione predittiva)
- accesso e controllo remoto
- processi digitali di raccolta dati e gesione di campagne di co-marketing
- avere un servizio di customer experience che possa raccogliere i feedback",non_ai
NON_AI,"Il progetto vuole sviluppare - da un punto di vista di trasformazione tecnologica e digitale - la proposta di servizi già offerti sul mercato italiano da www.you-dive.com una piattaforma di e-coaching che si rivolge, in ottica B2B, alle aziende che vogliono formare e incentivare le proprie risorse umane. Punti di forza della piattaforma: rigore psicologico derivante da studi e metodologie proprietarie, unicità nell¿approccio digitale della formazione a distanza tramite coach, software scalabile su più lingue, machine learning su dati utenti per migliorare l¿assistenza alle scelte formative della community. Ad oggi +1000 persone attive in piattaforma, +10 coach, +6500 messaggi scambiati, +1500 videochiamate 1to1.
Il progetto vuole rivedere la pagina web (nuova architettura e menù, rimodulazione del contenuto su target aziende e manager/professionisti con argomentazioni e linguaggi differenziati), sviluppare la parte multimediale in ottica mobile first, lanciare un programma di funnel marketing in ambito social media, collegare un blog informativo su e-learning ed e-coching, predisporsi ad una integrazione tecnologica con strumenti di AI ad uso profiling conversazionale e dei clienti, predisporre un chatbot relazionale di tipo commerciale.",ai
NON_AI,"1.	Gli obiettivi specifici dell¿intervento 

¿	Sostenere i  processi di innovazione, trasformazione tecnologica e digitale dell¿impresa attraverso l¿applicazione delle tecnologie abilitanti previste dal Piano nazionale impresa 4.0
¿	Favorire i  processi di ammodernamento degli assetti gestionali e organizzativi

2.	I risultati attesi 
¿	Supportare l¿introduzione in azienda di software  ERP completo e modulare totalmente integrato in grado di coordinare al meglio tutti i reparti aziendali, dalla logistica alla produzione, dal magazzino- vendite, dagli acquisti al controllo qualità, dalla amministrazione al controllo di gestione.
¿	Sistemi di visualizzazione, realtà virtuale (RV) e realtà aumentata (RA) (gestione di QR code su confezioni e cataloghi)
¿	Coordinare lo sviluppo e l¿utilizzo di software applicativo per la gestione della block chain
¿	Introdurre nuovi nuovi metodi organizzativi nelle pratiche commerciali e  nelle strategie di gestione aziendale
¿	Progettare e realizzare un programma coordinato  di digital marketing e sviluppo commerciale verso nuovi  mercati anche con l¿ausilio di sistemi di visualizzazione, realtà virtuale (RV) e realtà aumentata (RA) (QR code su confezioni e cataloghi) utilizzati anche nell¿ambito del BLOCK CHAIN MANAGEMENT",non_ai
NON_AI,"Progetto pensato per ottenere un miglioramento tecnologico all'interno dell'azienda permettendo l'utilizzo di software BIM in grado di realizzare modelli 3D, ambienti di realtà virtuale e sensoriale.
Questi strumenti permettono al cliente e al progettista di eseguire numerose soluzioni progettuali in tempo reale e di virtualizzare lo scenario progettato con strumenti facilmente utilizzabili da tutti i clienti sia in fase di visione (semplice consultazione del progetto per validare le scelte) sia in fase successiva per gestire eventuali contratti di manutenzione, adeguamenti e nuove ampliamenti, garantendo una efficace manutenzione dell'opera con strumenti di conservazione digitale",non_ai
NON_AI,"La piattaforma che verrà sviluppata consentirà la collezione, la gestione, l¿elaborazione e la presentazione di contenuti multimediali in un¿ottica di storytelling, dove contenuto ed utente vengono posti al centro di ogni attività. Essa sarà dotata di un media asset management attraverso il quale acquisire i contenuti, classificarli e posizionarli in archivi distribuiti. L¿utilizzo del cloud computing aiuterà l¿immagazzinamento dei dati, mentre gli algoritmi di machine learning e intelligenza artificiale (deep learning), permetteranno di migliorarne la categorizzazione. Tale strumento avrà anche un semplice workflow manager con cui gestire i processi operativi di gestione dei singoli file, allineandosi alle politiche e alle procedure dei processi aziendali.
La piattaforma OTTV utilizzerà uno strumento di condivisione dei file per operazioni di post-produzione, con lo scopo di velocizzare l¿attività lavorativa. Il modulo software di delivery sarà in grado di raccogliere i file e tutti i dati classificati,quindi predisporre una presentazione degli stessi in modo semplice e ad alto impatto visivo. La presentazione efficace dei contenuti contribuirà positivamente alle attività di marketing valorizzando al meglio le proposte commerciali sotto forma di grafici ed elementi multimedial",ai
NON_AI,"Il progetto mira a valorizzare gli investimenti che l¿impresa ha sostenuto in tema di sviluppo di sistemi di tipo GDS. In dettaglio partendo dalla disponibilità del sistema di frontend e del relativo backend del portale iTrinus, il progetto di innovazione sarà finalizzato alla definizione di un sistema di tipo virtual concierge, le cui principali caratteristiche si baseranno su 2 aspetti innovativi: la definizione di un¿interfaccia semplificata di comunicazione tra cliente e sistema, volta all¿integrazione di una procedura di interlocuzione basata sull¿interpretazione semantica di richieste espresse in linguaggio naturale; la definizione di metodiche evolute a base di intelligenza artificiale, finalizzate all¿ottimizzazione del processo di analisi dei dati e di proposta delle soluzioni da parte del virtual concierge.",ai
NON_AI,"APZmedia si propone di continuare a far crescere la propria realtà investendo su due binari paralleli: 1) il consolidamento come casa di produzione multimediale, che offre la creazione di contenuti originali con la più alta qualità tecnica e narrativa; 2) lo sviluppo e la commercializzazione di strumenti software destinati ai professionisti del settore audiovisivo e multimediale. APZmedia punta alla crescita della propria divisione tecnologia di Ricerca e Sviluppo, avviata negli ultimi due anni grazie ai contributi POR FESR FVG 2014-2020, che è riuscita a sviluppare un primo prototipo di software “Tango smart metalogger” - strumento per videomakers, montatori video, videographers e dipartimenti media, per la catalogazione ed organizzazione di grandi moli di contenuti -, e che ora necessita di ulteriori risorse per essere testato. Si propone inoltre di continuare ad investire in nuove tecnologie e servizi per aumentare la competitività come casa di produzione multimediale, in particolar modo con l’offerta di contenuti immersivi, di virtual reality e virtual production/previsualization.",non_ai
NON_AI,"Il processo di innovazione sarà principalmente volto al miglioramento della gestione delle manutenzioni che sono suddivise in due semestrali obbligatorie e una serie di manutenzioni ordinarie che possono variare da contratto a contratto. Questo numero, ad oggi, si basa su accordi intercorsi tra il commerciale di riferimento e l¿utente e non tiene invece conto della ¿chiamatosità¿ dell¿impianto, della sua anzianità o di qualsiasi altra sua caratteristica.
Al fine di intraprendere in maniera strutturata le attività relative alle gestione delle manutenzioni ordinarie Everest S.r.l. richiede il supporto di un Innovation manager che affiancherà i titolari dell¿azienda per supportare lo sviluppo di processi aziendali con le seguenti finalità:
- determinare tramite delle analisi di business intelligence le necessità manutentiva di ciascun impianto sulla base delle sue caratteristiche e sulle informazioni storiche raccolte per passare ad una manutenzione preventiva e predittiva
- definire la tipologia di contratto manutentivo tale da massimizzare la marginalità sui singoli contratti
- aumentare la produttività dei tecnici e aumentare la resa di ciascun canone",non_ai
NON_AI,"Il progetto della costituita M.EDU.S.A srl (società unipersonale costituita nel 2017 -  ATECO 91.03.00) è finalizzato alla divulgazione e promozione del sito archeologico sommerso di AENARIA nell'isola di Ischia (NA). Il progetto propone, attraverso la realizzazione di materiale audio-visivo basato sulla tecnologia realtà virtuale (VR) e realtà aumentata (AR), la realizzazione di una piattaforma multicanale e multi sensoriale per l'eduitment nel campo dei beni culturali, realizzando una integrazione tra: innovazione, ICT, cultura, scienze naturali e turismo.",non_ai
NON_AI,"Il riconoscimento del linguaggio naturale funziona a Intent e Expressions, Intent è una intenzione che l¿utente può comunicare al sistema. Expression è una delle frasi (in lingua) che l¿utente può dire per manifestare il suo intent al sistema. Tra intent e expression c¿è quindi un rapporto 1:n. Le frasi vengono dette nel linguaggio naturale, tecnicamente il client registra un file mp3 e lo strasmette a un endpoit di Artificial Intelligence sul web che ha il compito di decodificare le frasi audio e di trasformarle in frasi testo.
Un primo esempio di Intent è quello in cui l¿utente cerca una camera vista mare nell¿hotel. L¿intent si può chiamare per esempio CamereVistaMare, e le corrispondenti expression in Italiano saranno: ¿sto cercando una camera vista mare¿ ¿avete una camera vista mare?¿ ,¿.. La esperienza dimostra che a ogni Intent corrisponde un numero di expression che va da 20 a 30 (data una lingua).",ai
NON_AI,"EMMA è una piattaforma modulare per la gestione museale a 360°. Il principale scopo di Emma sarà quello di ottimizzare l’esperienza di gestione delle attività museali per mezzo di un unico sistema flessibile e modulare. La piattaforma offre una serie di servizi web based, accessibili da desktop, ed è integrata con un’app mobile che, per mezzo della scannerizzazione e riconoscimento di codici a barre, rende i processi di vendita e catalogazione più semplici e veloci, oltre a permettere un utilizzo dei servizi parallelo e
dislocato. Le attività previste nell’ambito del progetto sanno: i) il completamento del modulo di vendita, 
ii) la realizzazione del modulo di analisi dei dati, 
iii) la strutturazione del modulo di fruizione in realtà aumentata e 
iv) avvio del piano di localizzazione internazionale del software.",non_ai
NON_AI,Realtà aumentata applicata ai processi di vendita e post vendita,non_ai
NON_AI,"Produzione, sviluppo e commercializzazione di applicativi in realtà aumentata",non_ai
NON_AI,"il progetto, di durata 18 mesi, prevede la creazione di un centro servizi promozionali per aziende ed enti nei settori della cultura, del turismo e del territorio di contenuto altamente tecnologico. Nello specifico i servizi saranno orientati alla creazione di applicazioni di realtà aumentata, stampa 3D, produzione di video dinamici mediante telecamere go-pro da terra e a bordo di droni volanti. Nella prima fase (4 mesi) saranno acquisite le tecnologie hardware e software necessarie (PC con software, stampante 3D, drone, corsi, abilitazioni, ecc.), per poi procedere ad una fase di addestramento (4 mesi), che comprende anche la produzione di video promozionali “campione” da utilizzare a scopo di marketing. si procederà con l’attività di promozione dei servizi proposti mediante i canali più efficaci (web in primis)e sarà realizzato un portale web dedicato a queste attività. Per queste ultime attività si stima una durata di ulteriori 4 mesi, sino ad arrivare all’ultimo semestre utilizzato per il consolidamento dell’attività.",non_ai
NON_AI,"Brandon Group srl è una PMI innovativa che offre alle aziende un servizio di gestione completo del processo di vendita e post-vendita sui principali marketplace internazionali. Grazie alla propria piattaforma tecnologica, Brandon gestisce l'intera filiera distributiva in modo automatizzato garantendo scalabilità dei volumi e massimizzazione della marginalità.
Per accelerare ulteriormente la propria crescita, Brandon intende affidare ad un manager dell¿innovazione con specifiche competenze di supply chain in ambito digitale, un progetto di ammodernamento del suo assetto gestionale e organizzativo volto a:
- Innovare e ridefinire i processi interni
- Progettare un modello di integrazione tecnologica di tutti gli attori della supply chain per velocizzare lo scambio di dati e ottimizzare il coordinamento 
- Rinnovare la struttura organizzativa per gestire i modelli di business B2B e B2C in modo integrato massimizzando le sinergie ottenibili in Brandon e con le società in via di acquisizione
Il progetto rappresenta per Brandon un¿innovazione sia di servizio verso i propri clienti, volto a incrementarne i volumi di fatturato, la brand awareness e la reportistica basata su data analysis e machine learning, sia di processo, rendendo più efficiente il modo in cui opera l¿azienda.",non_ai
NON_AI,"Il progetto SM.A.R.T. (SMart Analytics in Roads and Transportations) proposto dalla società  K-city mira a soddisfare la carenza di  soluzioni di mobilità intelligente basate su approcci data-driven (guidati dai dati), , e la necessità delle pubbliche amministrazioni e dei cittadini di servizi legati alla mobilità. Il progetto SM.A.R.T, a partire dalle esperienze, skills, ed attività già svolte in passato dai partner di progetto, ha come obiettivo principale la ricerca industriale e lo sviluppo di una piattaforma integrata di servizi di Predictive Analytics, e di una sensoristica a supporto,  (i) per l’estrazione di nuova conoscenza ed insights da fonti dati multi-source/ proveniente da sensori dell’ Internet of Things (IoT), (ii) per il miglioramento dei servizi urbani di Smart Mobility all’interno del contesto Smart City, con particolare attenzione alla viabilità, traffico, smart parking ed assistenza ai cittadini.",ai
NON_AI,"In questo progetto viene discussa la fattibilità di utilizzare un visore di realtà virtuale o realtà aumentata per migliorare la progettazione elettronica fatta attraverso l’utilizzo di un CAD specifico. Vengono introdotti gli aspetti fondamentali su cui si basa l’intero progetto e delineati i grandi vantaggi che si potrebbero ottenere, sia riguardanti la stessa filiera, sia spostando lo sguardo su nuovi mercati. L’intero progetto posa le sue basi non solo sul progresso tecnologico, ma vuole dare una concreta risposta alla crisi dei chip in Taiwan che sta colpendo l’intero mercato informatico ed elettronico; una migliore e attenta progettazione potrebbe far in modo di valutare sempre più alternative di componenti per la realizzazione dei propri circuiti stampati.",non_ai
NON_AI,"Il progetto prevede l’incremento della digitalizzazione con l’acquisto di strumenti diagnostici innovativi nell’ambito dei controlli in edilizia per innalzare il livello tecnologico dei servizi che Studio MM srl propone.
Si tratta di strumenti di diagnostica non distruttiva evolutosi grazie alle nuove tecnologie di realtà aumentata ed innovazione della sensoristica e del processamento software, che permette una visione virtuale in tempo reale dei difetti nelle strutture (dai viadotti in cls alle murature) e la parametrizzazione di grandezze fisiche che sono alla base sia della nascente manutenzione predittiva (il settore edile è arretrato rispetto ad altri ambiti) sia dei modelli sempre più in uso basato su BIM e digital twins.
Tali strumenti permettono l'effettuazione di controlli non invasivi eseguibili senza interrompere l’uso delle strutture oggetto di analisi.
Utilità endogena è pertanto incrementare la competitività dell’azienda fornendo nel contempo uno stimolo al personale tecnico per aumentare il livello di specializzazione tecnologica e digitalizzazione.",non_ai
NON_AI,"La nostra azienda si occupa di forniture e assistenza informatica a clienti privati e enti pubblici. Questo progetto vuole realizzare un sistema integrato  di assistenza informatica on line, attraverso quattro azioni strettamente connesse:  
Migliorare la filiera (Supply Chain) di gestione della assistenza on line, attraverso l’utilizzo di un software CRM che permetta il tracciamento della richiesta del cliente, la gestione delle soluzioni e scelta del miglior tecnico per le competenze richieste, l'individuazione delle priorità e la contabilizzazione dei corrispettivi economici fino la fatturazione; 
Implementare l’interazione con i clienti rendendoli attivi e partecipi all’intervento tecnico online, attraverso la Realtà aumentata. Il cliente e il tecnico potranno indossare speciali occhiali che permetteranno al cliente di essere parte attiva ed evitare un intervento; 
Potenziare e qualificare l’assistenza tecnica informatica sulle reti wireless, ambito specialistico della nostra azienda, con l’acquisizione di strumenti e software che consentano analisi e pianificazione delle reti wireless; 
Innalzare il livello di sicurezza informatica nella gestione dei processi di assistenza e accesso ai sistemi dei clienti. Parliamo di Cyber Security, nodo critico dei sistemi inform",non_ai
NON_AI,"Il progetto promosso da FLIM LABS è incentrato sullo sviluppo e la commercializzazione di un sistema innovativo per l'acquisizione e l'analisi dei dati di imaging a vita di fluorescenza (FLIM).
L'analisi della durata della fluorescenza FLIM è una tecnica di microscopia all'avanguardia, attualmente utilizzata nelle scienze della vita (diagnostica del cancro, di tessuti e di cellule staminali, nonchè per la valutazione dell'efficacia di farmaci e vaccini). 
In futuro si prevede un'ampia diffusione delle tecniche FLIM anche nei settori biomedicale, delle biotecnologie, delle tecnologie alimentari e della scienza dei materiali.
La mission del progetto è la realizzazione di un innovativo kit di analisi completo, che possa essere in grado di incrementare le applicazioni della tecnologia anche in nuovi ambiti, caratterizzato da:
- hardware composto da un dispositivo portatile per l’acquisizione dei dati avente dimensioni ridotte e alimentazione a batteria;
- modulo laser pulsato per l’eccitazione dei campioni;
- modulo detector per la rilevazione della luce fluorescente di tipo SPAD (single photon avalanche diode);
- software per elaborazione dati in tempo reale; intelligenza artificiale per l’interpretazione dei risultati. Condivisione risultati su cloud e altre piattaforme.",ai
NON_AI,"Il progetto Tada Edu propone la realizzazione di un’applicazione per bambini, basata sul gioco, che attraverso strumenti fisici e realtà aumentata, sarà in grado di supportare in modo semplice insegnanti e terapisti nell’elaborazione di valutazioni precoci e, nello stesso tempo, potrà essere utilizzato come strumento innovativo nel processo didattico generale. 
La sfida progettuale risiede nella capacità di trasferire le potenzialità di test di valutazione neurologica, elaborati in campo scientifico, all’interno di un prodotto digitale, riuscendo a massimizzare i risultati proposti in campo diagnostico con le potenzialità offerte dalle nuove tecnologie.",non_ai
NON_AI,"""L’azienda CALZATURIFICIO GALLO S.R.L. opera nel settore della produzione di calzature artigianali da uomo e ha messo a punto un programma di investimento avente ad oggetto lo sviluppo tecnologico e l’innovazione del processo produttivo aziendale. Prevede, in particolare, l’inserimento nel layout produttivo di una linea calzature 4.0 comprendente macchinari tecnologicamente avanzati ed interconnessi ai sistemi informativi di fabbrica allo scopo di semplificare, migliorare e velocizzare il processo produttivo con notevoli risparmi in termini di tempo, costi ed energia. È inoltre prevista l’installazione di un impianto fotovoltaico che contribuirà a rendere l’azienda maggiormente indipendente da fonti energetiche derivanti da combustibili fossili e l’impiego di un software per la manutenzione preventiva-predittiva per l’efficientamento energetico del ciclo produttivo.",non_ai
NON_AI,"Il progetto DIGA intende intervenire nei processi di produzione della gadgettistica artistica caratterizzante il territorio della Regione Campania per storia e tradizione, introducendo nella produzione le tecnologie dello storytelling e della realtà aumentata. Oggi le tecnologie dello storytelling, della multimedialità, della realtà aumentata possono accompagnare un qualsiasi oggetto perchè di essi se ne conosca la storia, la qualità artistica o solo il processo produttivo. Grazie ad un'app appositamente progettata in diverse lingue basterà inquadrare l'oggetto per essere messi in contatto con un mondo da scoprire del territorio in cui quell'oggetto è stato realizzato.",non_ai
NON_AI,"Il progetto mira realizzare laboratori formativi ad alta specializzazione quale espressione di una strategia fondata sulla connessione formazione – lavoro, con l’obiettivo di sostenere interventi destinati ai settori produttivi degli ambiti ICT, FOOD e METALLURGICO con particolare riferimento ai fabbisogni di innovazione e di trasferimento tecnologico. 
Un’ Academy dei mestieri che, combinando sia l’esperienza laboratoriale e sia la formazione in aula anche attraverso l’utilizzo di realtà aumentata e/o virtuale, determina profili di livello specialistico volti all’immediato inserimento nel mondo del lavoro. Il progetto mira ad avviare un virtuoso processo di crescita e sviluppo delle competenze digitali delle nuove generazioni e non mediante la realizzazione di laboratori formativi mediante l’introduzione di nuovi modelli di apprendimento in cui metodologie innovative, ambienti e tecnologie si integrino concorrendo non solo allo sviluppo di nuove competenze digitali e trasversali ma anche all’inserimento nel mondo del lavoro.",non_ai
NON_AI,"Maestrale srl ha come mission la progettazione, costruzione e commercializzazione di simulatori di volo di prossima generazione basati sulle tecnologie più evolute nel campo della virtual reality (VR) e Mixed Reality (MR). In questo modo l’azienda è in grado di rispondere alle esigenze di mercato, creando una nuova categoria di simulatori ad alto valore aggiunto che permettono di migliorare le attività di training dei piloti in tutto il mondo con simulatori più realistici e nello stesso tempo più facile da gestire e meno costosi. 
Maestrale S.r.l. è specializzata nella costruzione, riparazione e manutenzione di aeromobili, simulatori di volo e dei relativi dispositivi. Inoltre, segue la progettazione, costruzione, riparazione, manutenzione e successiva installazione di impianti automatizzati meccanici ed elettronici, di componenti meccaniche e di pezzi di ricambio.
La sempre più crescente richiesta di tecniche e metodi in grado di permettere opzioni di trasporto più sicure, efficienti e flessibili ha portato allo sviluppo di una piattaforma di simulazione allo scopo di analizzare tutti gli aspetti di un aeromobile, compresi la progettazione, il rumore generato e i requisiti in termini di controllo del traffico aereo. È in tale contesto che nasce l’idea progettuale di sviluppo spe",non_ai
NON_AI,"Il progetto SM.A.R.T. (SMart Analytics in Roads and Transportations) proposto dalla società  K-city mira a soddisfare la carenza di  soluzioni di mobilità intelligente basate su approcci data-driven (guidati dai dati), , e la necessità delle pubbliche amministrazioni e dei cittadini di servizi legati alla mobilità. Il progetto SM.A.R.T, a partire dalle esperienze, skills, ed attività già svolte in passato dai partner di progetto, ha come obiettivo principale la ricerca industriale e lo sviluppo di una piattaforma integrata di servizi di Predictive Analytics, e di una sensoristica a supporto,  (i) per l’estrazione di nuova conoscenza ed insights da fonti dati multi-source/ proveniente da sensori dell’ Internet of Things (IoT), (ii) per il miglioramento dei servizi urbani di Smart Mobility all’interno del contesto Smart City, con particolare attenzione alla viabilità, traffico, smart parking ed assistenza ai cittadini.",ai
NON_AI,"1. Acquisizione documentazione, esecuzione rilievi urbani  e ricostruzione storica tridimensionale dei manufatti.
Obiettivo; creazione ambienti virtuali per la realizzazione delle applicazioni di navigazione interattiva e filmati.
Modalità di svolgimento; in sede e in esterni a cura di personale qualificato.
Tempi di realizzazione; 4 mesi
2. Acquisizione di materiale fotografico e video.
Obiettivo; realizzazione di video-documentari
Modalità di svolgimento; in sede e sui luoghi individuati, a cura di personale qualificato.
Tempi di realizzazione; 5 mesi
3. creazione delle applicazioni per la navigazione interattiva e la visualizzazione in realtà virtuale attraverso l`uso di appositi visori
Obiettivo; sviluppo delle risorse per la distribuzione del materiale su supporti informatici (PC, Tablet, Smartphone)
Modalità di svolgimento; in sede e in esterni a cura di personale qualificato.
Tempi di realizzazione; 4 mesi
4. distribuzione delle applicazioni e dei visori sia attraverso il web che coinvolgendo attori locali. Realizzazione dei visori in loco o acquisto da distributori.
Obiettivo; creare fenomeni di cross-over tra settori diversi.
Modalità di svolgimento; sul territorio a cura di personale vario.
Tempi di realizzazione; 5 mesi",ai
NON_AI,Realtà aumentata applicata ai processi di vendita e post vendita,non_ai
NON_AI,Realtà Aumentata e Story-Telling Automatizzato per la valorizzazione di Beni Culturali ed Itinerari,non_ai
NON_AI,"Hevolus srl,azienda B2B specializzata nella ricerca e sviluppo di business mode1 innovativi per l'industria del mobile,per sviluppare nuove linee di soluzione caratterizzate da un elevato contenuto di innovazione tecnologica,dalla Realtà Virtuale a quella Aumentata fino alla Mixed Reality Hologram e all'Intelligenza Artificiale,si propone,di porre le basi per avviare una vera e propria trasformazione tecnologica e digitale,intesa quale leva strategica in grado di garantire un ritorno per l¿azienda in termini di competition sui propri mercati di riferimento e di acquisizione di nuove quote.L¿azienda ritiene importante ricercare opportunità e strumenti di finanza alternativa per reperire risorse, chiaramente compatibili con il business ed il modello aziendale,adottando un approccio multidisciplinare e dedicato.Per indirizzare e supportare l¿accesso ai mercati finanziari e dei capitali,per avviare un percorso finalizzato all¿utilizzo dei nuovi strumenti di finanza alternativa e digitale,intende affidarsi ad un manager dell¿innovazione il quale sarà incaricato di compiere degli studi di fattibilità rivolti alla redazione del BP per valutare la somma delle spese dei successivi sviluppi e intercettare le piattaforme di Crowdfunding interessate ad investire nella sperimentazione.",non_ai
NON_AI,"Logistica 4.0 vuole favorire lo sviluppo di una offerta di Strategic Outsourcing in linea con gli obiettivi dell’S3 della Regione E-R: 
- rilanciare la competitività del sistema produttivo logistico e la buona occupazione;
- sostenere la trasformazione innovativa, digitale, intelligente, green e sostenibile della società; 
- promuovere il territorio di appartenenza attraverso processi di sviluppo sostenibili; 
- contrastare le diseguaglianze economiche e sociali, di genere e generazionali, per assicurare una transizione giusta e il pieno coinvolgimento delle donne e dei giovani agli obiettivi di crescita e coesione.
Il progetto della nostra cooperativa creerà le premesse per erogare una offerta forte e significativa che rafforzerà significativamente la competitività in termini di efficienza e capacità di servizio nella quale l’operatore gestirà l’intero processo logistico, ottimizzandolo grazie all’introduzione di tecnologie e attrezzature innovative: digitalizzazione avanzata, internet delle cose, big data e analitycs, integrazione verticale e orizzontale dei sistemi, robotica, cloud computing, realtà aumentata, cybersecurity. 
Il progetto realizzerà una integrazione tra sistemi di movimentazione e gestione di magazzino e verrà replicato alla clientela.",non_ai
NON_AI,"Realizzazione di showroom virtuali personalizzati attraverso l'utilizzo integrato delle tecnologie di realtà aumentata (AR), virtuale (VR) e chromakey",ai
NON_AI,"Il  progetto,  denominato  Archeo  Museum  Innova  (acronimo  AMI),  prevede  la  realizzazione  di  una piattaforma  digitale  per  una  innovativa  offerta  di  fruizione  dei  musei,  parchi  e  siti  archeologici italiani  ed esteri, declinabile su 2 modalità di visione: • Mostra Virtuale sul Web: mostra completamente virtuale su piattaforma sviluppata con tecnologia “Responsive”, fruibile da dispositivi desktop, tablet e mobile che consentirà di visitare in modo virtuale ed interattivo i musei, parchi e siti archeologici campani, italiani ed esteri. Piattaforma di facile accesso e visibile dai principali browser, e “leggera” in termini di tempi di risposta e con immagini in grande formato ad alta risoluzione ingrandibili.  • Mostra Digital 3D sul territorio: versione per una  declinazione  reale  della  visita  al  luogo  della cultura,  con  alta  spettacolarizzazione  dei  contenuti,  con  possibilità  di  stampa  così  da  poter sviluppare una versione espositiva di contenuti scaricabili on-line, grazie ai supporti digitali in alta risoluzione declinabile su: pannelli, video interattivi, video animazioni grafiche 3D, APP e DVD, realtà aumentata 3D.",ai
NON_AI,"Piano di investimenti in innovazione digitale per favorire la ripresa delle vendite dopo l'emergenza COVID-19, il supporto all'implementazione di misure di distanziamento sociale, la rigenerazione dell'offerta ed il miglior posizionamento nel mercato del nostro hotel.

In particolare gli interventi saranno focalizzati a trasformare il sito dell'hotel in uno strumento maggiormente di vendita e di interazione con i clienti italiani e internazionali, fondendo i processi web e quelli aziendali con l'adozione di una piattaforma e di un modus operandi integrato e focalizzato sul sistema CRM.

Inoltre, per meglio sviluppare la crescita del canale diretto, il mantenimento delle quote di mercato e lo sviluppo digitale gli interventi saranno mirati ad avere una chiara strategia in merito ai pagamenti elettronici più attuali e ai sistemi e tecniche migliori per promuovere l'hotel, compresa la generazione e l'uso di contenuti immersivi di realtà virtuale.",non_ai
NON_AI,La Computer Union srl è uno dei negozi storici di informatica presenti sul territorio genovese. Negli anni è sempre stata all'avanguardia nel proporre soluzioni per l'informatica professionale e personale rivendendo i migliori brand e fornendo un eccellente servizio di consulenza in fase di acquisto oltre ad una qualificata assistenza post vendita. E' il punto di riferimento per la fornitura di soluzioni avanzate per la grafica e il gaming di alto livello oltre a stazioni per realtà virtuale (VR) e simulatori.,non_ai
NON_AI,"Il progetto DIGA intende intervenire nei processi di produzione della gadgettistica artistica caratterizzante il territorio della Regione Campania per storia e tradizione, introducendo nella produzione le tecnologie dello storytelling e della realtà aumentata. Oggi le tecnologie dello storytelling, della multimedialità, della realtà aumentata possono accompagnare un qualsiasi oggetto perchè di essi se ne conosca la storia, la qualità artistica o solo il processo produttivo. Grazie ad un'app appositamente progettata in diverse lingue basterà inquadrare l'oggetto per essere messi in contatto con un mondo da scoprire del territorio in cui quell'oggetto è stato realizzato.",non_ai
NON_AI,"Il progetto prevede lo sviluppo di un nuovo sistema pubblicitario ad oggi unico in Italia, per la gestione di contenuti digitali, con l'ausilio di tecnologia avanzate come la REALTA' AUMENTATA, perfettamente in linea con quanto previsto dalle traiettorie del programma RIS3 Campania. Il progetto è perfettamente allineato con le priorità dell¿industria 4.0, infatti il progetto si sviluppa sulla base della tecnologia AR (Realtà aumentata), inserendo i nuovi servizi all'interno di un mercato ad oggi povero di tecnologia nel settore della pubblicità; l¿avvio del nuovo servizio permetterà l'espansione del progetto e dei contenuti in modo immediato, e darà la possibilità al progetto di continuare il proprio sviluppo parallelamente alle esigenze del mercato stesso.  Il progetto ad oggi è in uno stato avanzato, è già stata creata una piattaforma beta in cui sono stati implementati i primi contenuti AR, la stessa dovrà essere sviluppata e ottimizzata per poter gestire un numero maggiore di contenuti digitali, la stessa dovrà poi essere perzonalizzata per l'utilizzo veloce attraverso smartphone e tablet, la sua semplicità e la predisposizione all'utilizzo tramite i device evidenziati, permetterà un'espansione veloce e capillare.",ai
NON_AI,"FNC è stata costituita nel 2017 come startup innovativa dedicata allo sviluppo dell'intelligenza artificiale e dei sistemi esperti negli applicativi gestionali fiscali e relative automazioni dedicate ai soggetti con regime fiscale forfettario.
FNC ha realizzato l?applicazione denominata ForfettApp, una soluzione unica nel suo genere in Italia - ForfettApp è un?applicazione dedicata alla fiscalità dei contribuenti italiani che adottano il regime forfettario; con ForfettApp l?utente dispone di tutti gli strumenti e servizi per poter assolvere agli obblighi previsti dalla normativa fiscale italiana.
Nel 2017 FNC è stata premiata alla Business Plan Competition Regione Liguria SmartCup Talentour.
Nel 2020 LigurCapital, Gruppo Filse/Regione Liguria ha assunto una partecipazione di minoranza in FNC per contribuire al suo sviluppo avendone riconosciuto le potenzialità e lo stile innovativo.
Il 2020 è stato l?anno di lancio commerciale, dopo diverse fasi di testing su clienti beta, di ForfettApp che, anche grazie al capitale apportato da LigurCapital, ha ottenuto sin dall?inizio risultati eccellenti in termini di crescita dei clienti.
Le registrazioni all?Applicazione sono passate da 1.116 a gennaio 2020 a 4.298 a dicembre 2020 per arrivare a 8.119 a fine 2021.
Gli utenti che avevan",non_ai
NON_AI,"il progetto candidato è rivolto alla realizzazione di una RASS di tipo 1 caratterizzato da alta intensitÃ assistenziale. alto livello di protezione e media integrazione di assistenza sanitaria. Le attività
da realizzare riguardano prima di tutto l' ampliamento e la modifica degli spazi attualmente già in uso dalla cooperativa.Si procederà alla
creazione di una stanza per la realtà virtuale,
oltre alla realizzazione di un design di impronta
naturalistica capace di creare un collegamento
sinergico tra uomo e natura.",non_ai
NON_AI,"Il progetto DARIA, è un sistema di Distribuzione centrAlizzata di contenuti di Realtà aumentata (AR) In modo geolocalizzAto.
Tramite una piattaforma in cloud ed una app, il progetto DARIA punta a distribuire online, solo in specifiche aree geografiche (estremamente dettagliate tramite avanzati algoritmi che individuano rigide gerarchie di segmenti di una griglia), contenuti di Realtà Aumentata per migliorare l’appeal di beni culturali e la fruizione degli stessi in modo innovativo e dinamico e soprattutto fruibili in modo precisamente geolocalizzato. Lo scopo del progetto DARIA è quello di approfittare dei passi da gigante fatti da questa tecnologia oramai non più emergente ed in fortissima espansione individuando nella fruizione turistica dei beni culturali, uno degli ambiti di riferimento più promettenti in cui possa essere applicata.",ai
NON_AI,"1. Acquisizione documentazione, esecuzione rilievi urbani  e ricostruzione storica tridimensionale dei manufatti.
Obiettivo; creazione ambienti virtuali per la realizzazione delle applicazioni di navigazione interattiva e filmati.
Modalità di svolgimento; in sede e in esterni a cura di personale qualificato.
Tempi di realizzazione; 4 mesi
2. Acquisizione di materiale fotografico e video.
Obiettivo; realizzazione di video-documentari
Modalità di svolgimento; in sede e sui luoghi individuati, a cura di personale qualificato.
Tempi di realizzazione; 5 mesi
3. creazione delle applicazioni per la navigazione interattiva e la visualizzazione in realtà virtuale attraverso l`uso di appositi visori
Obiettivo; sviluppo delle risorse per la distribuzione del materiale su supporti informatici (PC, Tablet, Smartphone)
Modalità di svolgimento; in sede e in esterni a cura di personale qualificato.
Tempi di realizzazione; 4 mesi
4. distribuzione delle applicazioni e dei visori sia attraverso il web che coinvolgendo attori locali. Realizzazione dei visori in loco o acquisto da distributori.
Obiettivo; creare fenomeni di cross-over tra settori diversi.
Modalità di svolgimento; sul territorio a cura di personale vario.
Tempi di realizzazione; 5 mesi",ai
NON_AI,Realtà aumentata applicata ai processi di vendita e post vendita,non_ai
NON_AI,"Il progetto si articolerà come segue:
1.	Integrazione delle tecnologie di big data/AI nei processi aziendali dei clienti Rulex. L¿adozione di tali tecnologie innovative comporta un cambiamento pervasivo all¿interno delle società, a livello tecnologico, organizzativo e di competenze. Il mio intervento sarà focalizzato nel migliorare tale processo nel suo complesso, con un focus particolare su aspetti di privacy (fondamentali nei processi di Intelligenza Artificiale, come spiegato nel GDPR) e in alcuni settori specifici (per es. IT Travel).
2.	Supporto scaling up aziendale. Tale processo può essere favorito dall¿adozione di diverse politiche che devono essere individuate e implementate tra le quali:
-	Definizione di Strategie di Partnership
-	Pricing Definition
-	Definizione e targetizzazione Value Proposition
3.	Definizione e implementazione di processi di open innovation: co-creazione di contenuti con i propri partner di settore, individuati tramite opportuni processi di qualificazione (competenze, trust, mercato di riferimento, dominio...)
4.	Definizione e implementazione di programmi di education / academy: la formazione deve essere un motore di svolta sia tra i clienti sia tra i partner affinché essi possano implementare / sviluppare soluzioni ad hoc.",ai
NON_AI,"Il progetto proposto, pertanto, parte dal racconto della realtà aumentata applicata ai Beni culturali ed artistici.
La fruizione museale contemporanea tende a fornire ai visitatori esperienze sempre più interattive ed immersive",non_ai
NON_AI,"Il progetto SM.A.R.T. (SMart Analytics in Roads and Transportations) proposto dalla società  K-city mira a soddisfare la carenza di  soluzioni di mobilità intelligente basate su approcci data-driven (guidati dai dati), , e la necessità delle pubbliche amministrazioni e dei cittadini di servizi legati alla mobilità. Il progetto SM.A.R.T, a partire dalle esperienze, skills, ed attività già svolte in passato dai partner di progetto, ha come obiettivo principale la ricerca industriale e lo sviluppo di una piattaforma integrata di servizi di Predictive Analytics, e di una sensoristica a supporto,  (i) per l’estrazione di nuova conoscenza ed insights da fonti dati multi-source/ proveniente da sensori dell’ Internet of Things (IoT), (ii) per il miglioramento dei servizi urbani di Smart Mobility all’interno del contesto Smart City, con particolare attenzione alla viabilità, traffico, smart parking ed assistenza ai cittadini.",non_ai
NON_AI,"Dulca, nata nel 1993 e operante nel campo del commercio all’ingrosso di materie prime e semilavorati dei settori pasticceria, gelateria, panifici ed ho.re.ca, opera in particolare nella Romagna e nelle Marche, con estrema capillarità territoriale e fornendo il servizio di vendita e consegna, includendo anche le più piccole attività. Questo si traduce in un numero considerevole di documenti e quindi di consumo di carta, di dispersione del tempo dedicato alla raccolta e preparazione degli ordini, del maggior utilizzo di attrezzature e mezzi.
Il progetto prevede il miglioramento in senso digitale di 10 punti, e prevede dì migliorare tutti i punti dell’organizzazione interna, dal ricevimento e Io smistamento degli ordini, alla Ioro preparazione, al prelievo delle merci in magazzino e al loro stoccaggio in baia di carico, fino al caricamento sui mezzi, ma anche a seguire nelle consegn e e nel post-vendita.
Nuovo sito per e-commerce B2B con applicazione per smartphone; adozione di un CRM; uprgrade dell’ERP in essere; acquisizione di intelligenza artificiale per il magazzino; nuovo server ad iperconvergenza e connessione wi-fi per il magazzino sono le principali voci che andranno implementate.",ai
NON_AI,"Il progetto si propone di definire ed implementare un’infrastruttura software per la realizzazione di sistemi di dialogo in ambienti virtualizzati nell’ambito dei beni culturali allo scopo di realizzare una “esperienza 3D” relativa ai siti culturali, selezionati tra quelli presenti nella Regione Campania. 

In particolare, l’esperienza verrà presentata agli utenti finali attraverso l’utilizzo di visori per la realtà virtuale, attraverso cui verrà mostrata una ricostruzione 3D degli ambienti e/o delle opere che il sito espone, consentendo al visitatore di navigare all’interno dell’area e di interagire con un agente virtuale capace di soddisfare il suo bisogno informativo. 

Tali “tour” virtuali verranno commercializzati in loco e online (su piattaforma Oculus) a clienti finali e in franchising. Inoltre, l’infrastruttura software e la base di conoscenza sviluppate fungeranno da base per la creazione di “esperienze 3D” ad hoc da realizzare su commissione per siti culturali pubblici e privati.",non_ai
NON_AI,"Realizzazione di showroom virtuali personalizzati attraverso l'utilizzo integrato delle tecnologie di realtà aumentata (AR), virtuale (VR) e chromakey",ai
NON_AI,"Questo investimento implementa il programma finalizzato allo sviluppo del paradigma industriale 4.0. e prevede l’installazione di n. 3 gru elettriche a ponte scorrevole 4.0 dalla portata di 10 t e di un PLC Schneider Electric dotato di software, linguaggio di programmazione CoDeSys, dedicato alla gestione dell’Industry 4.0, l’interconnessione con il gestionale aziendale, con protocollo di comunicazione OPC-UA attraverso W-Fi con cui si può monitorare  l’usura delle varie parti elettriche e meccaniche come funi e ruote con maggiore sicurezza sul lavoro e determinare la vita residua della macchina. L’integrazione automatizzata di fabbrica avviene tramite i sopra definiti protocolli di comunicazione condividendo le informazioni in tempo reale sullo stato del sistema in ottica smart manufacturing permettendo l’esame dei dati storici di manutenzione e le informazioni tecniche della gru, per la manutenzione preventiva e predittiva, oltre a garantire le performance delle gru concorreranno allo sviluppo di modelli predittivi per l’efficientamento dei processi.
Il PLC ha al suo interno un Web Server da cui si accede a pagine web, accessibili tramite Wi-Fi interna sia da PC che da Tablet e/o Smartphone per supervisionare i vari componenti hardware presenti sul carroponte.",non_ai
NON_AI,"La compagine proponente, TEXI SRL, in sinergia con i propri Partner, sfruttando le proprie competenze, il proprio know how, e le rispettive facilities presenti presso le proprie sedi operative, intende implementare nuovi processi di scansione 3D, digitalizzazione, riproduzione di opere d'arte e/o beni culturali di interesse nazionale ed internazionale, e generazione di realtà aumentata, per una molteplicità di scopi, e/o fabbisogni da soddisfare.",non_ai
NON_AI,"Il complesso progetto che la Elsamec sta realizzando, relativo ai mercati delle serrande e delle porte, si compone come segue:
- Ottenimento del brevetto per sistema di sicurezza paracadute denominato ¿DISPOSITIVO DI ARRESTO AMMORTIZZATO PER SERRANDE AVVOLGIBILI¿¿¿La domanda è stata depositata il 30/11/2021 e protocollata con numero 
02021000030353. La Elsamec sarà la prima azienda ad utilizzare tale dispositivo in ambito industriale.
- Ideazione e perfezionamento di un motore per porte rapide. Industrializzazione ed
allestimento dello stesso al fine di ottimizzare i cicli di lavorazione.
- Integrazione di un sistema di visione a realtà aumentata finalizzato a rilevare in tempo reale accessi veicolari o pedonali, capace di interagire con la  ovimentazione della serranda a valori
pre-impostati (modificabili da remoto tramite cloud).
- Montaggio e connessione dell¿elettroriduttore su porta veloce. Tale operazione meccanica permetterà di svincolare la velocità di rotazione dell¿albero di uscita dell' elettroriduttore da quello di avvolgimento della porta, usando come trasmissione una coppia di corone ed una
catena. Non occorrerà più, pertanto, disporre di un¿ampia gamma di elettroriduttori che si adattino alle dimensioni/peso delle porte.",non_ai
NON_AI,"Il programma di investimento si articola su diverse direttrici, elencate a seguire, che permetteranno uno sviluppo armonico e integrato dell¿attuale realtà aziendale:
A.	Incremento della capacità produttiva nei segmenti asportazione di truciolo e lavorazioni mediante elettroerosione (EDM);
B.	Smart Workspace: allestimento di una area di lavoro in condizioni ambientali controllate, connessa e dotata di tecnologie per la realtà aumentata, per le operazioni di completamento, montaggio e controllo dei prodotti finiti;
C.	Gestione efficace, recupero e riutilizzo in situ dei fluidi di processo (acque, lubrorefrigeranti, solventi);
D.	Infrastruttura di rete e connessione internet industriale, Cloud & Cybersecurity
E.	Ispezione, accettazione e controllo materie prime deperibili;
F.	Recupero e riutilizzo in loco del packaging delle merci in ingresso, gestione efficace e integrata del packaging multifunzionale per il prodotto finito in ottica di sostenibilità;",non_ai
NON_AI,"Il progetto si propone di creare, da un lato, mappe online volte precipuamente alla promozione turistica (di una data località o area) basate su servizi mappali pre-esistenti (ad es. Google Maps, Open Street, etc) anche grazie all’inserimento di applicazioni di realtà aumentata;dall’altro, intende realizzare mappe turistiche tattili tridimensionali mediante la manifattura additiva supportata da stampanti 3D, creando un collegamento con i servizi mappali online grazie ad una interfaccia audio, indirizzate alla platea di persone con disabilità visiva.",non_ai
NON_AI,"La società si occupa di fornitura apparecchiature elettromedicali di bassa e alta tecnologia, verifica di sicurezza elettrica, manutenzione preventiva, controllo di qualità e ingegneria clinica. 
Fornire apparecchiature elettromedicali ed in particolare ecografi presuppone un?attenta e scrupolosa organizzazione e soprattutto un gruppo di lavoro altamente specializzato e in continuo aggiornamento.
La nostra famiglia è infatti composta da un ?cuore? di persone che vanta oltre trent?anni di esperienza nel settore e da innesti di giovani che con le loro idee accrescono il valore di MCS rendendola così sempre più in linea con le sfide del domani.
Siamo distributori autorizzati di ecografi Mindray in Toscana, Liguria, Emilia-Romagna, Piemonte e Valle d?Aosta e forniamo assistenza tecnica specializzata su ecografi, defibrillatori, ECG, monitoraggio parametri vitali, robotica e in genere su tutta la tecnologia presente in ambiente sanitario.
Dal 2022, con lo scopo di migliorare la propria rete di vendita, Mindray ha scelto di affidare specifiche linee di business a macro-distributori altamente specializzati, incaricandoci della gestione esclusiva delle linee Cardio-Vascolare e General Imaging per le regioni di nostra competenza. Questo ci rende orgogliosi e ci permette di impiegare l",non_ai
NON_AI,"""Digitalizzazione: realizzazione di un sito della rete per la promozione di Perugia, dell’Umbria, delle imprese retiste e attivazione dei percorsi esperenziali. Il materiale realizzato si valorizzerà reciprocamente in un portale che punterà a promuovere Perugia in una modalità virtuale ed interattiva, con l’auspicio che possa nel tempo raccogliere quante più realtà locali possibile (comprese quelle culturali). Azioni di digital marketing, interventi SEO, SEM, web e social e marketing; realizzazione cataloghi aziendali, shooting fotografici, video a 360 gradi

Internazionalizzazione: programmazione di un temporary showroom a Dubai (marzo 2021 a settembre 2021); la presenza in loco permette di intercettare opportunità promozionali e commerciali in vista dell’Expo di Dubai
 
Promozione: investimenti in tecnologie di realtà aumentata e realtà virtuale per il marketing esperienziale del territorio, delle imprese retiste e delle strutture ricettive, musei, teatri, ecc.; servizi per la partecipazione virtuale a show room""",non_ai
NON_AI,"Il progetto si basa sule seguenti azioni:
• Miglioramento dei servizi offerti attraverso la creazione di percorsi con la realtà aumentata.
• Digitalizzazione dei Beni Culturali e inserimento dei contenuti nei visori e siti web
• Miglioramento dei servizi offerti grazie all’ausilio del furgone 9 posti per trasporto dei bambini durante i campi estivi e visitatori.
• Aumento della capacità ricettiva del territorio e miglioramento del servizio dei campi estivi attraverso le tende sospese.
• Preparazione, catalogazione e ricerca di nuovi di Beni fossiliferi grazie all’attrezzatura per il laboratorio e alla consulenza scientifica.
• Miglioramento delle condizioni ambientali della struttura museale con l’ausilio di pellicola protettiva.",non_ai
NON_AI,"Il progetto DIGA intende intervenire nei processi di produzione della gadgettistica artistica caratterizzante il territorio della Regione Campania per storia e tradizione, introducendo nella produzione le tecnologie dello storytelling e della realtà aumentata. Oggi le tecnologie dello storytelling, della multimedialità, della realtà aumentata possono accompagnare un qualsiasi oggetto perchè di essi se ne conosca la storia, la qualità artistica o solo il processo produttivo. Grazie ad un'app appositamente progettata in diverse lingue basterà inquadrare l'oggetto per essere messi in contatto con un mondo da scoprire del territorio in cui quell'oggetto è stato realizzato.",non_ai
NON_AI,"Il programma di investimento si articola su diverse direttrici, elencate a seguire, che permetteranno uno sviluppo armonico e integrato dell¿attuale realtà aziendale:
A.	Incremento della capacità produttiva nei segmenti asportazione di truciolo e lavorazioni mediante elettroerosione (EDM);
B.	Smart Workspace: allestimento di una area di lavoro in condizioni ambientali controllate, connessa e dotata di tecnologie per la realtà aumentata, per le operazioni di completamento, montaggio e controllo dei prodotti finiti;
C.	Gestione efficace, recupero e riutilizzo in situ dei fluidi di processo (acque, lubrorefrigeranti, solventi);
D.	Infrastruttura di rete e connessione internet industriale, Cloud & Cybersecurity
E.	Ispezione, accettazione e controllo materie prime deperibili;
F.	Recupero e riutilizzo in loco del packaging delle merci in ingresso, gestione efficace e integrata del packaging multifunzionale per il prodotto finito in ottica di sostenibilità;",non_ai
NON_AI,"Wonderplant è un progetto che introduce nell’area presentazioni virtuali le tecnologie della simulazione virtuale e della realtà aumentata in abbinamento alla semplicità di utilizzo. Wonderplant è un Configuratore 3D online per la costruzione virtuale di nuovi impianti produttivi, inserimento di nuovi macchinari all’interno della linea produttiva esistente, disegno rapido che simula dimensioni e ingombri con i macchinari individuati, verifica la fattibilità e costi del progetto, il tutto con un semplice click offrendo un’esperienza immersiva nella simulazione e interattività per creare situazioni ed esperienze quanto più reali possibili, dove alle immagini sono abbinate le più complete informazioni. Sarà un sistema integrato in grado di portare al minimo le attività manuali ed abbattere i costi e tempi sostenuti dai clienti (banche dati, aggiornamenti, professionalità) e da Addiction per la fase di produzione grazie all’automazione nella gestione dei modelli 3D. Il progetto creato può essere allegato ad un preventivo o ad una presentazione, essere pubblicato online o proiettato in fiere ed eventi. Wonderplant è rivolto sia al ciclo di vendita (strumenti per l’area commerciale) che per il monitoring, analisi e controllo degli impianti in funzione (area tecnica).",non_ai
NON_AI,"La compagine proponente, TEXI SRL, in sinergia con i propri Partner, sfruttando le proprie competenze, il proprio know how, e le rispettive facilities presenti presso le proprie sedi operative, intende implementare nuovi processi di scansione 3D, digitalizzazione, riproduzione di opere d'arte e/o beni culturali di interesse nazionale ed internazionale, e generazione di realtà aumentata, per una molteplicità di scopi, e/o fabbisogni da soddisfare",non_ai
NON_AI,Realtà aumentata applicata ai processi di vendita e post vendita,non_ai
NON_AI,"La Realtà Aumentata (AR, intesa come l’arricchimento sensoriale e cognitivo della realtà, attraverso la so-vrapposizione coerente di informazioni digitali) è considerata una delle tecnologie con maggior impatto e potenziale nell’ambito dell’evoluzione 4.0 della vita produttiva, sociale, culturale.
Il mercato della Realtà Aumentata, è visto in forte crescita nei prossimi anni, fino a raggiungere oltre 100 miliardi di euro di valore aggregato, nel 2025. Nell’ambito di questa rapida evoluzione, che riguarda vari settori della vita produttiva e dell’esperienza umana, il comparto della cultura e del turismo è certamente uno di quelli che risulta maggiormente interessato e con un ampio potenziale ancora da esprimere. La visi-ta dei siti culturali, svolta con l’ausilio di soluzioni di digitali atte a migliorare l’esperienza dei turisti, è un settore con un forte potenziale di crescita che, a valle dei forti processi di accelerazione digitale e fruizione mista (phygital), determinati anche dalla recente pandemia, vede l’affermarsi progressivo di una dimensio-ne “estesa” dell’esperienza di visita di musei e siti culturali.
Alla luce delle evoluzioni di mercato e dei cambiamenti sociali guidati dalla pandemia, si ritiene che la Real-tà Aumentata debba compiere un salto evolutivo, da tecnol",non_ai
NON_AI,"BEN HUR LIVE GAME è il primo gioco interattivo fruibile in varie modalità, compreso direttamente sul sito culturale del Circo Massimo (la più grande struttura storica per spettacoli costruita dall’uomo), e dedicato alle competizioni sporti-ve: le corse delle quadrighe. Si tratta di un Videogame altamente innovativo e di valorizzazione interattiva concepito in Realtà Virtuale che riproduce le gare storiche al Circo Massimo. Pensato per far ‘gareggiare’ in una avvincente corsa tra quadrighe. Una ricostruzione storica 3D animata e interattiva come un prodotto di apprendimento culturale, edu-cativo, formativo, divertente e adatto a tutte le fasce di età, e anche una soluzione di attività da svolgere in compagnia e all’aperto, garantendo anche il distanziamento fisico che richiede la delicata fase pandemica nazionale. Grazie a una ricostruzione fedele verosimile in scala 1/1 e certificata da storici e archeologi ci si potrà immergere in un ambiente virtuale unico ed esclusivo.",non_ai
NON_AI,Realtà aumentata applicata ai processi di vendita e post vendita,non_ai
NON_AI,"1. Acquisizione documentazione, esecuzione rilievi urbani  e ricostruzione storica tridimensionale dei manufatti.
Obiettivo; creazione ambienti virtuali per la realizzazione delle applicazioni di navigazione interattiva e filmati.
Modalità di svolgimento; in sede e in esterni a cura di personale qualificato.
Tempi di realizzazione; 4 mesi
2. Acquisizione di materiale fotografico e video.
Obiettivo; realizzazione di video-documentari
Modalità di svolgimento; in sede e sui luoghi individuati, a cura di personale qualificato.
Tempi di realizzazione; 5 mesi
3. creazione delle applicazioni per la navigazione interattiva e la visualizzazione in realtà virtuale attraverso l`uso di appositi visori
Obiettivo; sviluppo delle risorse per la distribuzione del materiale su supporti informatici (PC, Tablet, Smartphone)
Modalità di svolgimento; in sede e in esterni a cura di personale qualificato.
Tempi di realizzazione; 4 mesi
4. distribuzione delle applicazioni e dei visori sia attraverso il web che coinvolgendo attori locali. Realizzazione dei visori in loco o acquisto da distributori.
Obiettivo; creare fenomeni di cross-over tra settori diversi.
Modalità di svolgimento; sul territorio a cura di personale vario.
Tempi di realizzazione; 5 mesi",ai
NON_AI,"Piano di investimenti in innovazione digitale per favorire la ripresa delle vendite dopo l'emergenza COVID-19, il supporto all'implementazione di misure di distanziamento sociale, la rigenerazione dell'offerta ed il miglior posizionamento nel mercato del nostro hotel.

In particolare gli interventi saranno focalizzati a trasformare il sito dell'hotel in uno strumento maggiormente di vendita e di interazione con i clienti italiani e internazionali, fondendo i processi web e quelli aziendali con l'adozione di una piattaforma e di un modus operandi integrato e focalizzato sul sistema CRM.

Inoltre, per meglio sviluppare la crescita del canale diretto, il mantenimento delle quote di mercato e lo sviluppo digitale gli interventi saranno mirati ad avere una chiara strategia in merito ai pagamenti elettronici più attuali e ai sistemi e tecniche migliori per promuovere l'hotel, compresa la generazione e l'uso di contenuti immersivi di realtà virtuale.",non_ai
NON_AI,"""Digitalizzazione: realizzazione nuovo sito web, interventi SEO e SEM, shooting fotografici, campagne di digital marketing (google ADS), campagne di web marketing italiano/inglese attraverso il sito e landing pages
Internazionalizzazione: partecipazione a borse e fiere, traduzioni; aumento della clientela straniera individuale e dei contratti con TO stranieri 
Promozione: soluzioni CRM software eAgency (in cloud) e software Mr PRENO (collegato con Google Analytics); realizzazione di nuove strategie di marketing attraverso la web app di realtà aumentata""",non_ai
NON_AI,"Sviluppo di piattaforme, applicazioni e prodotti wearable di Realtà Aumentata.",non_ai
NON_AI,Realtà aumentata applicata ai processi di vendita e post vendita,non_ai
NON_AI,"Aggiunta di modulo ""Realtà Aumentata e Gamification"" applicato ai Beni Culturali per crescita ricavi impresa.",non_ai
NON_AI,"Nel progetto proposto si vuole introdurre un visore a Realtà Aumentata provvisto di una interfaccia di interazione (UX) basata sulle tecnologie BCI (Brain Computer Interface).Si vuole realizzare un sistema di monitoraggio indossabile per l'ispezione nella manutenzione e nella qualità nell'ambito dell'Industria 4.0. Lo strumento comprende occhiali per realtà aumentata (AR) integrati con un'interfaccia cervello-computer (BCI) a canale singolo non invasiva, che sostituisce la classica interfaccia di input delle piattaforme AR, integrati con un’applicazione per la manutenzione a bordo dei visori. I potenziali evocati visivamente allo stato stazionario (SSVEP) vengono misurati mediante un'elettroencefalografia a canale singolo (EEG) e una semplice analisi della densità spettrale di potenza. Gli stimoli visivi per l'elicitazione SSVEP sono forniti da occhiali AR durante la visualizzazione delle informazioni di ispezione.",ai
NON_AI,"Il progetto si propone di creare, da un lato, mappe online volte precipuamente alla promozione turistica (di una data località o area) basate su servizi mappali pre-esistenti (ad es. Google Maps, Open Street, etc) anche grazie all’inserimento di applicazioni di realtà aumentata;dall’altro, intende realizzare mappe turistiche tattili tridimensionali mediante la manifattura additiva supportata da stampanti 3D, creando un collegamento con i servizi mappali online grazie ad una interfaccia audio, indirizzate alla platea di persone con disabilità visiva.",non_ai
NON_AI,Reverart brand di Revera srl che si occupa di realtà aumentata in particolare per i siti culturali,non_ai
NON_AI,Realtà aumentata applicata ai processi di vendita e post vendita,non_ai
NON_AI,"Tramite la mia attività professionale come Elisabetta Ferro Graphic Designer mi occupo di consulenza e realizzazione di immagine coordinata aziendale, progettazioni loghi e comunicazione in genere, nonché di grafica 3D, Design, pre-visualizzazione architettonica, creazione di video e sistemi multimediali di realtà virtuale. Mi occupo inoltre di sviluppo di linee grafiche di prodotto per ampliare al massimo l'immagine coordinata progettata.  
Mi occupo anche di progettazione, realizzazione, di prodotti, sistemi e servizi di supporto agli studi di progettazione architettonica e ingegneristica e opero come docente in corsi di formazione professionale.",non_ai
NON_AI,Realtà aumentata applicata ai processi di vendita e post vendita,non_ai
NON_AI,"Il progetto di SMART LEATHER riguarda l’implementazione di un’App Mobile che consentirà di ottimizzare e digitalizzare il processo di vendita ed e-commerce del marchio Tomassini Bags. L’applicazione unisce le tecnologie di modellazione 3D, realtà aumentata e metaverso. Verrà realizzato, infatti, un vero e proprio spazio virtuale: il metaverso di Tomassini Bags, nel quale un avatar accompagnerà il cliente nella conoscenza dell’azienda e nel processo di acquisto. L’app include poi un configuratore 3D per scegliere e personalizzare il prodotto da acquistare e la funzionalità della realtà aumentata per una visione realistica e ad alta definizione del prodotto finale che è stato configurato. Questi nuovi sistemi consentiranno all’impresa di ottimizzare la filiera distributiva e l’esperienza di vendita online, implementando la tecnologia abilitante 4.0 della Realtà aumentata. Parallelamente a questo, l’attività di consulenza di CNA Forlì-Cesena, in qualità di Digital Innovation Hub, consentirà all’impresa di essere accompagnata nella comprensione della propria maturità digitale e di ricevere un assessment mirato del proprio livello tecnologico.",ai
NON_AI,"A partire dal 2020 la Cooperativa Sociale Eureka, anche Startup Innovativa Sociale, con sede operativa ad Imperia, ha iniziato un percorso che prevede di utilizzare come mezzo per diffondere le competenze STEAM, la robotica ed il coding. Le attività STEAM (Sciences, Technology, Engineering, Arts, and Mathematics nell?acronimo originale inglese, scienza, tecnologia, ingegneria, arte e matematica in italiano) si sono svolte con svariati prodotti, adatti alle competenze e capacità dei bambini e ragazzi partecipanti. Durante i laboratori non si è meramente insegnato ai partecipanti la robotica: questa e il coding, come la realtà virtuale e la stampa 3d sono stati strumenti utili, dei mezzi per affrontare i più svariati argomenti e tematiche facendo innanzitutto divertire i partecipanti e risultando un autentico ausilio per chi, come BES/DSA e disabili, devono affrontare più difficoltà per intraprendere le attività. Abbiamo supportato anche alcuni bambini nel loro percorso di studi effettuando delle attività di supporto scolastico. Crediamo molto nel coinvolgimento delle bambine e ragazze in questi percorsi di digitalizzazione e coinvolgimento nelle materie STEM, siamo molto contenti della ?quota rosa?. Ci distingue l'utilizzo di personale pedagogico formato alle discipline informatic",non_ai
NON_AI,"L’infrarosso a onda corta (SWIR) è una regione dello spettro elettromagnetico di interesse per molte applicazioni. La luce SWIR riflessa da un oggetto trasporta informazioni sulla sua composizione, con applicazioni in ambito sanitario, automotive, controllo qualità, visione artificiale e riciclaggio dei rifiuti. Le Fotocamere SWIR permettono, inoltre, di acquisire immagini in condizioni di scarsa visibilità (scarsa illuminazione, nebbia, foschia ecc.).  Oggi l'imaging SWIR è una tecnologia poco sfruttata a causa dell’elevato costo dei sensori SWIR commerciali (>10k Euro) legato al costo dei materiali impiegati. EYE4NIR sta affrontando questa sfida sviluppando un sensore SWIR economico basato su materiali compatibili con processi di produzione standard. Sfruttando gli elevati volumi di produzione ed il rapporto costo-efficacia già sviluppati per i sensori di immagine al silicio presenti in ogni smartphone, i costi di produzione dei sensori SWIR saranno drasticamente ridotti.",non_ai
NON_AI,"Robot At Work basa il suo sviluppo presente e futuro nel Digital Engineering. Il futuro, infatti, in cui la soluzione ad un problema di produzione viene digitalizzato e condiviso con il cliente ancora prima di venire messo in realizzazione è oggi e si chiama Digital Twin. Grazie al più evoluto strumento del momento, il Virtual Commissioning, è possibile creare un gemello digitale dell’applicazione, detto appunto Digital Twin, che è una perfetta replica digitale della futura applicazione. L’elemento più innovativo di questa soluzione sta nella possibilità di far vivere il progetto di intelligenza propria e attraverso strumenti di realtà virtuale evidenziarne tutti i punti critici molto prima della realizzazione della commessa. Grazie a questi nuovi strumenti è possibile eseguire studi di engineering di interi nuovi reparti simulando anche il comportamento umano per uno studio di ergonomia e flusso materiali su media e larga scala. Il presente progetto permetterà a RAW di dotarsi delle risorse adeguate a porre le basi per la creazione di modelli “Digital Twin” di celle robotiche, reparti automatizzati, intere aziende che sviluppano tecnologie avanzate di produzione.",non_ai
NON_AI,"""Il progetto ha l’obiettivo di migliorare il posizionamento del sito web di HyperIndustry, una piattaforma di Realtà Aumentata per la Manifattura 4.0, incrementando la visibilità del prodotto e aumentando il numero di visitatori del sito web. L’incremento di visibilità e visitatori è atteso produca un maggior numero di lead e aumenti il tasso di conversione.""",non_ai
NON_AI,"Digitalizzazione: realizzazione di un sito della rete. Azioni di digital marketing, interventi SEO, SEM, web e social e marketing; realizzazione cataloghi aziendali, shooting fotografici, video a 360 gradi
Internazionalizzazione: programmazione di un temporary showroom a Dubai
Promozione: investimenti in tecnologie di realtà aumentata e realtà virtuale per il marketing esperienziale del territorio, delle imprese retiste e delle strutture ricettive, musei, teatri, ecc.; servizi per la partecipazione virtuale a show room",non_ai
NON_AI,"Digitalizzazione: realizzazione di un sito della rete. Azioni di digital marketing, interventi SEO, SEM, web e social e marketing; realizzazione cataloghi aziendali, shooting fotografici, video a 360 gradi
Internazionalizzazione: programmazione di un temporary showroom a Dubai
Promozione: investimenti in tecnologie di realtà aumentata e realtà virtuale per il marketing esperienziale del territorio, delle imprese retiste e delle strutture ricettive, musei, teatri, ecc.; servizi per la partecipazione virtuale a show room",non_ai
NON_AI,"Il presente progetto rappresenta il piano di investimenti indispensabile all’ulteriore sviluppo del progetto “ILMYO”, per realizzare la personalizzazione di un prodotto impiegando la realtà aumentata. L’azienda intende ottenere un sostegno per estendere il proprio mercato di riferimento, dotandosi delle risorse materiali ed immateriali necessarie allo sviluppo di un nuovo concept di prodotto/servizio in modo da potersi rafforzare e superare gli effetti prodotti dalla crisi innescata dal Covid-19. Per contrastare l’attuale situazione economica, coerentemente con le finalità della misura, l’azienda intende rafforzare la “Brand Awareness” del marchio, riposizionandosi sul mercato attraverso un prodotto con una forte capacità di innovazione, sviluppandosi in termini di competitività ed innovazione. L’obiettivo centrale del progetto è quello di realizzare internamente tutto il processo di stampa dell’oggetto dotando l’azienda di n. 1 stampante innovativa, l’acquisto di licenze software per la gestione del processo produttivo e di un cloud server dove verrà installato il programma di gestione della realtà aumentata completo di programma di automazione per gestire il processo, dall’ordine web alla produzione.",non_ai
NON_AI,"It seems sarà un gioco pensato e sviluppato interamente in Realtà Virtuale, disponibile esclusivamente su PC Windows",non_ai
NON_AI,"Il progetto si prefigge di innovare il processo di assistenza superando le attuali criticità e adottando soluzioni
tecnologiche a supporto che consentiranno di tracciare gli strumenti di pesa tramite QR Code, fornire
assistenza remota anche grazie a tecniche di realtà aumentata, generare flussi documentali integrati con le
piattaforme già in uso presso l’azienda",ai
NON_AI,"Digitalizzazione: sito web, interventi SEO e SEM, digital marketing (google ADS), campagne di web marketing italiano/inglese attraverso il sito e landing pages
Internazionalizzazione: partecipazione a borse e fiere, traduzioni; 
Promozione: soluzioni CRM software eAgency (in cloud) e software Mr PRENO (collegato con Google Analytics); realizzazione di nuove strategie di marketing attraverso la web app di realtà aumentata",non_ai
NON_AI,"Il progetto AUREA intende sviluppare uno strumento di diffusione e di completa fruizione delle caratteristiche peculiari di una città a vocazione turistica, attraverso la realizzazione di un applicativo utilizzabile in loco e a distanza; la priorità di sviluppo verrà data alla applicazione
utilizzabile sul posto, anche in funzione delle considerazioni riportate nel paragrafo dedicato al marketing.
Esso prevede una grafica estremamente semplice da interpretare con comandi ed icone evocative, in grado di seguire¿¿l'utente nei propri spostamenti in città e di coadiuvare la conoscenza dei luoghi con un sistema grafico non invasivo ma di grande supporto informativo.
intende introdurre novità significative e
decisive per il successo del progetto attraverso uno sviluppo tecnologico inedito nella ¿lettura¿¿ della realtà aumentata. Prevede inoltre uno spazio web per l'aggiornamento delle aree geografiche a disposizione e con tutte le informazioni necessarie per le modalità di scarico e di fruizione completa (www.aurea-italia.com, dominio disponibile, da attivare). Completa il progetto una linea editoriale adeguata (logo, claim, pay-off) e la scelta dei Caratteri identificativi (colori, font, grafica) per il lancio del prodotto e per la successiva commercializzazione.",non_ai
NON_AI,RASTA - Realtà Aumentata e Story-Telling Automatizzato per la valorizzazione di Beni Culturali ed Itinerari,non_ai
NON_AI,"Con la realizzazione dell¿investimento, la ETISUD vuole automatizzare le seguenti fasi del  processo produttivo: Commerciale e Magazzino, prestampa e produzione. 
Gli elementi caratterizzanti dell¿investimento, sia dal punto di vista dell¿impatto sul sistema produttivo che per valore economico, potranno assicurare la trasformazione tecnologica e digitale dell¿impresa mediante l¿utilizzo delle tecnologie abilitanti afferenti il piano Impresa 4.0 riportate nell¿allegato 1 al decreto ministeriale 30 ottobre 2019, nello specifico della tecnologia ¿Advanced manufacturing solutions¿ attraverso la quale si consente l¿evoluzione delle macchine verso una maggiore autonomia e flessibilità e della tecnologia ¿realtà aumentata¿ grazie alla quale modelli digitali potranno integrarsi con la visione della realtà così come la si conosce per agevolare e migliorare le modalità di produzione  con modalità che sarebbero altrimenti impossibili da realizzare.",non_ai
NON_AI,"Mangrovia Blockchain Solutions è una start up innovativa italiana, nata nel 2018. È specializzata nell'analisi e nello sviluppo di architetture e prodotti software e, nello specifico, utilizza la tecnologia blockchain, anche in combinazione con altre tecnologie all’avanguardia, quali il machine learning. La società offre, inoltre, servizi di consulenza per identificare opportunità di utilizzo di queste tecnologie. Nel 2019 è stata riconosciuta dal MISE come centro di trasferimento tecnologico per l’industria 4.0. È stata, inoltre, selezionata dalla società di ricerca Gartner, tra nove aziende a livello mondiale, come unica società italiana nella categoria “Blockchain Specialist Consultancy “. L’azienda, attraverso studi e analisi di mercato, cerca di individuare le mancanze e i fattori di insoddisfazione dei prodotti attualmente offerti, con l’obiettivo di sviluppare soluzioni tecnologicamente avanzate, performanti e accessibili a tutti.In linea con le finalità del Bando, e specialmente a seguito della crisi causata dal covid- 19, l’azienda intende definire al meglio il proprio modello di business e rafforzare la propria posizione sul mercato di riferimento. 
Come di seguito meglio definito, l’azienda si inserisce in un contesto estremamente frammentato, nel quale i prodotti offe",non_ai
NON_AI,Realtà aumentata applicata ai processi di vendita e post vendita,non_ai
NON_AI,"Il Progetto ha l’obiettivo di realizzare e sperimentare un sistema innovativo di fruizione di opere del Patrimonio Culturale basato sulle tecniche digitali della Realtà Aumentata (AR) e sulla tecnica avanzata dell’imaging multispettrale. E’ rivolto a un Museo ospitante opere pittoriche e a due Musei naturalistici, che costituiscono l’ambito di sperimentazione, in scenari differenti, del sistema proposto.",non_ai
NON_AI,RASTA - Realtà Aumentata e Story-Telling Automatizzato per la valorizzazione di Beni Culturali ed Itinerari,non_ai
NON_AI,"Promuovere sul piano tecnologico l’incontro tra domanda e l’offerta di un turismo esperienziale e a misura d’uomo (enogastronomico, culturale e sostenibile), da iniziare ad attivare in alcune aree significative della regione (Vesuvio, Cilento, zone SIC/ZPS e centro storico di Napoli), puntando sulla profilazione del cliente ed il coinvolgimento delle strutture partner capaci di assicurare soluzioni caratterizzate dai parametri della qualità, dell’originalità, dell’immersività, della trasparenza e della sicurezza, attraverso una piattaforma denominata ""TEC  - TOURINTEL EXPERIENCE CAMPANIA"" consistente in un SISTEMA INNOVATIVO DI PROMOZIONE E VENDITA DEL TURISMO INTELLIGENTE ED ESPERIENZIALE IN CAMPANIA, a cui connettere workstation, visori ed altri dispositivi in grado di applicare ed integrare esperienze di realtà virtuale, immersiva ed aumentata.",non_ai
NON_AI,"Digitalizzazione: sito web, interventi SEO e SEM, digital marketing (google ADS), campagne di web marketing italiano/inglese attraverso il sito e landing pages
Internazionalizzazione: partecipazione a borse e fiere, traduzioni; 
Promozione: soluzioni CRM software eAgency (in cloud) e software Mr PRENO (collegato con Google Analytics); realizzazione di nuove strategie di marketing attraverso la web app di realtà aumentata",non_ai
NON_AI,"Undroid si concentrerà su sistemi ROV commerciali di piccole dimensioni utilizzabili anche da piccole imbarcazioni. I due sviluppi saranno la realizzazione di un braccio robotico elettrico compatto, con elevata destrezza nei movimenti e facilmente installabile su un piccolo ROV e una consolle indossabile, ergonomica, con visore per realtà aumentata dotata di un avanzato sw di comando e controllo in grado di supportare l?operatore in operazioni di fine manipolazione robotica sui fondali marini.",non_ai
NON_AI,"Digitalizzazione: sito web, interventi SEO e SEM, digital marketing (google ADS), campagne di web marketing italiano/inglese attraverso il sito e landing pages
Internazionalizzazione: partecipazione a borse e fiere, traduzioni; 
Promozione: soluzioni CRM software eAgency (in cloud) e software Mr PRENO (collegato con Google Analytics); realizzazione di nuove strategie di marketing attraverso la web app di realtà aumentata",non_ai
NON_AI,La finalità del progetto “Cagliari VR: il museo virtuale” è quella di creare un’esperienza turistica in Realtà Virtuale.  L’intervento prevede lo sviluppo di un videogioco che farà rivivere una locazione di Cagliari in versione giocabile su display tradizionali.,non_ai
NON_AI,RASTA - Realtà Aumentata e Story-Telling Automatizzato per la valorizzazione di Beni Culturali ed Itinerari,non_ai
NON_AI,"L¿idea progettuale vuole tracciare un nuovo modo di promuovere e fa conoscere il territorio
Piceno. Cultura, Agroalimentare, Turismo, ma non solo, anche Artigianato Artistico, Tradizioni
Popolari, Costumi e Musei, sono parte integrante di esso e fondamenta di tutta la Regione
Marche. La proposta intende mettere assieme l¿innato desiderio dell¿uomo di giocare,
conoscere e raccontare le sue esperienze.
Si intende realizzare un gioco digitale itinerante dove attraverso enigmi, indovinelli, rebus e
cruciverba da risolvere, i giocatori/utenti possano liberamente scoprire con entusiasmo luoghi
meravigliosi e poco conosciuti, oltre a ricevere sconti e premi con prodotti e servizi del territorio
Piceno. Attraverso il proprio smartphone, con i tag e i QR code appositamente disseminati su
tutto territorio Piceno, anche grazie alla realtà aumentata, possano conoscere storie ed
aneddoti interessanti su piazze, musei e chiese, vivere emozioni forti e sorridere su particolari
intriganti e misteriosi . Tutto all¿insegna del divertimento, dell¿avventura, dell¿esperienza da
vivere e da raccontare a sua volta, generando così un fenomeno virale.
In sintesi una sorta di ¿caccia al tesoro¿¿2.0.",non_ai
NON_AI,"Digitalizzazione: sito web, interventi SEO e SEM, digital marketing (google ADS), campagne di web marketing italiano/inglese attraverso il sito e landing pages
Internazionalizzazione: partecipazione a borse e fiere, traduzioni; 
Promozione: soluzioni CRM software eAgency (in cloud) e software Mr PRENO (collegato con Google Analytics); realizzazione di nuove strategie di marketing attraverso la web app di realtà aumentata",non_ai
NON_AI,"Digitalizzazione: sito web, interventi SEO e SEM, digital marketing (google ADS), campagne di web marketing italiano/inglese attraverso il sito e landing pages
Internazionalizzazione: partecipazione a borse e fiere, traduzioni; 
Promozione: soluzioni CRM software eAgency (in cloud) e software Mr PRENO (collegato con Google Analytics); realizzazione di nuove strategie di marketing attraverso la web app di realtà aumentata",non_ai
NON_AI,"SAGRANTINO CULTURAL
IMMERSIVE EXPERIENCE INTENDE DARE VITA A
ITINERARI TURISTICI CULTURALI
PERSONALIZZATI E ARRICCHITI DA ESPERIENZE
IN REALTÀ VIRTUALE (VR) E AUMENTATA (AR) -
COMPLESSO MUSEALE DI SAN FRANCESCO -
MONTEFALCO (PG)",non_ai
NON_AI,"Risk Control vuole espandere le sue attività di sviluppo SW ed HW rendendo produttive le competenze del suo personale in ambito giochi e realtà virtuale ed aumentata.
Il contesto è particolarmente indicato perché la posizione centrale dello stabile e la caratterizzazione degli spazi è perfetto per accogliere tali eventi facendoci riservare sale adibite allo scopo.Questa rappresenta una grande occasione per sposare la forte espansione di business del mondo del gaming (es. e-Sports).
Gli eventi a tema e i simulatori di guida in ambito MotorSport saranno i temi centrali che nel territorio emiliano siamo sicuri avere terreno fertile considerando tutti i grandi marchi automobilistici vicini e le possibili interazioni che stiamo con loro costruendo.
L'azienda ha già numerosi contatti con organizzatori di eventi di gaming in generale e potrebbe avere una forte attrattiva una volta adibiti gli spazi al bisogno. 
A fronte dell' acquisto della strumentazione necessaria ad espandendo tali servizi, con una forte spinta di marketing e social marketing potremo sicuramente rappresentare un'attrattiva importante per rivitalizzare il territorio e per far crescere la visibilità del centro del paese.",non_ai
NON_AI,RASTA - Realtà Aumentata e Story-Telling Automatizzato per la valorizzazione di Beni Culturali ed Itinerari,non_ai
NON_AI,RASTA - Realtà Aumentata e Story-Telling Automatizzato per la valorizzazione di Beni Culturali ed Itinerari,non_ai
NON_AI,"La società intende realizzare uno spazio di realtà virtuale, il progetto consiste nella creazione di una stanza virtuale dove si può accedere tramite monitor ed il visore “Oculus Quest” al progetto virtuale della cucina e di altri ambienti, permettendo di entrare nel progetto, aprire e chiudere i frontali per apprezzarne i meccanismi e scoprire le attrezzature interne dei vari elementi. Virtuo è lo strumento perfetto per presentare un progetto realizzato con Metron in modo del tutto innovativo, attraverso le più avanzate tecnologie di dispositivi in modo da fornire all’arredatore un’ampia gamma di soluzioni per coinvolgere il cliente e guidarlo in ogni fase, dalla progettazione all’acquisto. Virtuo consente al cliente, indossando un visore, di immergersi nella sua futura casa e di immaginare con estrema facilità l’arredamento dei suoi sogni. Gli altri elementi oggetto del progetto permettono la realizzazione operativa  di un obbiettivo finale che è la vendita di un prodotto realizzato insieme con il cliente, per essere poi consegnato e montato a casa.",ai
NON_AI,"Trya è la Società che ha ideato la nuova piattaforma “Snapfeet” che sfrutta algoritmi di acquisizione di immagini avanzate per creare ricostruzioni 3D del piede umano incredibilmente accurate mediante l’utilizzo di un semplice smartphone.
Questo significa maggiori profitti per i venditori di scarpe online, che operano in un mercato sempre più difficile a causa dell’aumento da parte dei clienti di comportamenti come lo showrooming e gli acquisti multipli dello stesso articolo che spesso è destinato ad essere restituito.
Con “Snapfeet” è possibile introdurre la migliore tecnologia di scansione mobile per migliorare l’esperienza d’acquisto dei clienti ed ottenere la misura perfetta dei piedi del cliente.
Durante lo sviluppo sono emerse varie criticità: sebbene la forma 3D fosse molto fedele, i test hanno eviden-ziato che la scala non sempre è sufficientemente accurata. Siccome errori di scala creano errori nel consiglio taglia e quindi inficiano le performance del servizio, nel 2020 TRYA ha svolto un lavoro di ricerca di soluzioni innovative per aumentare l’accuratezza del sistema.
TRYA ha quindi deciso di sviluppare una soluzione propria e ha avviato due nuovi rami del progetto:
1. Realizzazione del software di realtà aumentata;
2. Realizzazione di modelli 3D di scarpe (previa scan",ai
NON_AI,Realtà aumentata applicata ai processi di vendita e post vendita,non_ai
NON_AI,"Digitalizzazione: realizzazione di un sito della rete. Azioni di digital marketing, interventi SEO, SEM, web e social e marketing; realizzazione cataloghi aziendali, shooting fotografici, video a 360 gradi
Internazionalizzazione: programmazione di un temporary showroom a Dubai
Promozione: investimenti in tecnologie di realtà aumentata e realtà virtuale per il marketing esperienziale del territorio, delle imprese retiste e delle strutture ricettive, musei, teatri, ecc.; servizi per la partecipazione virtuale a show room",non_ai
NON_AI,"E' un racconto interattivo in Realtà Virtuale basato sull’immortale tragedia di Sofocle. Il testo originale viene sottoposto ad un processo di riscrittura: la storia viene narrata a partire dalla fine ed il giocatore è invitato a scoprirne i dettagli ripercorrendo in ordine cronologico inverso l’intera vicenda. Il gioco utilizza una serie di riprese e di ambientazioni precedentemente realizzate nel corso della produzione dell’esperienza teatrale “Edipo Re VR” e le rielabora in un puzzle game investigativo. Al giocatore è richiesto di interagire con l’ambiente e gli oggetti presenti, in modo da rivelare le scene chiave e impadronirsi degli indizi che disegnano il quadro completo dell’accaduto.",non_ai
NON_AI,RASTA - Realtà Aumentata e Story-Telling Automatizzato per la valorizzazione di Beni Culturali ed Itinerari,non_ai
NON_AI,"Undroid si concentrerà su sistemi ROV commerciali di piccole dimensioni utilizzabili anche da piccole imbarcazioni. I due sviluppi saranno la realizzazione di un braccio robotico elettrico compatto, con elevata destrezza nei movimenti e facilmente installabile su un piccolo ROV e una consolle indossabile, ergonomica, con visore per realtà aumentata dotata di un avanzato sw di comando e controllo in grado di supportare l?operatore in operazioni di fine manipolazione robotica sui fondali marini.",non_ai
NON_AI,"Wonder Salerno punta a valorizzare la città di Salerno e la sua provincia quale culla di tesori artistico-culturali non sempre noti al grande pubblico ma potenzialmente in grado di attrarre e coinvolgere un significativo numero di turisti e studiosi. Per farlo WonderLab propone la realizzazione di una app di realtà aumentata, attraverso la quale l’utente (turista o residente) possa vedere ed immergersi nelle ricostruzioni in 3D di luoghi ed edifici secondo diversi possibili itinerari di interesse storico-culturale e fruire di vere e proprie rappresentazioni virtuali, assimilabili a spettacoli teatrali, in grado di riproporre una vera e propria “stagione di eventi” estesa a tutta l’area cittadina.  Il modello comunicativo e tecnologico proposto ha, inoltre, l’ambizione di favorire un turismo veramente “aperto” a tutti, con la possibilità, per la città di Salerno, di emergere come modello di inclusione e attenzione per le persone con disabilità.",ai
NON_AI,RASTA - Realtà Aumentata e Story-Telling Automatizzato per la valorizzazione di Beni Culturali ed Itinerari,non_ai
NON_AI,RASTA - Realtà Aumentata e Story-Telling Automatizzato per la valorizzazione di Beni Culturali ed Itinerari,non_ai
NON_AI,Realtà aumentata applicata ai processi di vendita e post vendita,non_ai
NON_AI,La finalità del progetto è quella di permettere la sperimentazione di prototipi di produzioni di spettacoli fruibili attraverso strumenti tecnologici di realtà aumentata. L’intervento prevede la progettazione e lo sviluppo di: una regia ibrida di contenuti multimediali audio-video; format artistici con l’uso di tecnologie digitali e realtà aumentata; strumenti di comunicazione con l’uso di realtà aumentata.,non_ai
NON_AI,"Il progetto è finalizzato alla realizzazione di una piattaforma hardware e software integrata per la gestione di un sistema di telemedicina supportato dall¿implementazione di biotecnologie basate sull¿utilizzo di dispositivi portatili di spettrometria e lettori biometrici oltre che da un sistema di intelligenza artificiale.
L¿obiettivo è quello di realizzare una piattaforma software multi-diagnostica che abbia come focus la gestione amministrativa, diagnostica e logistica delle attività legate a centri di diabetologia per i pazienti emodializzati seguiti negli ambulatori di emodialisi pubblici e privati. In tale prospettiva il software in questione sarà sviluppato, concependo la cartella clinica in modalità multi-diagnosi, dove la multi diagnosi riguarderà le attività di anamnesi, diagnosi e follow-up in ambito Diabetologico, Cardiologico, Nefrologico.",ai
NON_AI,Realtà aumentata applicata ai processi di vendita e post vendita,non_ai
NON_AI,Vetrolux nasce nel 1992 a Ravenna per la gestione di un laboratorio di vetreria. L’azienda è certificata ISO 9001:2008 con acquisizione marcatura CE in ottemperanza al regolamento UE N° 305/2011 sui prodotti da costruzione. Il progetto prevede un’innovazione digitale basata sull’implementazione di una piattaforma per la realtà aumentata e virtuale che porterà ad uno sviluppo commerciale sia nel mercato interno che in quello estero grazie alla realizzazione di uno show room completamente digitale e immersivo,non_ai
NON_AI,RASTA - Realtà Aumentata e Story-Telling Automatizzato per la valorizzazione di Beni Culturali ed Itinerari,non_ai
NON_AI,"AR TOUR ha come mission l'utilizzo della tecnologia per migliorare la fruizione dei beni culturali. La componente Hardware degli AR GLASSES viene fornita ad AR TOUR da produttori terzi (Epson è uno di questi). AR TOUR personalizza gli occhiali installando il proprio software innovativo ed i contenuti 3D per la realtà aumentata. Gli AR GLASSES sono dotati di lenti trasparenti ed equipaggiati con il software innovativo di AR TOUR che consente di proiettare degli ologrammi per ricostruire in tempo reale le rovine dei siti archeologici o mostrare elementi architetturali che si sono modificati nel tempo o mostrare oggetti che non sono più visibili nel contesto originario. Il sito principale, già attivo, sono gli SCAVI DI POMPEI.",ai
NON_AI,"La presente proposta progettuale è focalizzata sul settore dell’arredamento e del design, e, in particolare, sul segmento di mercato dei retailer che commercializzano i loro prodotti tramite il canale e-commerce. Tali operatori hanno l’esigenza, al momento solo parzialmente e limitatamente soddisfatta dai sistemi attualmen-te disponibili in commercio, di agevolare i propri clienti nella scelta dei prodotti realizzata senza poterne fare esperienza fisica, minimizzando al contempo la problematica dei resi.
Questo segmento target di utilizzatori della tecnologia proposta è stato accuratamente selezionato, analizza-to e profilato ed è emerso che presenta significative potenzialità di digital transformation se gli viene offerto uno strumento in grado di rendere per i propri clienti più “coinvolgente” l’esperienza della “prova”, del fitting e dunque dell’acquisto degli articoli di arredamento. 
Per questo motivo Octo_Net ha ideato Octo_Max: un software in grado di offrire alle aziende che vogliono giovarsi di un sistema di Realtà Aumentata (AR) e Virtuale (VR), di un servizio semplice, rapido ed economi-co che gli consente di approvvigionarsi di tali strumenti/servizi.
Octo_Max è un software web-based di intuito e immediato utilizzo per qualunque operatore del settore arre-do, disegnat",ai
NON_AI,Realtà aumentata applicata ai processi di vendita e post vendita,non_ai
NON_AI,"Undroid si concentrerà su sistemi ROV commerciali di piccole dimensioni utilizzabili anche da piccole imbarcazioni. I due sviluppi saranno la realizzazione di un braccio robotico elettrico compatto, con elevata destrezza nei movimenti e facilmente installabile su un piccolo ROV e una consolle indossabile, ergonomica, con visore per realtà aumentata dotata di un avanzato sw di comando e controllo in grado di supportare l?operatore in operazioni di fine manipolazione robotica sui fondali marini.",non_ai
NON_AI,"Digitalizzazione: realizzazione di un sito della rete. Azioni di digital marketing, interventi SEO, SEM, web e social e marketing; realizzazione cataloghi aziendali, shooting fotografici, video a 360 gradi
Internazionalizzazione: programmazione di un temporary showroom a Dubai
Promozione: investimenti in tecnologie di realtà aumentata e realtà virtuale per il marketing esperienziale del territorio, delle imprese retiste e delle strutture ricettive, musei, teatri, ecc.; servizi per la partecipazione virtuale a show room",non_ai
NON_AI,Realtà virtuale,non_ai
NON_AI,"""Per raggiungere tali obbiettivi la Tourismotion vuole attuare un progetto che migliori l'engagement online dei suoi clienti ed enfatizzi la loro esperienza di turisti attraverso le moderne tecnologie di realtà aumentata.""",non_ai
NON_AI,"L'azienda vuole dotarsi di un sistema di brasatura operante in atmosfera inerte e ppm in purezza, interconnesso con un sistema di realtà aumentata. L’interconnessione e la digitalizzazione dei processi consentiranno all’azienda di raggiungere da una parte una maggiore customizzazione e dall’altra l’ingresso in nuovi mercati.",non_ai
NON_AI,"Il progetto intende realizzare un nuovo strumento che favorirà la fruizione e la partecipazione da parte di cittadini e turisti del patrimonio storico, artistico e culturale e metterlo a disposizione di enti come musei siti archeologici parchi e attrattori turistici in generale, utilizzando la tecnologia della realtà virtuale e dei video immersivi a 360° e rappresentazioni sceniche di attori. Attualmente, ad eccezione di alcune rare esperienze, la fruizione del patrimonio artistico e museale italiano è limitata ad una semplice esposizione di opere, una esperienza statica. Il progetto intende così creare un nuovo metodo di approccio all’arte e alla cultura in cui gli spazi di musei e siti storici perdono i loro confini fisici e fare immergere il visitatore, grazie alla VR, in uno spazio digitale con contenuti suggestivi che trasporteranno il visitatore in un viaggio nel tempo in modo da trasmettergli una precisa immagine del contesto storico in cui l’opera è sorta o il sito si è generato. L’innovazione risiede nella capacità di sintetizzare in un unico strumento digitale diversi settori: dal teatro al contenuto storico-culturale abbinandolo alla tecnologia della realtà virtuale e dei video a 360°. Il mercato della cultura in Campania come meglio si vedrà nel paragrafo “C.4” mostra",ai
NON_AI,Realtà aumentata applicata ai processi di vendita e post vendita,non_ai
NON_AI,"Il progetto di INOVING Studio Associato di Ingegneria, ha l’obiettivo di:
-	innovare processi tecnici e output progettuali, attraverso investimenti in tecnologia (hardware e software) in grado di rafforzare aggregazione, efficientare gestione di commesse e interventi di riqualificazione energetica 
-	consolidare posizionamento competitivo dello Studio attraverso la realizzazione di un nuovo sito web che consentirà di veicolare il valore aggiunto del servizio ingegneristico proposto.

In coerenza con gli obiettivi del Bando, il progetto intercetta driver di sviluppo promossi a livello programmatico agendo per:
-	l’adozione di strumenti digitali integrati (Suite AEC Collection e drone per rilievi 3D) per la progettazione, modellazione, coordinamento di commesse complesse (S3 - Digitalizzazione, intelligenza artificiale, big data - imprese e PA) 
-	la transizione ecologica, promuovendo adozione di strumenti per la progettazione di interventi costruttivi in chiave green (software Edilclima e Mold Simulator), accogliendo approcci sostenibili promossi dal Patto per il lavoro e per il clima.

Il progetto prevede attività di consulenza volte a garantire l’integrazione digitale della nuova dotazione tecnologica, per assicurare rinnovamento dell’attività professionale.",non_ai
NON_AI,"Igor e Graziano sono due che nella vita non si dovrebbero incontrare. Uno è colto e introverso, mentre l'altro è scaltro, esuberante e poco incline alla riflessione. Figli della finanza sportiva e della crisi occupazionale, i due viaggiano a bordo di un vecchio furgone, provando a sbarcare il lunario e pretendendo un posto nella società che li ha rottamati. Forse però il mondo che cercano esiste solo tra le finte abitazioni all'interno di un grande magazzino di arredi, dove Igor e Graziano si perdono tra speranze e illusioni, musica e realtà aumentata.",non_ai
NON_AI,"Massimo Di Menna è un ingegnere, con due MBA, due anni di PhD e un Master giuridico.
E’ attualmente professore a contratto  presso l’Università di Bologna, consulente tecnico civile e penale del Tribunale.

Con la partecipazione al presente Bando, l’ingegnere si vuole dotare di tecnologie altamente innovative per poter offrire un servizio sempre più preciso in grado di rispondere a tutte le esigenze della clientela e posizionare meglio l’attività.
Nello specifico, il progetto prevede l'implementazione di un pacchetto software costituito da:
.. software relativo all’analisi predittiva del comportamento che consiste nell'applicazione di tecniche statistiche e matematiche ai dati per individuare modelli o tendenze.
.. software di ricostruzione forense al fine di poter ottenere rappresentazioni accurate dei dettagli fisici dell’evento al fine di ottenere risposte scientificamente corrette
.. a supporto del software un sistema esperto fondato sull’IA in grado di mettere in atto autonomamente procedure di inferenza adeguate alla risoluzione di problemi particolarmente complessi.
..  Si rivela infine necessaria l'implementazione di un sistema SSD capace di supportare l’imprenditore nella scelta di strategie di business e di ritorno dell’investimento.",ai
NON_AI,"La produzione del software prevede numerose fasi dipendenti tra loro; i progetti realizzati per diverse realtà hanno portato a una moltiplicazione degli strumenti per il controllo delle fasi, con ridondanze e dispersione di know-how.

Scopo della società è realizzare una filiera produttiva che permetta, mediante gli strumenti proposti dal cloud Amazon AWS, di
gestire per intero la produzione di software.

Per la condivisione della pianificazione e il monitoraggio degli avanzamenti è stato individuato lo strumento underControl di Xeel srl, mentre per la compliance verso il GDPR è stato scelto SIEM di Intrusa s.r.l.

La filiera di progettazione e sviluppo del software, prevede strumenti AWS integrati con il repository GitHub, che soddisfino
 - servizio di verifica di qualità dei sorgenti (es. Sonarqube)
 - sistemi di deploy automatico nei vari ambienti (sviluppo, test, collaudo, produzione)
 - sistemi di monitoraggio applicativo della produzione
 
L'inserimento nell'ecosistema Amazon AWS consente anche di poter accedere a servizi ad alto valore aggiunto per arricchire le applicazioni esistenti. A tutte le applicazioni che raccolgono dati possono essere aggiunti servizi di machine learning per definire analisi predittive per la manutenzione o altre funzionalità.",ai
NON_AI,“Renaissance 4.0” è una installazione immersiva appartenente alla categoria delle applicazioni di “Realtà Virtuale Leggera” un’attrazione ecosostenibile.,non_ai
NON_AI,"Julio Vazquez, classe 1979 originario di Monterrey, è un libero professionista Videomaker e creativo. Arriva in Italia nel 2005, nella città di Ferrara, cercando di imparare l’italiano e aggiungere così una terza lingua al suo curriculum. Ben presto però riscontra che le lingue da dover imparare, italiano e dialetto ferrarese. Nasce così l’idea di creare video su YouTube per insegnare e facilitare la comprensione di questo dialetto settentrionale. Nella sua attività come Content creator si ritrova senza dubbio un approccio diverso, creativo e con un tocco personale nella creazione di format, si può quindi concludere che il suo pensiero “OUT OF THE BOX” gli permetta di sperimentare nuove forme di comunicazione. L’esperienza come videomaker nel corso degli anni ha permesso a Julio di coinvolgere sempre più clienti all’interno del suo business, creando così un personal brand fresco, nuovi ed originale. Tramite il progetto che presenta all’interno del bando – introduzione dell'app Real-time Product Demos – Julio conta di migliorare la performance aziendale, coinvolgendo sempre più un maggior numero di clienti all’interno della sua attività. Infatti, uno degli scopi che Julio - non iscritto ad alcun albo - si è sempre posto è quello di portare in più contesti la realtà aumentata.",non_ai
NON_AI,"Res Tech S.r.l. è una start-up innovativa che sviluppa consolle di simulazione guida sia per il gaming che per i professionisti del settore.
La società intende implementare il proprio livello di digitalizzazione grazie all’acquisto di una stampante 3D di ultima generazione che permette una stampa di grandi dimensioni, integrata ad un software CAD che, oltre alla progettazione, consente anche il calcolo strutturale.
La società intende anche potenziare il proprio sito di e-commerce integrandolo con software di visualizzazione tridimensionale, con realtà aumentata e con configuratore per la produzione.
Da ultimo, verrà acquistato un software CRM per integrare le funzioni interne con le aziende partner ed i clienti.",non_ai
NON_AI,"""L'obiettivo principale del progetto SMART MANUAL consiste nella creazione di una piattaforma innovativa e intelligente per la consultazione on-line e interattiva di procedure operative e check-list per la conduzione e la manutenzione di macchine e impianti industriali. 


La piattaforma abbina ad un’organizzazione strutturata delle procedure, dotata di regole per il riconoscimento automatico on-line dell’esecuzione dei diversi passi secondo la sequenza richiesta in termini di consensi e tempistica, tramite segnali acquisiti dal campo, una serie di """"smart agent"""" che attivano sessioni immersive di realtà aumentata (AR). Il loro scopo è quello di illustrare in modo approfondito agli operatori sul campo i vari passaggi procedurali presenti nelle procedure, facendo uso di una rappresentazione tridimensionale del contesto di riferimento.


In parallelo a questa funzionalità di realtà aumentata, il progetto si propone anche di sviluppare un applicativo """"smart check"""" che controlli on-line in tempo reale che ogni passo previsto all'interno di una procedura sia stato eseguito correttamente, rispettando tutti i vincoli ambientali.",ai
NON_AI,"Una visione a medio termine della professione nel settore della progettazione architettonica, dell’ingegneria e per la costruzione (AEC) richiede di prevedere un futuro prossimo in cui mondo reale e metaverso siano complementari. 
Per un professionista la transizione verso nuove forme di organizzazione e collaborazione risulta pertanto essenziale per poter operare nel mercato e contribuire alla costruzione di un’Europa più competitiva e intelligente, più verde e più connessa.
In passato CAD e 3D hanno consentito di ottenere maggiore controllo, consapevolezza del risultato atteso dal progetto e di facilitare l’interazione con clienti e imprese. Ora la metodologia BIM consente la gestione informativa di tutti i componenti della costruzione anche per configurare strumenti di realtà aumentata/mista.
Il progetto risponde a questa esigenza di innovare i processi di lavoro del proponente, affrontare commesse con elevati gradi di complessità, ampliare la quantità e qualità dei servizi offerti e creare una struttura spaziale condivisa per l’aggregazione di professionisti in modo da consolidare i legami con il polo di eccellenza presente sul nostro territorio nel settore delle costruzioni e in particolare con le imprese specializzate in realizzazioni di involucri architettonici.",non_ai
NON_AI,"Il progetto presentato riguarda la creazione di un centro fisioterapico specializzato nel trattamento delle patologie muscoloscheletriche dell’arto superiore, in particolare polso e mano e del linfedema e lipedema. 
Dato l’aumento dell’aspettativa di vita e la richiesta sempre maggiore di benessere fisico, la domanda di trattamenti fisioterapici è in crescita. L’investimento previsto riguarda:
- l’acquisto di macchinari tecnologicamente innovativi per migliorare l’acquisizione di dati clinici su larga scala a durante la fase di valutazione (scanner 3d) e di trattamento (ecografo, stampante 3d, visori per realtà aumentata, blood flow restriction etc..) per ottenere protocolli di trattamento basati sulle prove scientifiche di efficacia
- la fornitura ai pazienti di kit altamente specialistici (tavola canadese per messa in postura, tablet con apposite applicazioni per gli esercizi della mano, elettrostimolatore)
- la creazione di un luogo dedicato al trattamento a 360 gradi della persona favorendone l’aggregazione con persone con patologie simili per trattamenti individuali e di gruppo. Luogo idoneo anche ad ospitare corsi di aggiornamento per i professionisti sanitari e per serate di aggiornamento dei cittadini.",non_ai
NON_AI,"Il territorio Emiliano offre un patrimonio artistico e culturale tra i più ricchi del Bel Paese, che ad oggi risulta ancora poco valorizzato. Questo poiché la scarsa digitalizzazione delle strutture ricettive e delle attrazioni turistiche più autentiche rende complicato per i turisti, entrare in contatto con le meraviglie del territorio. Inoltre, le tendenze turistiche più recenti sottolineano quanto i visitatori cerchino esperienze uniche e che rispettino l’ambiente e il territorio locale . Per questi motivi nasce REscover, start-up innovativa che attraverso il proprio brand EmiliaLand mira ad incentivare il turismo nella zona dell’Emilia sviluppando progetti ad alto contenuto tecnologico, oltre ad offrire un’ampia gamma di esperienze turistiche uniche. Attraverso il presente bando, EmiliaLand mira a sviluppare il progetto You Are Verdi, un tour immersivo a 360 gradi tra reale e realtà virtuale che consente di vivere in prima persona la storia di Giuseppe Verdi, camminando fisicamente nei luoghi parmensi che hanno segnato la sua storia. Inoltre, verrà ampliata la piattaforma a disposizione degli esercizi turistici partner per valorizzare le proprie attività e verrà sviluppata un’app mobile per aiutare i turisti ad orientarsi nella ricerca delle attività più autentiche.",ai
NON_AI,"Il focus principale di Executy è di innovare profondamente sia le modalità che i contenuti dei corsi di formazione manageriale e professionale. 
Il progetto prevede due stream di intervento principale: 
1) la realizzazione di una piattaforma basata sui concetti di di “social learning"" che prevede la partecipazione attiva della community di alumni e trainer di Executy. 
2) la sperimentazione di modelli ibridi di formazione per affiancare all'esperienza d'aula quella immersiva grazie alla realtà aumentata e virtuale, affiancando alunni in presenza con quelli in remoto",non_ai
NON_AI,"dal 1999 con oltre vent’anni di esperienza sul mercato Serint Group fornisce servizi alle aziende in ambito di Consulenza Organizzativa e Certificativa, Sicurezza e Medicina del Lavoro, Privacy e Protezione dei Dati, Formazione, Conformità agli Obblighi di Legge, Gestione dell’Energia.
Il progetto ha l'obiettivo, grazie alla collaborazione con software house leader del settore, di digitalizzare i processi produttivi per raggiungere una migliore efficienza e una fruibilità ottimale dei servizi erogati. Connessione in tempo reale tra tutte le sedi, trasformazione da analogico a digitale della procedura di alcuni esami in medicina del lavoro, digitalizzazione di quanto ora è ancora cartaceo, implementazione di realtà virtuale per le attività svolte. Un progetto che posizionerà Serint Group correttamente al passo con il mercato competitivo di settore.",non_ai
NON_AI,"Il Progetto di Schiavina Group persegue l’obiettivo di ottimizzare tutte le funzioni aziendali direttamente e indirettamente collegate al processo produttivo e alla vendita dei servizi connessi ai prodotti realizzati, attraverso la realizzazione degli Investimenti successivamente descritti e che le consentiranno di dotarsi di Sistemi che verranno integrati e messi in comunicazione tra loro. L’azienda partecipante, operante nel Settore Industrie Culturali e Creative in quanto produttrice di architetture in legno personalizzate sino ad oggi utilizzate per l’allestimento di spazi Fieristici, Museali e Aziendali, attraverso la realizzazione del progetto intende raggiungere un livello di integrazione tecnologica e digitale dell’intero processo produttivo per consentire una regolazione integrata automatica dei processi ed eliminare ogni inefficienza. Il Piano Investimenti proposto considera l’implementazione di Sistemi di Cloud Computing, Realtà virtuale aumentata, Software e Hardware per l’integrazione, l’interoperabilità e la gestione dei dati; l’attuazione dello stesso consentirà al soggetto partecipante di aumentare la propria competitività evolvendosi da azienda caratterizzata da un livello di digitalizzazione di base ad azienda qualificata come digitalmente avanzata.",non_ai
NON_AI,"Il progetto di innovazione digitale di Neri spa ha il suo fulcro nella stampante 3D (permette di internalizzare il processo di lavoro fino ad oggi affidato a terzi) e nella realtà aumentata, permettendo di raggiungere un maggior numero di clienti in minor tempo e minor costi. La prototipazione 3D interna di componenti rigidi e morbidi impatta sui processi di lavoro rendendo più efficiente e tempestiva la produzione, operando tramite una piattaforma cloud che gestisce in toto le informazioni ed i comandi alla macchina e rende più semplice e intuitiva la realizzazione e l’accesso ai 3D. Si avrà anche il potenziamento del cloud computing con software operativi aggiornati e ampliati, allo scopo di renderli funzionali alle nuove operations dei tecnici e dei commerciali. Saranno introdotte soluzioni software come parte di apertura ed accesso sicuro ai dati tecnici al fine di condividerli ad esempio con fornitori o con la funzione marketing. Le tecnologie potenziate sono riferite ai software in cloud, mentre del tutto innovativa per Neri è l’utilizzo del 3D per la prototipazione rapida e la realtà aumentata per rendere efficace la relazione con i clienti. L’intero progetto consente un abbattimento dei costi di inefficienza organizzativa, dei consumi energetici e di trasporto.",non_ai
NON_AI,"Per la realizzazione di videogiochi è necessaria una dotazione tecnologica di alto profilo, che si compone di diversi strumenti, sia in ambito hardware che software.
Hardware: Personal Computer e monitor dalle elevate performance; server; development kit dedicati per le console di riferimento (PlayStation 5 e 4, Xbox Series X/S e One, Nintendo Switch); periferiche per la Realtà Virtuale; strumenti di motion capture per la realizzazione di animazioni; connessioni internet a banda larga dedicate; Software: Suite Microsoft Office, Motori grafici (es: Epic Unreal Engine), Programmi di grafica 2D e 3D (es: Adobe Photoshop e Autodesk 3Ds Max), programmi di animazione (es: Autodesk Maya), programmi per la produzione e gestione di musica ed effetti sonori (es: Wwise); programmi per il versioning, ovvero la sincronizzazione e tutela del codice creato su diverse macchine, di cui si deve garantire che ad essere modificata sia sempre la più recente e aggiornata versione per tutte le macchine",non_ai
NON_AI,Creazione di una piattaforma di Realtà Virtuale in grado di valorizzare e rendere fruibile il patrimonio storico-culturale marchigiano,non_ai
NON_AI,"La Beneficiaria OPERA NEL CAMPO DELLO SVILUPPO DI TECNOLOGIE INNOVATIVE NEL SETTORE INDUSTRIALE. 
ATTIVA NEL SETTORE DELLE CONSULENZE ALLE IMPRESE, L’AZIENDA, IN PARTICOLARE, OFFRE SERVIZI PER LA SOLUZIONE DI PROBLEMI TECNICI, LO SVILUPPO DI NUOVI PRODOTTI E LA MESSA A PUNTO DI NUOVE TECNOLOGIE. CON IL PROGETTO DI INVESTIMENTO INTENDE TRASFERIRE LA PROPRIA SEDE IN UNA STRUTTURA PIÙ AMPIA CHE CONSENTIRÀ DI AVERE UN LABORATORIO PER LA REALIZZAZIONE DEI PROTOTIPI E SOPRATTUTTO PER IL TESTING DI MOTO GENERATORI ELETTRICI. 
CON IL TRASFERIMENTO SEDE SI NECESSITA DELL’ACQUISTO DELL’ARREDO DEI NUOVI LOCALI, DI ATTREZZATURE ATTE ALLA REALIZZAZIONE, MONTAGGIO, MISURAZIONE E MODIFICHE DEI PROTOTIPI E HARDWARE PER EFFICIENTARE LE ATTIVITÀ DI SVILUPPO, LA DIGITALIZZAZIONE DEI PROCESSI PROGETTUALI E GLI INCONTRI IN REMOTO, OLTRE LA PRESENTAZIONE DEI PROGETTI E DEI PROTOTIPI CON LA REALTÀ AUMENTATA E VIRTUALE. Investimento ammesso: euro  61.903,00. Contributo concesso: euro  34.046,65",non_ai
NON_AI,"Sephirot è un sistema di gamificationin VR per aziende. Il progetto SEPHIROT© conta tre diverse declinazioni: Videogioco, Interactive experience e Performance. La declinazione principale è SEPHIROT© INTERACTIVE EXPERIENCE, un’esperienza personalizzata al 100% in Realtà Virtuale, realizzata con un obiettivo specifico che può variare a seconda del bisogno del committente. Attraverso quest’esperienza è possibile analizzare differenti skill applicate ai contesti più svariati o facilitare un'esperienza formativa aziendale o culturale",non_ai
NON_AI,"Il progetto Food Hub: La Casa dell’Innovazione Agroalimentare, si propone di rendere accessibile il know-how della ricerca scientifica italiana del settore agroalimentare agli stakeholder che intendono innovare prodotti e processi, tramite lo sviluppo di una piattaforma tecnologica online per la diffusione e commercializzazione di servizi di informazione (offerti gratuitamente) e formazione (offerti a pagamento secondo un sistema in abbonamento). L’idea di impresa prende spunto dall’individuazione di 2 problemi: (1) difficoltà che gli stakeholder del settore agroalimentare hanno ad accedere a contenuti sulle ultime ricerche e innovazioni applicabili in questo settore; (2) difficoltà per il mondo della ricerca di comunicare al mondo industriale i risultati delle ricerche. Il finanziamento sarà utilizzato per sviluppare un’infrastruttura tecnologica innovativa che consenta una migliore fruizione e una maggiore capacità di traffico; nuove features per migliorare l’esperienza utente e l’apprendimento (es. gamification, interazione uomo-macchina, intelligenza artificiale, ecc.); videocorsi formativi in collaborazione con personale di università e centri di ricerca. Il finanziamento sarà usato anche per realizzare attività di promozione e acquisizione di nuovi clienti.",non_ai
NON_AI,"La società Awelko Inc. Production Spa, opera nel campo della produzione di saldatrici in tecnologia MMA, MIG, TIG, PLASMA, oltre ad un¿ampia scelta di caricabatteria ed accessori. Il progetto di investimento prevede il rinnovamento in chiave tecnologica e digitale dell¿impresa e sono stati previsti i seguenti interventi: rinnovo del reparto plastica, con l¿introduzione di una macchina per la plastica pilotata a distanza tramite collegamento PC e di un robot per le operazioni di carico/scarico; rinnovo del reparto meccanico, con l¿introduzione di una macchina taglio laser, una macchina fresatrice,  tutto in ottica 4.0; rinnovo del magazzino e della logistica, con l¿introduzione di magazzini automatizzati 4.0 gestiti da software WMS da collegare al sistema gestionale ERP presente in azienda e movimentazioni tra gli scaffali effettuate da trasloelevatori automatici; introduzione di macchine di collaudo per saldatrici pilotate a distanza; rinnovo di stampi e attrezzature; implementazione di software intelligenza artificiale e software per saldatrici, plasma, CB.",ai
NON_AI,"Il progetto d’investimento proposto riguarda l’avvio di un nuovo servizio da offrire sul mercato. Ttantto srl è un' impresa femminile nata nel 2021, con a cuore la passione per le nuove tecnologie, che crede nella possibilità di fare una formazione diversa e innovativa.
In particolare, Ttantto Srl intende sviluppare un servizio di Formazione Potenziata, attraverso l'utilizzo delle tecnologie di realtà aumentata e immersiva che si andranno ad affiancare alla formazione tradizionale in aula. L’obiettivo è quello di creare dei percorsi di sviluppo personale monitorati, basati su realtà virtuale e tecniche di gamification. Gli investimenti riguarderanno la realizzazione  del portale di formazione potenziata e l’acquisto di hardware per offrire un’esperienza di realtà aumentata a 360° (visore). L’idea è quella di utilizzare la tecnologia della realtà aumentata e applicarla al mondo della formazione.",ai
NON_AI,"In seguito ad alcune modifiche della compagine sociale, si è posta l'esigenza di una riorganizzazione aziendale che andasse nella direzione di:
- consentire una semplificazione dei processi interni attraverso l'utilizzo di tecnologie digitali nuove o già esistenti;
- favorire il riposizionamento strategico dell'attività all'interno del mercato locale del benessere per la persona, attraverso la creazione di una rete di relazioni con soggetti partner inseriti in rete da un punto di vista digitale e in grado di offrire più servizi correlati;
- decretare l'aumento della competitività sul territorio da parte di Gymh24.
E' nato così il progetto SISTEMA H24, che ha come punto focale l'utilizzo di vari canali digitali integrati tra loro.
Elemento centrale del progetto è il rifacimento del sito web https://gymh24.it/ che da semplice vetrina di servizi si trasforma in piattaforma digitale. La piattaforma presenta servizi e opportunità integrate in un unico contenitore. Dialoga e sincronizza novità, informazioni e servizi con le app dedicate all'utenza delle due palestre controllate da Gymh24. Tanto il lavoro del personale interno quanto l'esperienza degli utenti sono poi semplificate e rese più snelle grazie all'utilizzo di un sistema di chatbot interno al sito.",ai
NON_AI,Il progetto nasce dall'esigenza di fornire alle navi strumenti sempre più precisi per la gestione delle fasi critiche della navigazione come le manovre all'interno dei porti e il transito attraverso i canali. Il sistema prevede la realizzazione di un'unità di acquisizione dati con piattaforma inerziale e posizionamento GNSS RTK a precisione centimetrica. Prevede anche lo sviluppo di software di visualizzazione delle informazioni sia per tablet PC che per dispositivi a realtà aumentata.,non_ai
NON_AI,"""L'obiettivo principale del progetto SMART MANUAL consiste nella creazione di una piattaforma innovativa e intelligente per la consultazione on-line e interattiva di procedure operative e check-list per la conduzione e la manutenzione di macchine e impianti industriali. 


La piattaforma abbina ad un’organizzazione strutturata delle procedure, dotata di regole per il riconoscimento automatico on-line dell’esecuzione dei diversi passi secondo la sequenza richiesta in termini di consensi e tempistica, tramite segnali acquisiti dal campo, una serie di """"smart agent"""" che attivano sessioni immersive di realtà aumentata (AR). Il loro scopo è quello di illustrare in modo approfondito agli operatori sul campo i vari passaggi procedurali presenti nelle procedure, facendo uso di una rappresentazione tridimensionale del contesto di riferimento.


In parallelo a questa funzionalità di realtà aumentata, il progetto si propone anche di sviluppare un applicativo """"smart check"""" che controlli on-line in tempo reale che ogni passo previsto all'interno di una procedura sia stato eseguito correttamente, rispettando tutti i vincoli ambientali.",ai
NON_AI,"Corre l’anno 2030. Milioni di persone giocano a Intermundia, nuovo videogioco di realtà virtuale. Mar è uno degli utenti che lo popolano. Nel mondo reale è un ragazzo sulla soglia della maggiore età, in Intermundia è un mago alle prime armi. Con l’aiuto di David3, suo amico d’infanzia e abile paladino, è determinato a vincere un torneo che mette in palio fama e ricchezza. Ma il suo cammino si rivelerà più tortuoso e difficile del previsto, sia nel gioco che nella vita reale.",non_ai
NON_AI,"Il progetto ha come obiettivo la digitalizzazione e innovazione del nostro studio di architettura, mediante un approccio BIM alla progettazione, al coordinamento e alla gestione dei cantieri edili.
La base del BIM (Building Information Model) è un modello 3D digitale dell’edificio, formato dalle varie parti che lo compongono e le loro caratteristiche, sia dimensionali sia relative a materiali e costi.
In particolare la scelta ricade sul software Archicad di Graphisoft.
Il modello tridimensionale integrato dei progetti permette anche una migliore e innovativa comunicazione dei progetti e dei risultati attesi durante i cantieri, grazie all’applicativo BIMx di Archicad, che esporta il modello, con tutte le sue caratteristiche, su tablet per le presentazioni alla committenza e per i sopralluoghi in cantiere.
La visualizzazione dei progetti è anche resa dal software Twinmotion per creare render immersivi e immagini VR per la realtà virtuale, in modo da creare una vera realtà immersiva e digitale dove poter camminare realmente all’interno dei nostri progetti di architettura.",non_ai
NON_AI,Il progetto nasce dall'esigenza di fornire alle navi strumenti sempre più precisi per la gestione delle fasi critiche della navigazione come le manovre all'interno dei porti e il transito attraverso i canali. Il sistema prevede la realizzazione di un'unità di acquisizione dati con piattaforma inerziale e posizionamento GNSS RTK a precisione centimetrica. Prevede anche lo sviluppo di software di visualizzazione delle informazioni sia per tablet PC che per dispositivi a realtà aumentata.,non_ai
NON_AI,"Nell’ambito di un più ampio progetto di formazione, si vuole migliorare i processi di formazione aziendale offrendo una soluzione che combini la potenza e la flessibilità dei prodotti cloud e i nuovi device di Realtà Aumentata e Virtuale. Obiettivi: Ottimizzare la gestione della formazione; Tracciare le attività svolte e i progressi nell’apprendimento; Rendere flessibile la creazione e gestione dei materiali formativi; Avere l’opportunità di utilizzare nuovi strumenti per la formazione in presenza e a distanza; Incrementare la sicurezza relativa alla formazione in ambiti pericolosi. Questo intervento si configura come il perfetto strumento che unisce le più avanzate tecnologie di Cloud Computing, Realtà Aumentata e Simulazione Virtuale, per creare le “Aule Aumentate”, rivoluzionando il concetto di educazione 4.0. I costi di viaggio e i rischi per la sicurezza possono essere ridotti al minimo sfruttando la capacità della tecnologia di teletrasportare persone e dati ovunque ed in qualsiasi momento. Complessivamente, l’implementazione di questo progetto permetterà un incremento della maturità digitale della SICER S.r.l. consentendo un avanzamento delle competenze interne all’azienda in relazione alle nuove tecnologie.",non_ai
NON_AI,"Tenax International, è la prima società italiana dedicata alla progettazione e produzione di macchine spazzatrici e lavastrade a basso voltaggio e 100% elettriche. Negli ultimi esercizi ha intrapreso un percorso di digitalizzazione ed ottimizzazione dei cicli di produzione rispetto al reparto logistico con installazione di sistemi di identificazione della componentistica e tracciabilità tramite barcode interconnessi con il gestionale aziendale. Questo sistema di digitalizzazione verrà ulteriormente sviluppato ed esteso al ciclo produttivo e di collaudo dei mezzi, efficientandolo. Combinato ad un sistema di nuova generazione di monitoraggio in remoto dei singoli mezzi consentirà di monitorare in tempo reale i mezzi venduti, applicandovi una manutenzione preventiva interconnessa al sistema centrale. L’obiettivo è di aumentare l’efficienza aziendale. Ciò aumenterà la marginalità e determinerà vantaggi per l’ambiente con l’abbattimento del numero delle movimentazioni delle merci, della componentistica e dei manutentori rispetto ad oggi in caso di malfunzionamenti.",non_ai
NON_AI,"Il progetto Desigknit è teso a creare opportunità sia per l’azienda proponente che per la filiera di riferimento, costituita da PMI del distretto emiliano della maglieria, attraverso il lancio di un sito web, accedendo al quale l’utente può creare il proprio capo mediante l’utilizzo di un configuratore 3D, di visualizzarlo su web o attraverso un sistema integrato di realtà aumentata, e quindi di ordinarlo.
L’idea, analoga a quella già sviluppata da altre aziende sia in ambito abbigliamento che in altri settori, punta ad affermarsi sulla base dei seguenti 4 punti:
- permettere l’espressione della creatività e la realizzazione di un capo unico, per la possibilità di configurare/customizzare diversi elementi direttamente da parte dell’utente (modelli, filati, spessori, colori, ricami, ecc.)
- qualità eccellente, per la lavorazione totalmente fatta in Italia, e per l’utilizzo dei migliori filati
- supporto costante all’utente
- attenzione alla sostenibilità ambientale, derivante da una modalità di produzione «made-to-order»
Un ruolo cruciale sarà rivestito dalle attività di marketing, tese a far conoscere il sito al mercato italiano nel corso del 2022/23, per poi allargare la propria offerta ad altri Paesi con alta presenza di consumatori in target.",non_ai
NON_AI,Il progetto nasce dall'esigenza di fornire alle navi strumenti sempre più precisi per la gestione delle fasi critiche della navigazione come le manovre all'interno dei porti e il transito attraverso i canali. Il sistema prevede la realizzazione di un'unità di acquisizione dati con piattaforma inerziale e posizionamento GNSS RTK a precisione centimetrica. Prevede anche lo sviluppo di software di visualizzazione delle informazioni sia per tablet PC che per dispositivi a realtà aumentata.,non_ai
NON_AI,Il progetto nasce dall'esigenza di fornire alle navi strumenti sempre più precisi per la gestione delle fasi critiche della navigazione come le manovre all'interno dei porti e il transito attraverso i canali. Il sistema prevede la realizzazione di un'unità di acquisizione dati con piattaforma inerziale e posizionamento GNSS RTK a precisione centimetrica. Prevede anche lo sviluppo di software di visualizzazione delle informazioni sia per tablet PC che per dispositivi a realtà aumentata.,non_ai
NON_AI,"Intesa srl è un’azienda specializzata nella progettazione e vendita di centri di lavoro e componentistica. L’azienda con il presente progetto mira, da un lato, ad introdurre nuovi applicativi finalizzati al potenziamento della digitalizzazione dell’impresa in ottica 4.0 tramite l’introduzione di un server in cloud e di software funzionali all’automatizzazione e l’efficientamento dei processi interni e, dall’altro, potenziare i propri servizi di assistenza al cliente attraverso tecnologie di manutenzione preventiva, predittiva e di realtà aumentata oltre ad aprirsi a un nuovo business relativo al ricondizionamento di schede elettroniche usate. 
Dalla realizzazione di questi investimenti, inseriti all’interno di un programma generale per la transizione digitale dell’impresa, INTESA prevede di ottenere i seguenti benefici:
-	Riduzione tempi di progettazione attraverso la digitalizzazione e automatizzazione dei processi interni e dei rapportini di intervento
-	Ampliamento dell’offerta aziendale ed efficientamento dei servizi di assistenza al cliente
-	Aumento della marginalità e del fatturato, anche grazie al potenziale ingresso dell’azienda su nuovi mercati",non_ai
NON_AI,"INTELLIA avvierà un progetto per la crescita e il consolidamento incentrato su: 
1.Innovazione-valorizzazione prodotto: reingegnerizzazione del prodotto Q-TOUCH per sviluppare un prodotto innovativo che dialoghi con tutti i sistemi, rendendo QTOUCH IL VERO INTEGRATORE: con una interfaccia si controlleranno sistemi diversi anche da remoto con funzionalità avanzate: controllo vocale, Cybersecurity, applicazioni building, potenziando la sua capacità controllare riciclo aria, dati termotecnici e di inquinamento degli ambienti, livello di CO2
2.Metodi di promozione, acquisto, vendita on line di servizi: servizio comprensibile e completo per la commercializzazione di impianti tecnologici moderni affidabili/flessibili. Sarà creato un e-commerce degli impianti dove la realtà aumentata aiuta a capire configurare l’impianto tecnologico. Il “configuratore” (KIT-DOMOTICA) faciliterà utenti e professionisti nella definizione delle soluzioni. Sarà realizzato uno showroom virtuale dove cliente e progettista possono vedere progetto, funzioni e scenari
3.Riqualificazione estetico-funzionale: si ritiene molto importante ai fini della vendita poter usufruire di uno showroom reale che possa far toccare con mano i prodotti e i servizi offerti, per cui si rendono necessarie specifiche opere edili",non_ai
NON_AI,"Il progetto consiste nell’acquisto di apparecchiature per l’operatività nei cantieri e di un software in cloud che riunisce alcune funzioni ora disgiunte e semplifica l’inserimento ed estrazione delle informazioni. I macchinari previsti sono una piattaforma auto sollevante per persone e cose, una lavapavimenti con operatore a bordo, un muletto, una minipala bobcat ed una piattaforma da installare su un mezzo esistente. Tutti i macchinari sopra descritti sono dotati di tecnologia 4.0 e connessi ad un computer sul quale sono rilevati e conservati i dati relativi alla funzionalità dei mezzi, la diagnostica, i tempi di utilizzo e la manutenzione preventiva. 
Il software previsto consiste in un’applicazione che digitalizza completamente le operatività di cantiere andando a soppiantare l’attuale gestione cartacea. Si tratta di un software gestionale multiutente creato per imprese edili, con una completa scalabilità che consente di integrare tutte le funzioni aziendali. Il nuovo software permetterà la rilevazione di tutte le attività, dell’utilizzo di tutti i mezzi e attrezzature, il controllo di gestione dei cantieri con la reportistica necessaria e la verifica periodica dei budget assegnati, la gestione dei subappaltatori, la fatturazione elettronica e la gestione del magazz",ai
NON_AI,"Il progetto di digitalizzazione intrapreso da SETTEPERSETTE S.R.L. è progettato per rafforzare notevolmente la sua posizione competitiva nel settore dell'ospitalità e dell'intrattenimento, oltre a espandere la sua presenza in nuovi mercati. Con l'implementazione di soluzioni tecnologiche avanzate, l'azienda potrà offrire un'esperienza cliente senza precedenti, caratterizzata da interazioni personalizzate e servizi altamente responsivi, aumentando così la fedeltà e l'attrattività del brand.

La piattaforma di e-commerce e le soluzioni di prenotazione online permetteranno a SETTEPERSETTE S.R.L. di raggiungere un pubblico più ampio, superando i limiti geografici e attirando clienti da nuove aree geografiche. Queste tecnologie digitali favoriscono anche l'ingresso in segmenti di mercato online fino ad ora inesplorati, come eventi virtuali e collaborazioni con brand di lifestyle digitale, aprendo nuove opportunità di revenue.

L'adozione di sistemi di gestione avanzata delle scorte e delle risorse basati su intelligenza artificiale migliorano l'efficienza operativa, riducendo i costi e permettendo all'impresa di offrire prezzi competitivi e servizi di alta qualità, aspetti che sono fondamentali per competere in mercati altamente saturi.

Inoltre, l'introduzione di tecnologie inn",non_ai
NON_AI,"Il progetto proposto per l'integrazione di tecnologie digitali in un salone di parrucchiere potrebbe sicuramente rafforzare la posizione dell'impresa nel mercato esistente e favorire il suo ingresso in nuovi mercati. Ecco come:

Differenziazione: L'adozione di tecnologie digitali innovative può differenziare il salone dai concorrenti, posizionandolo come un'azienda all'avanguardia nel settore della bellezza e dell'haircare. Questo può attirare nuovi clienti e rafforzare la fedeltà dei clienti esistenti.
Migliorata Esperienza del Cliente: Le tecnologie digitali, come le prenotazioni online, le applicazioni di realtà aumentata per provare tagli di capelli e i sistemi di feedback digitali, migliorano l'esperienza complessiva del cliente. Questo porta a una maggiore soddisfazione dei clienti e alla diffusione positiva del passaparola, rafforzando così la reputazione del salone nel mercato.
Accesso a Nuovi Segmenti di Mercato: L'e-commerce integrato nel sito web del salone offre la possibilità di raggiungere nuovi segmenti di mercato al di fuori dell'area geografica tradizionale del salone. Ad esempio, il salone potrebbe offrire prodotti per la cura dei capelli online e attirare clienti da diverse località.
Espansione Geografica: L'uso di tecnologie digitali come le prenotazioni",non_ai
NON_AI,"CREAZIONE DI UN MOTORE DI GESTIONE (BACK-END) E UN'INTERFACCIA UTENTE INTERATTIVA (FRONT-END) PER UN SISTEMA DI DIAGNOSTICA AVANZATA PER MACCHINE INDUSTRIALI CHE, A FRONTE DI UN ALLARME, UN GUASTO O UN ERRORE RESTITUISCA UN'INFORMAZIONE FACILMENTE COMPRENSIBILE DAGLI ADDETTI (OPERATORI DI MACCHINA E DI MANUTENZIONE) PER POTER RISOLVERE NEL PIÙ BREVE TEMPO POSSIBILE IL PROBLEMA, MOSTRANDO IN MODO AUTOMATICO INFORMAZIONI ETEROGENEE (PER ES.: SCHEMI ELETTRICI, DISEGNI MECCANICI 2D E 3D, BREVI FILMATI, SEQUENZE ANIMATE, ""TUTORIAL""), ANCHE FACENDO USO DI REALTÀ AUMENTATA. OLTRE ALLA VISUALIZZAZIONE, ENORME IMPORTANZA RIVESTE LA PARTE DI PREPARAZIONE (DATA ENTRY E EDITING) DELLE INFORMAZIONI DA INSERIRE NEL SISTEMA CHE DOVRÀ ESSERE SEMPLICE ED INTUITIVA, PERMETTENDO RAPIDI TEMPI DI PREPARAZIONE INIZIALE E AGGIORNAMENTO EVOLUTIVO.",non_ai
NON_AI,"IL PROGETTO DI TRASFORMAZIONE DIGITALE ABBRACCIA TECNOLOGIE INNOVATIVE COME BIG DATA, CLOUD E REALTÀ VIRTUALE. UTILIZZEREMO I BIG DATA PER APPROFONDIRE LO STUDIO DELLA CUSTMER JORNEY DEI CLIENTI, ANALIZZARE E PROFILARE IN MANIERA CHIARA E PRECISA I TARGET DELLA DESTINAZIONE TERRITORIALE E SOPRATUTTO IDENTIFICARE IL VALORE DELLA BRAND REPUTATION DELLA STRUTTURA E DELLA DESTINAZIONE. INOLTRE DALL’ANALISI DEI BIG DATA SI CERCHERÀ DI PERSONALIZZARE L’ESPERIENZA DEGLI OSPITI, OTTIMIZZANDO IL PROCESSO DI PRENOTAZIONE ONLINE E ADATTANDO, MIGLIORANDO E RIVEDENDO IL PARCO SERVIZI ONLINE-OFFLINE DELLA STRUTTURA. PER QUANTO RIGUARDA IL CLOUD, IL FOCUS PRINCIPALE RIGUARDERÀ LA MIGRAZIONE DELLE ATTUALI BASI DI DATI DA SISTEMI PRETTAMENTE LOCAL A SISTEMI ONLINE DISTRIBUTI, SICURI E SCALABILI CHE PERMETTERANNO UNA GESTIONE E UN’ANALISI DEI DATI COMPLETA E SOPRATUTTO “CONDIVISIBILE” CON NUOVI TOOL DI TERZE PARTI. LA REALTÀ VIRTUALE OFFRIRÀ INFINE ALLA STRUTTURA LA POSSIBILITÀ DI FAR “VIVERE UN’ESPERIENZA IMMERSIVA” PRE-ACQUISTO DELLA VACANZA PER AVVICINARE L’UTENTE AL PRODOTTO “MIGLIORE E AD-HOC” PER LA SUA VACANZA. TALE APPROCCIO PERMETTERÀ QUINDI ALL’AZIENDA DI DISTINGUERSI NEL SETTORE DELL’OSPITALITÀ PROPONENDO UN’ESPERIENZA MOLTO “PRIMA DELL’INIZIO REALE DELLA VACANZA”.",ai
NON_AI,"IMPLEMENTAZIONE DI UN PROGRAMMA DI SVILUPPO INNOVATIVO PER IL POSIZIONAMENTO STRATEGICO DELL'AZIENDA. UN'ORGANIZZAZIONE AZIENDALE EFFICIENTE SARÀ PROPEDEUTICA ALLA RIVISITAZIONE DI BUSINESS E REVENUE MODEL, GARANTENDO L'INTEGRAZIONE DEI PROCESSI, LA DEFINIZIONE E L'AMPLIAMENTO DELLA GAMMA DI PRODOTTI/SERVIZI E LA DIVERSIFICAZIONE DEL BUSINESS. QUESTO ATTRAVERSO L'APPLICAZIONE DI NUOVI METODI ORGANIZZATIVI NELLE PRATICHE COMMERCIALI, RIDEFINIZIONE DELLE STRATEGIE E L'INDIVIDUAZIONE DI STAKEHOLDER PER PROGETTI INNOVATIVI ATTRAVERSO ATTIVITÀ DI OPEN INNOVATION. IL PROGETTO IMPLICHERÀ: ANALISI DEL BUSINESS MODEL ATTUALE PER VERIFICARE LE ESIGENZE DI UPGRADE E INDIVIDUARE I MIGLIORAMENTI PER ATTUARE LA STRATEGIA; PUBBLICHE RELAZIONI E RICERCA DI INVESTIMENTI PUBBLICI E PRIVATI PER IL SOSTEGNO ALLA RICERCA E ALL'INNOVAZIONE; STRATEGIE DI COMUNICAZIONE E MARKETING, IN CHIAVE INNOVATIVA; PROGETTAZIONE E MANAGEMENT AZIENDALE; RICERCA PER L'INNOVAZIONE TECNOLOGICA, SOCIALE ED AMBIENTALE; INTEGRAZIONE DI SISTEMI INNOVATIVI E TECNOLOGICI NELL'AMBITO DELLO SVILUPPO DI SERVIZI E PRODOTTI (REALTÀ VIRTUALE, REALTÀ AUMENTATA, ETC)

OGGETTO DELLA PRESTAZIONE: ATTIVITÀ DI SVILUPPO E COORDINAMENTO NELL'AMBITO DEI PROGETTI INNOVATIVI, ATTRAVERSO L'IMPLEMENTAZIONE DI UN PROGRAMMA DI SVILUPPO INNOVATI",non_ai
NON_AI,"Il progetto prevede di valorizzare il patrimonio del Consorzio Culturale del Monfalconese, in parte digitalizzato e pubblicato sul sito web www.ccm.it, per realizzare una sezione in Realtà Aumentata (AR) del Museo della storia del territorio. Il Museo immersivo permetterà di avvicinare la comunità e un nuovo pubblico al Patrimonio del Consorzio e valorizzare in modo innovativo Villa Vicentini Miniussi. Agli obiettivi di crescita culturale attraverso nel riconsocimento della storia e dell'identità della comunità di riferimento del Consorzio, per il benessere individuale e sociale della stessa, si intende aumentare in modo significativo l'afflusso di pubblico alla Villa e l'offerta turistica sul territorio isontino, aggiungendo una proposta innovativa alle altre già presenti e proponendo un luogo di documentazione e informazione pensato come punto di partenza per un viaggio alla scoperta del territorio stesso.",non_ai
NON_AI,Tecnologie di realtà aumentata e virtuale per l'integrazione di nuovi contenuti di servizio,non_ai
NON_AI,"&quot;Prevede l’inserimento nel layout produttivo di una linea calzature 4.0 comprendente macchinari tecnologicamente avanzati ed interconnessi ai sistemi informativi di fabbrica allo scopo di semplificare, migliorare e velocizzare il processo produttivo con notevoli risparmi in termini di tempo, costi ed energia. &#200; inoltre prevista l’installazione di un impianto fotovoltaico e di stazioni di ricarica elettrica che contribuiranno a rendere l’azienda maggiormente indipendente da fonti energetiche derivanti da combustibili fossili e l’impiego di un software per la manutenzione preventiva-predittiva per l’efficientamento energetico del ciclo produttivo.",non_ai
NON_AI,"LA FINALITÀ DEL PROGETTO È QUELLA DI FAVORIRE L’INTRODUZIONE NEGLI ATTUALI PROCESSI DI PROGETTAZIONE MECCANICA DI COMPONENTI IN ACCIAIO ED IN PLASTICA DI PROCESSI DI PROTOTIPAZIONE RAPIDA E AR-VR (AUGMENTED REALITY- VIRTUAL REALITY).
IL PROGETTO PREVEDE IN PARTICOLARE LE SEGUENTI FASI OPERATIVE:
1.	ANALI DEI REQUISITI FUNZIONALI E TECNOLOGICI DELLE PARTICOLARI LAVORAZIONI MECCANICHE SIA IN ACCIAIO CHE IN MATERIALE POLIMERICO CHE L’AZIENDA ATTUALMENTE ESEGUE E DELLE RELATIVE PROBLEMATICHE IN FASE DI PROGETTAZIONE. IN PARTICOLARE:
A.	ANALISI DELLE PROBLEMATICHE DI PROGETTAZIONE DI OGGETTI COMPLESSI CHE RICHIEDONO COSTI ELEVATI IN FASE DI REALIZZAZIONE DI PROTOTIPI CON TECNOLOGIE STANDARD
B.	ANALISI DELLE PROBLEMATICHE DI PROGETTAZIONE DI OGGETTI COMPLESSI CHE RICHIEDONO NUMEROSI PROCESSI ITERATIVI DI ASSESSMENT E QUINDI ELEVATI COSTI DI PROGETTAZIONE E PROTOTIPAZIONE.
2.	ANALISI ED INDIVIDUAZIONE DELLE TECNOLOGIE DI PROTOTIPAZIONE RAPIDA E DEI RELATIVI MATERIALI UTILIZZABILI CHE CONSENTANO DI OTTENERE PROTOTIPI RISPONDENTI ALLE SPECIFICHE DI PROGETTO
3.	ANALISI ED INDIVIDUAZIONE DEI PROCESSI DIGITALI DI REALTÀ VIRTUALE  E REALTÀ AUMENTATA (RA) CHE PERMETTANO DI PROGETTARE VIRTUALMENTE GLI OGGETTI COMPLESSI CONSENTENDO DI VISUALIZZARE I MODELLI CAD E VALUTARE LE FUNZIONALITÀ CHIAVE",ai
NON_AI,"Il progetto mira a rendere la biblioteca più inclusiva e accessibile, utilizzando soluzioni ICT e Realtà Aumentata per migliorare l'accessibilità e l'usabilità dei servizi esistenti e svilupparne di nuovi. Si prevede lo sviluppo di strumenti tecnologici e forme alternative di comunicazione, come pannelli multisensoriali e un'APP multilingue in Realtà Aumentata. Inoltre, verranno fornite risorse e supporto per l’accesso ai contenuti digitali, con particolare attenzione ai bambini con esigenze specifiche. Il progetto, della durata di 24 mesi, coinvolgerà personale interno ed esterni. L'obiettivo è favorire l’accesso libero e autonomo a tutte le categorie di utenti, rendendo la biblioteca un luogo dove ogni individuo può trovare risorse e supporto per la sua crescita personale e culturale.",non_ai
NON_AI,"Il Progetto “Augmented Reality for Cultural HEritage monitoring and conServation – ARCHES"" incardinato nella tematica RT3 “Sistemi per la gestione multirischio dei beni culturali ed il coinvolgimento
delle comunità”, propone lo sviluppo prototipale di un sistema informativo digitale integrato in una
piattaforma per il supporto alle decisioni nella gestione di beni o monumenti storici, integrato con tecniche
di monitoraggio e manutenzione in realtà aumentata (AR).
Gli obiettivi di ARCHES possono essere così sintetizzati:
¿ contribuire alla definizione di un sistema gestionale digitale, integrato e aggiornabile;
¿ informatizzare il sistema con parametri di rischio basati sulle analisi digitali di rilievo;
¿ sviluppare un protocollo di ispezioni visive basate sull’impiego di Realtà Aumentata (AR) per
ottimizzare la pianificazione e l’attuazione delle attività di manutenzione e mitigazione del rischio",non_ai
NON_AI,"La produzione sostenibile è valutata sotto varie dimensioni: Ambiente, Società ed Economia. Il Life Cycle Assessment permette di quantificare l?impatto ambientale di un prodotto nel suo ciclo di vita. Tuttavia mancano metodologie atte a costruire percorsi di maturazione dei processi produttivi verso la sostenibilità. Il progetto vuole realizzare questo obiettivo attraverso lo studio e l?applicazione di strategie digitali che esplorano i temi dell?automazione, AI, realtà aumentata e cybersecurity",ai
NON_AI,"L’obiettivo del progetto è raggiungere la capacità di produrre video VR/AR (realtà virtuale/aumentata), con ibridazione di contenuti 360° e lineari, volta ai servizi per la cultura, lo spettacolo, la documentaristica e la formazione. Creazione di narrazioni aumentate, immersive, e interattive, in cui lo spettatore è al centro della narrazione e può interagire con essa. Il progetto prevede la pianificazione e realizzazione di un servizio destinato alla produzione di contenuti audiovisivi per supporti VR, servizio che a sua volta si articolerà in due diverse tipologie di proposte: 
1. realizzazione di contenuti video 360 in base alle richieste dei clienti;
2. progettazione interna di contenuti e successiva proposta a potenziali enti pubblici\privati interessati alla produzione.
La finalità è quella di fornire contenuti innovativi in un momenti di espansione di questo tipo di tecnologia.",non_ai
NON_AI,Tecnologie di realtà aumentata e virtuale per l'integrazione di nuovi contenuti di servizio,non_ai
NON_AI,"IL PROGETTO RIGUARDERÀ LA CONSULENZA SPECIALISTICA SU SISTEMI DI VISUALIZZAZIONE, REALTÀ VIRTUALE (RV) E REALTÀ AUMENTATA (RA) APPLICATI AL MONDO DELLA PROGETTAZIONE EDILE, CIVILE E INDUSTRIALI DELLA ERREFFE PROGETTI, SOCIETÀ DI INGEGNERIA, FINALIZZATA ALLA DEFINIZIONE, PROGETTAZIONE E INTRODUZIONE DI UN NUOVO CONCEPT DI PRESENTAZIONE/FRUIZIONE E CONDIVISIONE DI AMBIENTI DI PROGETTAZIONE. QUESTO NASCE DAL DOVER OFFRIRE UN AMBIENTE ALTAMENTE INNOVATIVO DI PROGETTAZIONE E PRESENTAZIONE DEI PROGETTI CHE CONIUGHI E INTEGRI REALTÀ MISTA E DIGITAL TWIN A SUPPORTO DELLE ATTIVITÀ SVILUPPATE DALLA ERREFFE PROGETTI. IL TUTTO A SUPPORTO DELLA DEFINIZIONE DI UN RIVOLUZIONARIO APPROCCIO INNOVATIVO DI INGEGNERIA SOSTENIBILE.",non_ai
NON_AI,"Il Progetto “Abbadia Ap(p)erta” mira a sviluppare servizi culturali innovativi per arricchire il settore culturale e creativo, puntando sulla valorizzazione sostenibile del capitale culturale del territorio. Gli Obiettivi Specifici comprendono la valorizzazione della Riserva Naturale Abbadia di Fiastra e del suo patrimonio, l`incremento tecnologico per digitalizzare l`offerta culturale e turistica, e lo sviluppo di una strategia di marketing territoriale sostenibile incentrata sulla cultura per beneficio della comunità locale e allargamento dei target turistici. I Risultati Attesi includono la digitalizzazione degli itinerari dell’Agri-cultura, naturalistici e turistici per la fruizione virtuale, la creazione di un servizio di assistente di viaggio virtuale tramite una app con chatbot, l`implementazione di servizi educativi e di interpretazione del patrimonio naturale con un focus sulla sostenibilità ambientale e il potenziamento della strategia di valorizzazione on-site e digitale del patrimonio naturale, culturale e della tradizione monastica.",non_ai
NON_AI,"C.I.O. – COLLEGIO ITALIANO DI OSTEOPATIA, È UNA SOCIETÀ SPECIALIZZATA NELL’ORGANIZZAZIONE DI CORSI DI FORMAZIONE DI OSTEOPATIA SECONDO I CRITERI INTERNAZIONALI. 
IL PROGETTO DI CONSULENZA PREVEDE L’ANALISI DELLA FATTIBILITÀ DELLA CREAZIONE DI UN PORTALE DI FORMAZIONE A DISTANZA FORNITA DA ESPERTI OSTEOPATI RIVOLTA ALLE AZIENDE, MIRANDO A MIGLIORARE IL BENESSERE AZIENDALE DAGLI ASPETTI POSTURALI SUL LUOGO DI LAVORO A QUELLI DI STILE DI VITA. L'OBIETTIVO È STIMOLARE UNA PARTE DI MERCATO ANCORA INESPLORATA. IL PROGETTO PREVEDE LA VALUTAZIONE E PROGETTAZIONE DI DIVERSI ELEMENTI A CORREDO DELLA PIATTAFORMA QUALI VIDEO SIMULAZIONI, RIPRESE PER COSTRUIRE UN DATABASE GENERICO DA CUI LE AZIENDE POSSONO ATTINGERE, ELEMENTI DI REALTÀ AUMENTATA O IMMERSIVA. L’IPOTESI È DI RENDERE POI ACCESSIBILI I CONTENUTI ATTRAVERSO ACCORDI COMMERCIALI O TRAMITE UN E-COMMERCE, STRUTTURATO SULLA BASE DI ANALISI SPECIFICHE E REALIZZATO SECONDO LOGICHE DI BRANDING ADATTE AD UN CENTRO DI QUESTO TIPO.",non_ai
NON_AI,"IMPLEMENTAZIONE DI UN PROGRAMMA DI SVILUPPO INNOVATIVO PER IL POSIZIONAMENTO STRATEGICO DELL'AZIENDA. UN'ORGANIZZAZIONE AZIENDALE EFFICIENTE SARÀ PROPEDEUTICA ALLA RIVISITAZIONE DI BUSINESS E REVENUE MODEL, GARANTENDO L'INTEGRAZIONE DEI PROCESSI, LA DEFINIZIONE E L'AMPLIAMENTO DELLA GAMMA DI PRODOTTI/SERVIZI E LA DIVERSIFICAZIONE DEL BUSINESS. QUESTO ATTRAVERSO L'APPLICAZIONE DI NUOVI METODI ORGANIZZATIVI NELLE PRATICHE COMMERCIALI, RIDEFINIZIONE DELLE STRATEGIE E L'INDIVIDUAZIONE DI STAKEHOLDER PER PROGETTI INNOVATIVI ATTRAVERSO ATTIVITÀ DI OPEN INNOVATION. IL PROGETTO IMPLICHERÀ: ANALISI DEL BUSINESS MODEL ATTUALE PER VERIFICARE LE ESIGENZE DI UPGRADE E INDIVIDUARE I MIGLIORAMENTI PER ATTUARE LA STRATEGIA; PUBBLICHE RELAZIONI E RICERCA DI INVESTIMENTI PUBBLICI E PRIVATI PER IL SOSTEGNO ALLA RICERCA E ALL'INNOVAZIONE; STRATEGIE DI COMUNICAZIONE E MARKETING, IN CHIAVE INNOVATIVA; PROGETTAZIONE E MANAGEMENT AZIENDALE; RICERCA PER L'INNOVAZIONE TECNOLOGICA, SOCIALE ED AMBIENTALE; INTEGRAZIONE DI SISTEMI INNOVATIVI E TECNOLOGICI NELL'AMBITO DELLO SVILUPPO DI SERVIZI E PRODOTTI (REALTÀ VIRTUALE, REALTÀ AUMENTATA, ETC)",non_ai
NON_AI,"La partecipazione alla Fiera Milano Home ha come principale obiettivo promuovere il brand, aumentare la visibilità dei nostri prodotti e facilitare le connessioni con potenziali clienti e partner commerciali nel settore dell'arredamento e del design.
Target di Riferimento:
Il target comprende professionisti del settore, architetti, interior designer, distributori, e consumatori finali interessati a soluzioni innovative per la casa.
Strategia di Partecipazione:
Stand Espositivo:
Progettazione di uno stand accattivante e funzionale, sfruttando elementi di design contemporaneo.
Creazione di spazi interattivi per permettere ai visitatori di toccare con mano i nostri prodotti e vivere un'esperienza immersiva.
Utilizzo di tecnologie digitali, come realtà aumentata, per mostrare come i nostri prodotti possono trasformare gli spazi abitativi.
Presentazione di Novità:
Lancio di una nuova linea di prodotti, con focus su sostenibilità e innovazione nel design.
Organizzazione di dimostrazioni dal vivo e presentazioni per illustrare le caratteristiche e i benefici dei nostri prodotti.
Attività di Networking:
Pianificazione di incontri con architetti, interior designer e influencer del settore per sviluppare collaborazioni e opportunità commerciali.
Organizzazione di eventi speciali o cocktail",non_ai
NON_AI,"APLOMB è un progetto innovativo che unisce l'arte della danza e della musica con la tecnologia della realtà virtuale. L’obiettivo è la progettazione di un prodotto applicativo per realtà virtuale che utilizzi tecnologie ispirate alla gamification per proporre una forma sostenibile e accessibile di fruizione di perfomance. Questo prodotto vuole ricercare un nuovo equilibrio (Aplomb dal francese=equilibrio) tra artisti e tecnologie innovative, per creare una forma di documentazione digitale del repertorio artistico culturale. Utilizzando tecnologie avanzate come la Motion Capture e la scansione 3D, digitalizzerà performance artistiche, rendendole accessibili a tutti, inclusi coloro con disabilità. Le coreografie saranno ambientate all’interno di spazi scansionati e digitalizzati partendo da location reali in Emilia-Romagna, scelte per il loro valore storico-culturale. Il progetto vuole realizzare un prodotto di intrattenimento inclusivo e sostenibile, dotato di una componente educativa e propedeutica per gli allievi di musica e danza. Inoltre il prodotto sarà uno strumento di supporto alle traiettorie S3 grazie alla collaborazione con il centro CRICC per la valorizzazione dei patrimoni materiali e immateriali, e l’accrescimento di competenze e future skills legate al CH.",non_ai
NON_AI,"Parma Virtual Hub è un progetto che si rivolge ad artisti e giovani creativi che desiderano avvicinarsi alle potenzialità espressive offerte dalla XR-Extended Reality. Un luogo, sia fisico che virtuale, in cui creare e condividere contenuti artistici, incontrare professionalità differenti e avere un primo approccio, grazie ad incontri di alfabetizzazione ai linguaggi del digitale, ad una nuova e futuribile forma di espressività. 
Grazie al progetto saranno realizzati eventi che invitino il pubblico a fare esperienza di un nuovo tipo di fruizione artistica, una piattaforma nativa dedicata allo streaming di contenuti digitali e spunti creativi e la prima creazione di Artemis Danza totalmente in realtà virtuale.
Parma Virtual Hub sarà dotato sia di strumentazioni tradizionali per la realizzazione di materiale audiovisivo che di strumentazione per un primo approccio alla realizzazione di opere in digitale.
Per Artemis Danza Parma Virtual Hub rappresenta da un lato l’occasione per approfondire l’approccio all’arte in digitale, già sperimentata attraverso la contaminazione con la videoarte, dall’altro l’opportunità di sviluppare, grazie all’innovazione tecnologica, un nuovo ramo d’azienda.",non_ai
NON_AI,"APOLLO È UNA SOCIETÀ SPECIALIZZATA NELLA CREAZIONE DI CAMPAGNE PUBBLICITARIE E CREAZIONE DI CONTENUTI VIDEO. 
IL PROGETTO MIRA A CREARE UN SISTEMA INTEGRATO DI PROMOZIONE DEL TERRITORIO DEL MONTE BALDO ATTRAVERSO LA PREDISPOSIZIONE DELLE LINEE GUIDA PER LA CREAZIONE DI UN SITO WEB SEO-ORIENTED, ARRICCHITO DA MAPPE INTERATTIVE IN REALTÀ AUMENTATA, E DI UN'APP MOBILE CHIAMATA ""SUL BALDO"". IL PERIMETRO NEL QUALE SARANNO COORDINATI I CONTENUTI SARÀ QUELLO DEL TURISMO SOSTENIBILE E INNOVATIVO, GRAZIE A INFORMAZIONI DETTAGLIATE SU SENTIERI E ATTRAZIONI, INSIEME A QUELLO DELLA CONSAPEVOLEZZA AMBIENTALE. LA COLLABORAZIONE CON UNO SPECIALISTA IN INTEGRAZIONE E SVILUPPO DIGITALE DEI PROCESSI AZIENDALI GARANTIRÀ UN'IMPLEMENTAZIONE EFFICACE DEL PROGETTO ATTRAVERSO UN APPROCCIO DIGITALE INTEGRATO.",non_ai
NON_AI,"IL RUOLO DEGLI ADVANCED ANALYTICS. DESCRIZIONE ED OBIETTIVI DEL PROGETTO(6): È MOLTO IMPORTANTE CHE PIANIFICAZIONE E CONTROLLO DI GESTIONE SIANO ATTIVITÀ CONTINUATIVE NEL TEMPO, MA CIÒ NON SIGNIFICA CHE DEBBANO ESSERE EFFETTUATE SEMPRE NELLO STESSO MODO, SOPRATTUTTO SE, SE NE PUÒ AUMENTARE L'EFFICACIA E LE PERFORMANCE, UTILIZZANDO GLI ADVANCED ANALYTICS E GLI STRUMENTI INNOVATIVI AD ESSI COLLEGATI. OLTRE CHE FORTEMENTE INTERCONNESSE, TALI ATTIVITÀ SONO ANCHE PARTICOLARMENTE DIREZIONE GENERALE PER GLI INCENTIVI ALLE IMPRESE 6 VIM-2_01132173 COMPLESSE E CHI SE NE OCCUPA SI TROVA AD AFFRONTARE SFIDE LEGATE ALLA STRUTTURA O ALL'OPERATIVITÀ DELL'AZIENDA, SFIDE “FISIOLOGICHE” MA CHE POSSONO TROVARE UNA RISPOSTA NELLA DIGITAL TRANSFORMATION. UN PRESUPPOSTO IMPORTANTE PER POTER SFRUTTARE AL MEGLIO I VANTAGGI DELLA DATA SCIENCE NELLA PIANIFICAZIONE E CONTROLLO DI GESTIONE È LA PRESENZA DI PERSONE CON UN BACKGROUND CHE LI RENDA IN GRADO DI INTERAGIRE CON L'AMBIENTE DI PREDICTIVE ANALYTICS. SI RENDE QUINDI NECESSARIA UNA TRASFORMAZIONE CULTURALE CHE PORTI L'AZIENDA A DOTARSI AD ESEMPIO DI UN DATA SCIENTIST E ANCHE DI DATA ANALYST CAPACI, CIASCUNO IN UNA PARTICOLARE AREA DI BUSINESS, DI ESTRARRE DAI DATI TREND E INSIGHTS UTILI NEL SINGOLO CONTESTO. OBIETTIVO DEL PROGETTO E' QUINDI QUELLO DI",non_ai
NON_AI,"Obiettivo del progetto AVANTI è l’ottimizzazione del controllo, gestione e efficienza delle linee di produzione attraverso l'implementazione di tecnologie di realtà aumentata.
La soluzione AR che verrà sviluppata permetterà all’utente di avere una chiara percezione delle caratteristiche delle forme e del funzionamento di un oggetto e della relativa contestualizzazione dello stesso nella dimensione reale.",non_ai
NON_AI,"La produzione sostenibile è valutata sotto varie dimensioni: Ambiente, Società ed Economia. Il Life Cycle Assessment permette di quantificare l?impatto ambientale di un prodotto nel suo ciclo di vita. Tuttavia mancano metodologie atte a costruire percorsi di maturazione dei processi produttivi verso la sostenibilità. Il progetto vuole realizzare questo obiettivo attraverso lo studio e l?applicazione di strategie digitali che esplorano i temi dell?automazione, AI, realtà aumentata e cybersecurity",ai
NON_AI,"Il Progetto ""PALEOTWIN"" mira a creare una piattaforma digitale focalizzata sulla costruzione di un repository 
centrale per la gestione e il recupero di materiali digitali legati al patrimonio culturale del museo Capellini. 
Questo archivio centralizzato supporterà vari formati di fruizione digitale (testi, audio, ricostruzioni 3d, 
ricostruzioni in AR e VR), inclusi percorsi personalizzabili basati su logiche semantiche, per facilitare l'accesso 
e la fruizione anche agli utenti con disabilità. Il progetto include l'implementazione di una modalità 
""gamificata"" e funzionalità immersive per un'esperienza di realtà aumentata (AR) e virtuale (VR), permettendo interazioni avanzate con reperti archeologici e ambienti 3D.",non_ai
NON_AI,"IL PROGETTO PREVEDE L'ATTIVITA' DI CONSULENZA FINALIZZATA ALLA REALIZZAZIONE DI ESPERIENZE IMMERSIVE E INTERATTIVE NELL'AMBITO DIGITAL MARKETING E DEI SERVIZI DI PROMOZIONE. TALE CONSULENZA CONSENTIRA' DI INDIVIDUARE LE SOLUZIONI TECNOLOGICHE E INNOVATIVE FINALIZZATE ALLO SVILUPPO DI APPLICAZIONI E CONTENUTI  BASATI SULLA REALTÀ AUMENTATA E VIRTUALE.   LA MISSION DEL PROGETTO SARÀ SVILUPPARE MEDIANTE LA CONSULENZA PRODOTTI INNOVATIVI DOTATI DI ELEVATA ACCESSIBILITA, REPLICABILITÀ E FACILITÀ DI UTILIZZO. L'OBIETTIVO E' INDIVIDUARE SOLUZIONI TECNOLOGICHE DA APPLICARE A TRE SPECIFICHE UNIT:
- SOLUTION, RIVOLTA AD IMPRESE E PROFESSIONISTI, OFFRE SOLUZIONI TECNICHE PER LA CUSTOMIZZAZIONE E PERSONALIZZAZIONE DI BENI E SERVIZI. - PROMOTION, RIVOLTA SIA ALLE IMPRESE CHE ALLA PUBBLICA AMMINISTRAZIONE, CON SOLUZIONI INNOVATIVE PER LA COMUNICAZIONE, LA PROMOZIONE E IL MARKETING - ATTRACTION, MEDIANTE ATTIVITÀ ESPERIENZIALI E CULTURALI SVILUPPATE CON SOLUZIONI AD ALTO CONTENUTO INNOVATIVO  APPLICATE NELL'AMBITO DEI SERVIZI TURISTICI.",ai
NON_AI,Bando Impresa Digitale Realtà Virtuale,non_ai
NON_AI,"OBIETTIVI
Il progetto afferisce alla tematica TECNICHE O TECNOLOGICHE DI MIGLIORAMENTO E SVILUPPO DELLE ATTIVITÀ PRODUTTIVE AZIENDALI individuata fra le premianti nellAvviso 2 2023 ed e finalizzato a fornire competenze specifiche per effettuare la manutenzione preventiva e correttiva delle macchine utilizzate nelle attivita agricole cosi da mantenere in buone condizioni le attrezzature, ridurre i costi di manutenzione e garantire il miglioramento e, laddove possibile, un ulteriore sviluppo delle attivita produttive aziendali. 
Nello specifico, lobiettivo del corso e quello di favorire lapprofondimento dei vari tipi di macchinari utilizzati in campo agricolo, delle loro funzioni e del loro ruolo nei processi agricoli, il trasferimento delle procedure di base per la manutenzione regolare e straordinaria delle macchine agricole al fine di prevenire guasti e prolungare la durata operativa dei macchinari, lacquisizione di competenze pratiche per diagnosticare e risolvere eventuali problemi tecnici che possono verificarsi sui macchinari agricoli, internalizzando il piu possibile gli interventi finora esterni, lattivazione di competenze per la lavorazione dei metalli funzionale alla ...",non_ai
NON_AI,"Il corso mira partendo da zero a sviluppare le quattro capacità linguistiche di base (lingua parlata, ascolto, lettura, scrittura) con particolare enfasi posta nella sicurezza e nella scioltezza della comunicazione orale a portare l'allievo a essere capace di proporsi agli altri e di conoscere gli altri, capaci di raccontare il passato e parlare del presente e del futuro immediato.\nIl percorso sviluppa nei discenti le capacità di comunicare in ambito lavorativo, attraverso gruppi omogenei in funzione della professione svolta, a diversi livelli con i clienti, i collaboratori, il personale delle aziende partner ed i fornitori.\nL'approccio metodologico è diretto a mettere gli studenti in condizioni di agire in situazioni reali, esprimersi e portare a termine compiti di vita quotidiana, creando situazioni verosimili con l'utilizzo di materiali e software appositamente selezionati per ottenere una simulazione e contestualizzazione didattica in un ambiente di vera e propria realtà virtuale.\nIl programma del corso prevede l'insegnamento dei contenuti definiti nel CEFR (Quadro comune europeo di riferimento per la conoscenza delle lingue)  per il livello B1.",non_ai
NON_AI,esposizione realtà aumentata design,non_ai
NON_AI,"Opera 16 vuole aumentare capacità produttiva, efficienza e qualità del prodotto, tondino di ferro per edilizia, e del processo con un controllo accurato dei parametri produttivi/macchina. si aumenta pure gamma (sagome) di prodotto e diametri lavorabili. La staffatrice e sagomatrice da rotolo Opera 16 permette:
1 lavorazioni ad alta performance
2 riduzione a 0 degli sfridi: no rifiuti e meno costi
3 riduzione dei consumi
4 efficientamento dell'organizzazione produttiva grazie al sistema digitale ad alta automazione
5 migliorata sicurezza come conseguenza dei miglioramenti tecnologici e del controllo digitale
6 sistema digitale di impostazione di tutti i parametri che ne permette controllo accurato e analisi per differenti scopi (manutenzione preventiva, punti di debolezza)
7 interfaccia digitale con le attuali macchine e con il sistema aziendale per controllo di tutto il ciclo commessa
8 full tracking come richiesto dalla normativa antisismica
9 higher skills del personale",non_ai
NON_AI,"Il progetto mira a creare una multipiattaforma digitale per musei, gallerie ed enti culturali, composta da una piattaforma web in cloud per il caricamento di modelli 3D di opere d’arte, la visualizzazione e analisi dei dati raccolti, e un’app in Realtà Virtuale (VR) che consente la visualizzazione immersiva e l’interazione con le opere digitalizzate tramite visori.",non_ai
NON_AI,"Tecnosistemi srl offre una vasta gamma di servizi quali: servizi informatici, assistenza informatica e riparazioni computer, vendita e noleggio di stampanti e fotocopiatrici multifunzione, vendita registratori di cassa etc.. Ma ciò che aumenterà la sua posizione sul mercato: sarà l?investimento in digital marketing volto alla ?brand awareness?, ossia si punterà ad una strategia necessaria a far conoscere la società. La strategia che verrà adottata sarà di pubblicizzare la società e i suoi servizi con banner pubblicitari sui giornali digitali, in particola IVG, che è il quotidiano online più letto della provincia di Savona. Tale strategia verrà attuata facendo in modo che Tecnosistemi comparirà come immagini di background che attornia il sito o formato display ad alta visibilità posizionato in overlay nella parte alta del display o full screen. Altro investimento importante sarà nel campo dell?intelligenza artificiale in modo da essere una delle prime realtà liguri ad annoverare un Manager in AI al fine di immettere sul mercato prodotti e servizi all?avanguardia di ultimissima generazione puntando alla leadership nel settore. L?obiettivo di Tecnosistemi, tramite tali strategie è di avere maggiore visibilità e differenziandosi dalla concorrenza sul territorio, diventando così azien",non_ai
NON_AI,"TUNNEL STUDIO SRL È UNA SOCIETÀ INDIPENDENTE DI SVILUPPO CHE SI DEDICA ALL'ESPLORAZIONE DI NUOVE TECNOLOGIE, CON UNA FOCALIZZAZIONE SPECIFICA SU REALTÀ VIRTUALE, VIDEOGIOCHI, MUSICA ELETTRONICA, TECNOLOGIA AVANZATA E PROGRAMMAZIONE.
IL NOSTRO PROGETTO MIRA A CONDURRE ANALISI DETTAGLIATE E FORNIRE SUPPORTO NELL'ATTUAZIONE DI SOLUZIONI DIGITALI, MIGLIORANDO L'INTERAZIONE E LA GESTIONE DEI DATI, OLTRE A IMPLEMENTARE STRATEGIE DI MARKETING DIGITALE. L'INVESTIMENTO NELL'INNOVAZIONE DIGITALE COMPRENDERÀ UNA FASE DI VALUTAZIONE PER DEFINIRE LE AREE E I PROCESSI AZIENDALI SU CUI CONCENTRARSI, SEGUITA DA UN PERIODO DI AFFIANCAMENTO PER GARANTIRE UNA CORRETTA IMPLEMENTAZIONE E OPERATIVITÀ.

I PRINCIPALI OBIETTIVI DEL PROGETTO INCLUDONO L'ESPANSIONE DELLE ATTIVITÀ NEL MERCATO B2C, CON UN FOCUS PARTICOLARE SUL MERCATO INTERNAZIONALE, E IL POTENZIAMENTO DELLE COMPETENZE DIGITALI DEL TEAM.

IN PARTICOLARE, LE NECESSITÀ INDIVIDUATE SI MUOVONO VERSO 3 DIRETTRICI FONDAMENTALI:

1) DIGITAL HR: FORMAZIONE AVANZATA DEL PERSONALE, CON ENFASI SULLA COMUNICAZIONE INTERNA.
2) DIGITAL IT: SVILUPPO DI UN ECOSISTEMA DATA-DRIVEN PER UN'ANALISI DATI SUPERIORE.
3) DIGITAL MARKETING: APPLICAZIONE DI STRATEGIE DI MARKETING DIGITALE DI ULTIMA GENERAZIONE, PER AUMENTARE VISIBILITÀ NEI MERCATI DI RIFERIMENTO.",non_ai
NON_AI,"L’idea progettuale consiste nell’adeguamento di una struttura commerciale acquistata dalla KC srl, sita in via
Volterra 41 municipio VIII di Roma, già mensa universitaria di Roma 3 dal 2004, ma chiusa al pubblico dal 2020 a
seguito del periodo pandemico, con la riapertura ad aprile 2024, è previsto anche un progetto di digitalizzazione
ed innovazione legato alle nuove tecnologie per valorizzare la precedente gestione esclusivamente legata alla
ristorazione anche all’intrattenimento culturale e di sviluppo locale-
La nuova fase che partirà ad aprile 2024 e che offrirà servizi quali eventi culturali e di realtà aumentata, con
una ricca proposta di contenuti interattivi e digitali con strumenti di innovazione tecnologica tesi a promuovere
non solo i contenuti universitari ma nuovi scenari culturali attraverso il pubblico universitario e non solo.",ai
NON_AI,"Il progetto mira a integrare la tecnologia più avanzata nella riscoperta e nella divulgazione della cultura e della storia ebraica, rappresentando un modello di innovazione nel campo museale e culturale.Sono previsti lo sviluppo e l'implementazione di esperienze immersive in realtà virtuale (VR) che permettano ai visitatori di esplorare in modo dinamico e coinvolgente la storia e le tradizioni ebraiche, tra cui la ricostruzione virtuale del ghetto ebraico di Trieste.
L'obiettivo principale è duplice: da una parte, si intende rafforzare il ruolo del museo ebraico Carlo e Vera Wagner come punto di riferimento culturale e turistico a livello locale e internazionale; dall'altra si mira a promuovere una maggiore comprensione e consapevolezza della cultura ebraica. Con l'uso di contenuti digitali altamente interattivi e pedagogicamente validi, il progetto aspira a creare un ponte tra le generazioni, rendendo la storia ebraica accessibile e rilevante per tutti, in particolare per i giovani.",non_ai
NON_AI,"""L'obiettivo principale del progetto SMART MANUAL consiste nella creazione di una piattaforma innovativa e intelligente per la consultazione on-line e interattiva di procedure operative e check-list per la conduzione e la manutenzione di macchine e impianti industriali. 


La piattaforma abbina ad un’organizzazione strutturata delle procedure, dotata di regole per il riconoscimento automatico on-line dell’esecuzione dei diversi passi secondo la sequenza richiesta in termini di consensi e tempistica, tramite segnali acquisiti dal campo, una serie di """"smart agent"""" che attivano sessioni immersive di realtà aumentata (AR). Il loro scopo è quello di illustrare in modo approfondito agli operatori sul campo i vari passaggi procedurali presenti nelle procedure, facendo uso di una rappresentazione tridimensionale del contesto di riferimento.


In parallelo a questa funzionalità di realtà aumentata, il progetto si propone anche di sviluppare un applicativo """"smart check"""" che controlli on-line in tempo reale che ogni passo previsto all'interno di una procedura sia stato eseguito correttamente, rispettando tutti i vincoli ambientali.",ai
NON_AI,"IL PROGETTO SI ARTICOLERÀ IN DUE TEMI: 
1.	IMPLEMENTAZIONE INVESTIMENTI PER LA TRANSIZIONE TECNOLOGICA E DIGITALE 
-	NUOVO ERP EVOLUTO
-	DIGITALIZZAZIONE PROCESSI E FASI DI APPROVAZIONE
-	CYBERSECURITY
-	COLLAUDO AUTOMATICO DI FINE LINEA
-	DIGITAL MOCK-UP
-	REALTÀ AUMENTATA PER L’ASSISTENZA TECNICA

2.	IMPLEMENTAZIONE NUOVI METODI NELLE STRATEGIE DI GESTIONE AZIENDALE
-	DEPLOYMENT STRATEGIE DI SVILUPPO DELLA DIREZIONE IN OBIETTIVI PER LA GESTIONE PROCESSI
-	INDICATORI ED OBIETTIVI DEI PROCESSI AZIENDALI
-	CRUSCOTTO INDICATORI E STRATEGIE PER ANTICIPO DERIVE",non_ai
NON_AI,HoloImplant è un software di implantologia nel settore dentale basato su tecnologie di Realtà Aumentata e Virtuale che permetterà ai dentisti di ottimizzare il posizionamento degli impianti e la creazione di guide statiche per la chirurgia implantare.,ai
NON_AI,"APOLLO È UNA SOCIETÀ SPECIALIZZATA NELLA CREAZIONE DI CAMPAGNE PUBBLICITARIE E CREAZIONE DI CONTENUTI VIDEO. 
IL PROGETTO MIRA A CREARE UN SISTEMA INTEGRATO DI PROMOZIONE DEL TERRITORIO DEL MONTE BALDO ATTRAVERSO LA PREDISPOSIZIONE DELLE LINEE GUIDA PER LA CREAZIONE DI UN SITO WEB SEO-ORIENTED, ARRICCHITO DA MAPPE INTERATTIVE IN REALTÀ AUMENTATA, E DI UN'APP MOBILE CHIAMATA ""SUL BALDO"". IL PERIMETRO NEL QUALE SARANNO COORDINATI I CONTENUTI SARÀ QUELLO DEL TURISMO SOSTENIBILE E INNOVATIVO, GRAZIE A INFORMAZIONI DETTAGLIATE SU SENTIERI E ATTRAZIONI, INSIEME A QUELLO DELLA CONSAPEVOLEZZA AMBIENTALE. LA COLLABORAZIONE CON UNO SPECIALISTA IN INTEGRAZIONE E SVILUPPO DIGITALE DEI PROCESSI AZIENDALI GARANTIRÀ UN'IMPLEMENTAZIONE EFFICACE DEL PROGETTO ATTRAVERSO UN APPROCCIO DIGITALE INTEGRATO.",non_ai
NON_AI,"Lo scopo del progetto è la valorizzazione e la comunicazione alla cittadinanza del patrimonio delle biblioteche attraverso la digitalizzazione dei contenuti bibliotecari, per favorire nei cittadini la frequentazione delle biblioteche come luogo di incontro e di scambio, e rafforzarne il senso di appartenenza e comunità.

Intendiamo, attraverso l’attivazione di una serie di percorsi di visita con l'uso della tecnologia che metta in relazione le fonti bibliotecarie e il territorio urbano, portare le biblioteche ""fuori dalle biblioteche"" rendendole accessibili ad un pubblico ampio con una specifica attenzione alla sostenibilità delle azioni e alla loro scalabilità.

Esperienze proposte:  
- City tour in Realtà Aumentata su Web App che metta in relazione alcuni Punti di Interesse della città, con lo scopo di riportare alla luce opere/edifici che non ci sono più di cui esistono testimonianze racchiuse nel patrimonio bibliotecario. In questo modo la cittadinanza, tramite il proprio smartphone e senza la necessità di scaricare App, potrà scoprire una Milano che non c’è più e al tempo stesso verrà stimolata nella consultazione diretta dei preziosi documenti direttamente in biblioteca;

- Podcast narrativo ed esperienziale (accessibile sempre dalla Web App), che racconti alla cittadinanza",ai
NON_AI,"ANALISI, PROGETTAZIONE ED IMPLEMENTAZIONE DI ATTIVITÀ DI DIGITAL MARKETING E SVILUPPO DEL SALES
MODEL PIÙ APPROPRIATO PER IL POSIZIONAMENTO SUL MERCATO ONLINE DI RIFERIMENTO PER I PRODOTTI
E SERVIZI IT ESISTENTI ED IL LANCIO DEL NUOVO PRODOTTO/SERVIZIO IT PER LA CONFIGURAZIONE,
MODELLAZIONE 3D E VISUALIZZAZIONE IN AMBIENTE DI REALTÀ VIRTUALE, DI PRODOTTI IN AMBITO
MANUFACTURING",non_ai
NON_AI,"Miglioramento della safety nel settore delle costruzioni di infrastrutture attraverso l'implementazione di tecnologie all'avanguardia come l’IoT, la Realtà Aumentata e la Realtà Virtuale opere e infrastrutture nel mondo dei trasporti",non_ai
NON_AI,"IMPLEMENTAZIONE DI UN PROGRAMMA DI SVILUPPO INNOVATIVO PER IL POSIZIONAMENTO STRATEGICO DELL'AZIENDA. UN'ORGANIZZAZIONE AZIENDALE EFFICIENTE SARÀ PROPEDEUTICA ALLA RIVISITAZIONE DI BUSINESS E REVENUE MODEL, GARANTENDO L'INTEGRAZIONE DEI PROCESSI, LA DEFINIZIONE E L'AMPLIAMENTO DELLA GAMMA DI PRODOTTI/SERVIZI E LA DIVERSIFICAZIONE DEL BUSINESS. QUESTO ATTRAVERSO L'APPLICAZIONE DI NUOVI METODI ORGANIZZATIVI NELLE PRATICHE COMMERCIALI, RIDEFINIZIONE DELLE STRATEGIE E L'INDIVIDUAZIONE DI STAKEHOLDER PER PROGETTI INNOVATIVI ATTRAVERSO ATTIVITÀ DI OPEN INNOVATION. IL PROGETTO IMPLICHERÀ: ANALISI DEL BUSINESS MODEL ATTUALE PER VERIFICARE LE ESIGENZE DI UPGRADE E INDIVIDUARE I MIGLIORAMENTI PER ATTUARE LA STRATEGIA; PUBBLICHE RELAZIONI E RICERCA DI INVESTIMENTI PUBBLICI E PRIVATI PER IL SOSTEGNO ALLA RICERCA E ALL'INNOVAZIONE; STRATEGIE DI COMUNICAZIONE E MARKETING, IN CHIAVE INNOVATIVA; PROGETTAZIONE E MANAGEMENT AZIENDALE; RICERCA PER L'INNOVAZIONE TECNOLOGICA, SOCIALE ED AMBIENTALE; INTEGRAZIONE DI SISTEMI INNOVATIVI E TECNOLOGICI NELL'AMBITO DELLO SVILUPPO DI SERVIZI E PRODOTTI (REALTÀ VIRTUALE, REALTÀ AUMENTATA, ETC)",non_ai
NON_AI,"Il progetto di digitalizzazione proposto per l'impresa individuale di Olivieri Luca offre prospettive significative per rafforzare la sua posizione nel mercato esistente e favorire un ingresso in nuovi mercati. Attraverso l'introduzione di una versione digitale avanzata dei servizi CAD & BIM, l'azienda potrà distinguersi offrendo soluzioni realiste e intuitive che meglio rispondono alle esigenze dei professionisti, designer, inventori, aziende, enti, comuni e privati. Questa innovazione nel modellare e presentare progetti permette di comunicare le idee in modo più efficace e coinvolgente, aumentando l'attrattiva verso la clientela esistente e potenziale.
L'introduzione di nuove tecnologie per la creazione di video, ambienti navigabili in Realtà Virtuale (VR), documentazione fotorealistica e progetti di relooking immobiliare è destinata a posizionare l'impresa individuale di Olivieri Luca come un'azienda all'avanguardia, in grado di offrire servizi moderni e di qualità superiore. Questo permette non solo di soddisfare meglio le esigenze dei clienti attuali, ma anche di attrarre una nuova clientela attraverso strumenti e contenuti innovativi e coinvolgenti.
Inoltre, l'offerta di videocorsi certificati e la disponibilità di contenuti di alta qualità su piattaforme come Vimeo, attr",non_ai
NON_AI,"Nel 2049, in un mondo prossimo e distopico, Élite è la realtà virtuale dove la gente si rifugia
per vivere la quotidianità, e ritrovare abitudini e sensazioni ormai perdute a causa
dell¶assoggettamento alle nuove tecnologie.
Nel mondo reale, parte della popolazione infatti, è stata sostituita da androidi che svolgono
compiti e mansioni tipicamente umane.
Al di fuori di Élite, l¶umano vive in case completamente automatizzate, complete di ogni
comfort, e può comprarsi un nuovo corpo altamente performante, ma niente ormai riesce a
renderlo davvero felice.",non_ai
NON_AI,"L'OBIETTIVO È OTTIMIZZARE LE OPERAZIONI DI TRASPORTO, MIGLIORARE LA SICUREZZA E AUMENTARE L'EFFICIENZA GENERALE. LA SOLUZIONE PREVEDE L'USO DI ANALISI STATISTICHE PER MONITORARE VARI ASPETTI DELL'ATTIVITÀ DI TRASPORTO, COME I TEMPI DI PERCORRENZA, L'EFFICIENZA DEL CARBURANTE E LE PRESTAZIONI DEI VEICOLI. QUESTO PERMETTERÀ DI IDENTIFICARE AREE DI MIGLIORAMENTO E DI IMPLEMENTARE STRATEGIE PIÙ EFFICACI PER LA GESTIONE DELLA FLOTTA. INOLTRE, IL PROGETTO INCLUDE LO SVILUPPO DI UN SISTEMA DI SUPPORTO PER GLI AUTISTI, CHE FORNIRÀ INFORMAZIONI UTILI, CONSIGLI PER LA GESTIONE DEI VIAGGI E SUGGERIMENTI PER LA MANUTENZIONE PREVENTIVA DEI VEICOLI. L'ANALISI STATISTICA AVANZATA SARÀ IMPIEGATA ANCHE PER MIGLIORARE LA PIANIFICAZIONE DELLE RISORSE, OTTIMIZZANDO COSÌ L'ASSEGNAZIONE E L'USO DEI MEZZI DI TRASPORTO. I BENEFICI ATTESI DA QUESTO PROGETTO INCLUDONO UN SIGNIFICATIVO AUMENTO DELL'EFFICIENZA OPERATIVA, UNA RIDUZIONE DEI COSTI ASSOCIATI AL CONSUMO DI CARBURANTE E ALLA MANUTENZIONE, NONCHÉ UN MIGLIORAMENTO COMPLESSIVO DELLA SICUREZZA E DELLA QUALITÀ DEL SERVIZIO OFFERTO. INFINE, LA PIATTAFORMA SARÀ PROGETTATA PER ESSERE INTUITIVA E FACILMENTE INTEGRABILE CON I SISTEMI ESISTENTI, ASSICURANDO CHE L'ADOZIONE DELLA TECNOLOGIA SIA FLUIDA E BENEFICA SIA PER GLI OPERATORI CHE PER GLI AUTISTI.",non_ai
NON_AI,"Sviluppare uno strumento di edutainment dedicato alle istituzioni culturali, utilizzando la CGI (Computer Generated Imagery) per creare ambienti immersivi con applicazioni di Realtà Aumentata e Realtà Mista.
Il format definisce la struttura della sceneggiatura di gioco definendo ruoli e azioni lungo il percorso proposto all’utente. Sarà adattabile a diversi contesti (arte, archeologia, scienze) e sarà testato attraverso un prototipo sviluppato con il Museo Friulano di Storia Naturale. L’idea è che gli utenti, utilizzando un tablet, possano interagire con ambienti virtuali che riproducono le condizioni della nostra Regione nel periodo Neolitico (7000 anni fa). Con l'organizzazione di  focus group e incontri pubblici, si testeranno le funzionalità dello strumento, il grado di coinvolgimento degli utenti e la capacità di trasmettere informazioni e conoscenze.
Obiettivo primario è far vivere l’esperienza senza alcuna discriminazione di tipo cognitivo o tecnologico.",non_ai
NON_AI,"Il progetto prevede l'espansione delle postazioni di lavoro al fine di aumentare il nostro organico, assumendo nuove figure specializzate come sviluppatori, grafici e videomaker. Siamo particolarmente interessati a reclutare giovani talenti di età inferiore ai 30 anni. Questo ci consentirà di offrire ai nostri clienti, che includono molte aziende operanti nel settore dell'arredamento di lusso della Brianza e nell'industria manifatturiera lombarda, l'opportunità di presentare i propri prodotti attraverso innovativi configuratori 3D con realtà aumentata e CMS per gestione di siti internet e e-commerce.
Questo aumento di lavoro e di persone ci obbliga ad ampliare i nostri uffici unendo appartamento adiacente per la creazione di 3 nuovi spazi di lavoro.
Le nuove postazioni di lavoro saranno dotate di schermi grafici e computer/workstation dedicate anche a editing video e configuratori 3D, un luogo di lavoro ottimizzato sia per dimensioni che comfort con le esigenze del nostro personale presente e futuro, inserendo anche una sala riunioni che permetta di ospitare i nostri clienti, per presentare loro i nostri lavori al meglio.
Amplieremo anche le nostre attrezzature fotografiche/video per offrire ai nostri Clienti, attuali e nuovi, servizi fotografici e video all’avanguardia con nuove",non_ai
NON_AI,"Obiettivo: Creare un`esperienza immersiva nel Museo Carlo Urbani. Favorire la partecipazione attiva dei visitatori, stimolare l`interazione con i contributi umanitari e scientifici del dr. C.Urbani. Ricerca e Pianificazione (6 mesi): Identificazione e determinazione dei temi chiave, focus sulla storia di Urbani. Legame col territorio, ricerca scientifica, lotta alla povertà e per l’accesso alla cura. Sviluppo del Contenuto (10 mesi): Realizzazione dei contenuti multimediali nel Metaverso.  Installazioni Interattive (3 mesi): Progettazione e installazione postazioni per la realtà aumentata nel Museo. Test Pilota (3 mesi): Valutazione dell`esperienza con test pilota, raccolta feedback e ottimizzazione dei contenuti. Azioni di comunicazione (3 mesi): Evento lancio, campagna social, conferenza stampa, apertura speciale al pubblico. Monitoraggio e Valutazione: Attivazione di monitoraggio per valutare l`efficacia a lungo termine dell`esperienza, includendo analisi delle metriche di partecipazione e interviste dirette.",non_ai
NON_AI,"Lo Studio professionale del Geometra Guaraglia compete in un mercato sempre più competitivo e all'avanguardia, dove le nuove tecnologie si stanno diffondendo sempre più velocemente e i clienti diventano sempre più attenti alla qualità e al rispetto delle tempistiche. L'incremento della digitalizzazione dei processi e dei dati sicuramente è una delle chiavi per restare competitivi in questo scenario, per questo motivo si è scelto di puntare su uno strumento digitale altamente innovativo. Funzionalità avanzate, come la possibilità di visualizzare i dati acquisiti in realtà virtuale, permetteranno di raggiungere quella fascia di clientela più attenta all'innovazione e più attratta da rappresentazioni digitali degli spazi, che rappresenta la nuova frontiera del lavoro di geometra.",ai
NON_AI,"Attraverso l'azione ""Potenziamento della Cybersecurity"", Forum Service riduce i rischi di sicurezza relativi ai dati critici per i processi produttivi interni e i progetti digitali gestiti per conto dei propri clienti. Questo approccio preventivo alla Cybersecurity migliora il livello dei servizi offerti da Forum Service, aumentando la competitività dell'azienda nel suo mercato di riferimento. Molti clienti di Forum Service, infatti, sono estremamente attenti alla corretta applicazioni della normativa EU GDPR (relativa alla protezione dei dati personali) e, conseguentemente, sono sensibili all'approccio alla sicurezza dei dati.

Attraverso l'azione ""Sviluppo simulazioni virtuali"", Forum Service amplia il portfolio di tecnologie per la formazione che è in grado di offrire. Acquisendo significative competenze nello sviluppo di applicazioni di Realtà Virtuale, l'azienda rafforza la propria posizione nel mercato di riferimento. Inoltre, attraverso la pubblicazione dell'esperienza Space Atlas VR sullo store online di Meta (il Meta Questo Store), Forum Service entrerà per la prima volta nel mercato B2C, rendendo disponibile una App a pagamento a tutti gli utenti dei dispositivi Meta Quest 2 e Meta Quest 3 a livello globale.",non_ai
NON_AI,"LA DOUCAL'S HA INTRAPRESO UN PERCORSO DI PROFONDO RINNOVAMENTO DEL PROCESSO ORGANIZZATIVO CON L'INTRODUZIONE DI MACCHINARI INTERCONNESSI. IL PROGETTO CHE INTENDE REALIZZARE CON IL SUPPORTO FATTIVO DEL MANAGER DELL'INNOVAZIONE PUNTA A DIGITALIZZARE TUTTE LE FASI DELLA PRODUZIONE ATTRAVERSO L'INTRODUZIONE DI SISTEMI DI RILEVAMENTO DEGLI AVANZAMENTI E DELLA CERTIFICAZIONE DELLA FILIERA PRODUTTIVA. IL TUTTO DECLINATO NELL'INTEGRAZIONE DELLE TECNOLOGIE DELLA NEXT PRODUCTION REVOLUTION (NPR) NEI PROCESSI AZIENDALI, ANCHE E CON PARTICOLARE RIGUARDO ALLE PRODUZIONI DEI MANUFATTI CALZATURIERI. L'INTEGRAZIONE DI ELEMENTI ROBOTICI RAPPRESENTA UN ALTRO ITEM DELLA PROGETTUALITÀ DA REALIZZARE. L'ULTIMA PARTE RIGUARDA UNA NUOVA MODALITÀ DI VENDITA COMMERCIALE ATTRAVERSO UN UTILIZZO CONCRETO DELLA REALTÀ AUMENTATA.",ai
NON_AI,"Gli investimenti in digitalizzazione previsti nel progetto possono portare numerosi benefici a Vico srl, migliorando la posizione e la crescita nel mercato di riferimento. Ecco alcuni vantaggi chiave:
    Ottimizzazione dei Processi: La digitalizzazione consente di razionalizzare l?efficienza interna, soprattutto con l?utilizzo dell?intelligenza artificiale, migliorando la gestione delle operazioni quotidiane e riducendo il rischio di errori umani.
    Miglioramento dell?Interazione con i Clienti: I nuovi strumenti possono consentire di offrire un maggiore e migliore numero di servizi a valore, migliorando l'efficienza e la qualità delle relazioni con i clienti
    Accessibilità e Collaborazione: L?uso di software e strumenti di collaborazione di ultima generazione facilita l?accesso ai dati e la comunicazione sia interna che con i clienti, specialmente in contesti di lavoro remoto.
   Innovazione e Competitività: La digitalizzazione può aiutare l?azienda a rimanere competitiva in un ambiente sempre più digitalizzato, introducendo nuovi servizi e soddisfacendo nuovi bisogni del mercato.
 Migliore Formazione e maggiore competitività: La formazione può migliorare i processi lavorativi e le skill professionali, consentendo all?azienda di offrire servizi migliori e di trovare nu",ai
NON_AI,OPENUP NEGLI ULTIMI ANNI SI È FORTEMENETE DEDICATA AL SETTORE IMMOBILIARE E IN PARTICOLARE ALL'AMBITO IMMOBILI COMMERCIALI. SI E TROVATA COINVOLTA IN OPERAZIONI DI VALORIZZAZIONE DI IMMOBILI SIA FINALIZZATI AL RETAIL CHE AL COWORKING. SI RITIENE INTERESSANTE CREARE UNA PIATTAFORMA (MODELLO BOOKING) CHE CONSENTA AFFITTANZE TEMPORANEE E DIFFUSE DI LUOGHI COMMERCIALI DA PARTE DI PRIVATI E AZIENDE VERSO TERZI PER POP UP STORES E LUOGHI DI COWORKING. RISULTA NECESSARIO PRENDERE CONFIDENZA CON GLI STRUMENTI DIGITALI LEGATI SIA ALLE PIATTAFORME WEB DI COMMERCIALIZZAZIONE E VENDITA DI SPAZI (ANCHE CREANDOLE O COMUNQUE ADATTANDOLE) E ALLE MODLAITÀ E SOFTWARE DI MODELLAZIONE GRAFICA E DI REALTÀ AUMENTATA PER RAPPRESENTARE IN MODO EFFICACE ED ATTRATTIVO LE SUPERFICI INCONTRANDO I FAVORI DELLA CLIENTELA. LA CONSULENZA DOVRÀ ACCOMPAGNARE LA OPENUP NELLA DEFINIZIONE DELLA/E PIATTAFORMA E NEL POPOLARE LE STESSE IN MODO ACCATTIVANTE GRAZIE ALLE NUOVE TECNOLOGIE,non_ai
NON_AI,"Il progetto di ricerca sviluppo ed innovazione Peformance Durability Rating partirà dal brevetto di invenzione n  10201900002209 di Ercole Messina, cioè dal motore di calcolo Percentuale di Durata Residua, che attualmente permette di valutare la vita residua dei veicoli usati e dei loro componenti basandosi sullaffidabilità del veicolo in funzione di km percorsi, età del veicolo, modello e brand dellautovettura Lalgoritmo PDR è attualmente la base della piattaforma e applicazione EASYDRIVE per la valutazione delle auto usate gestite da MOVI SpA. Il progetto proposto, che vedrà coinvolti Mobility Village SpA ed il Dipartimento di Ingegneria Gestionale e della Produzione del Politecnico di Torino, ha obbiettivo un cambio di paradigma: dal concetto di affidabilità dei componenti delle autovetture al concetto più esteso di Performance Durabilty Rating. Il nuovo PDR sarà certificazione  delle performance e del grado di manutenzione dei veicoli: punteggio diversificato che attesti le capacità residue di prestazione. Partendo dallanalisi  dati EASYDRIVE MOVI di retail e manutenzione veicoli usati si svilupperà, grazie alle competenze dellOR e dopo le fasi di deep e machine learning, una piattaforma avanzata con  capacità predittive utilizzando lIntelligenza Artificiale.",ai
NON_AI,"La produzione sostenibile è valutata sotto varie dimensioni: Ambiente, Società ed Economia. Il Life Cycle Assessment permette di quantificare l?impatto ambientale di un prodotto nel suo ciclo di vita. Tuttavia mancano metodologie atte a costruire percorsi di maturazione dei processi produttivi verso la sostenibilità. Il progetto vuole realizzare questo obiettivo attraverso lo studio e l?applicazione di strategie digitali che esplorano i temi dell?automazione, AI, realtà aumentata e cybersecurity",ai
NON_AI,"OGGI NON E' OGGI, è un progetto pensato e sviluppato da SCENA URBANA in collaborazione con archivi lombardi.
Il progetto prevede la realizzazione di una mostra in realtà virtuale, di opere incompiute o mai realizzate da artisti del calibro di : Piero Manzoni; Paolo Scheggi e Vincenzo Agnetti.
Grazie all'utilizzo e alle competenze di tutti gli attori coinvolti, sarà dunque possibile dare forma, colore e dimensione a grandi opere che oggi esistono solo su appunti.
Per poter ""accedere"" alla mostra, sarà sufficiente un visore su cui è installato l'applicativo.",non_ai
NON_AI,Tecnologie di realtà aumentata e virtuale per l'integrazione di nuovi contenuti di servizio,non_ai
NON_AI,"Progetti di ricerca e sviluppo di Mpmi e Midcap, Bando 2 Progetti di ricerca e sviluppo di Mpmi e Midcap, Bando 2 InTelligenza aRtificiAle nell’industria tessile MAde in Italy",non_ai
NON_AI,"IL PROGETTO RIGUARDERÀ LA CONSULENZA SPECIALISTICA SU SISTEMI DI VISUALIZZAZIONE, REALTÀ VIRTUALE (RV) E REALTÀ AUMENTATA (RA) APPLICATI AL MONDO DELLA PANIFICAZIONE AL FINE DI GARANTIRE LA TRASPARENZA TOTALE SUI PROCESSI PRODUTTIVI UNITAMENTE AL TRAMANDARE LA STORIA E CULTURA DELLA PANIFICAZIONE TRADIZIONALE COLLEGATA AL PANE DI ALTAMURA, CON LA CORRETTA INFORMAZIONE SU OFFERTA PRODOTTI E RELATIVE PROPRIETÀ NUTRACEUTICHE MIRATO AD UN MANGIAR SANO GRAZIE ALLE NUOVE TECNOLOGIE. IL PROGETTO RIGUARDERÀ LA CONSULENZA SULLA PROGETTAZIONE DI UN SISTEMA DI VISUALIZZAZIONE VIRTUALE INNOVATIVO REAL-TIME DEL PANIFICIO, CHE CONSENTIRÀ DI DETERMINARE SIA LA CARBON FOOTPRINT E DI FORNIRE TRASPARENZA NEI PROCESSI PRODUTTIVI SFRUTTANDO I FLUSSI INFORMATIVI REAL-TIME DEI MACCHINARI 4.0 INSTALLATI NEL PANIFICIO. INOLTRE, L’UTENTE POTRÀ COMPRENDERE STORIA, CONOSCERE E APPRENDERE TRADIZIONI E METODO SUI PROCESSI DI PANIFICAZIONE DEL PANE DI ALTAMURA E AVERE UNA CORRETTA INFORMAZIONE SULLE PROPRIETÀ NUTRACEUTICHE DI OGNI SINGOLO PRODOTTO UNITAMENTE AD UN APPROCCIO SUL CORRETTO MANGIAR SANO, GRAZIE AD INNOVATIVE INTERFACCE INCLUSIVE PER LA FRUIZIONE DEI CONTENUTI ANCHE DA PARTE DI PERSONE IPOVEDENTI E CIECHI, CONSENTENDO COSÌ LA SCOPERTA DEI CONTENUTI SENZA BARRIERE.",non_ai
NON_AI,"&PLUS È UNA SOCIETÀ DI CONSULENZA DEL LAVORO, SPECIALIZZATA IN GESTIONE ED OTTIMIZZAZIONE DEL PERSONALE,¿INDIRIZZATA AD ASSICURARE UN RAPPORTO PERSONALE E FIDUCIARIO CON I CLIENTI. 

PROPRIO IN QUESTO SENSO, AVVALENDOSI DI UN ESPERTO IN REALTÀ VIRTUALE E REALTÀ AUMENTATA DURANTE IL PROGETTO SI MIRA A RAFFORZARE ULTERIORMENTE LA CUSTOMER CARE, SUPERANDO IL CONCETTO DI DIALOGO TESTUALE, VALUTANDO L’IMPLEMENTAZIONE DI SISTEMI INNOVATIVI DI CONTATTO. 

A SEGUIRE LE INIZIATIVE CHE SARANNO ANALIZZATE, CONDIVISE ED ESPLORATE: 

ANALISI DELLE ESIGENZE E DELLE OPPORTUNITÀ 

SVILUPPO DI CONTENUTI EDUCATIVI IN VR/AR: VALUTAZIONE IMPATTO CONTENUTI INTERATTIVI IN REALTÀ VIRTUALE O AUMENTATA PER FACILITARE LA FORMAZIONE DEL PERSONALE. QUESTI POTREBBERO INCLUDERE SIMULAZIONI DI SITUAZIONI DI LAVORO, PROCEDURE OPERATIVE, E CASI STUDIO INTERATTIVI. 

PIATTAFORMA PER LA FORMAZIONE VR/AR: VALUTAZIONE IMPATTO PIATTAFORMA DEDICATA CHE CONSENTA AI DIPENDENTI DI ACCEDERE AI CONTENUTI DI FORMAZIONE VR/AR. QUESTA PIATTAFORMA POTREBBE ESSERE ACCESSIBILE ATTRAVERSO DISPOSITIVI VR O AR DEDICATI O TRAMITE APPLICAZIONI SU DISPOSITIVI MOBILI. 

SUPPORTO ALLA CLIENTELA: UTILIZZO DI AR PER SEMPLIFICARE E MIGLIORARE LA COMUNICAZIONE CON I CLIENTI.",non_ai
NON_AI,"IMPLEMENTAZIONE DI UN PROGRAMMA DI SVILUPPO INNOVATIVO PER IL POSIZIONAMENTO STRATEGICO DELL'AZIENDA. UN'ORGANIZZAZIONE AZIENDALE EFFICIENTE SARÀ PROPEDEUTICA ALLA RIVISITAZIONE DI BUSINESS E REVENUE MODEL, GARANTENDO L'INTEGRAZIONE DEI PROCESSI, LA DEFINIZIONE E L'AMPLIAMENTO DELLA GAMMA DI PRODOTTI/SERVIZI E LA DIVERSIFICAZIONE DEL BUSINESS. QUESTO ATTRAVERSO L'APPLICAZIONE DI NUOVI METODI ORGANIZZATIVI NELLE PRATICHE COMMERCIALI, RIDEFINIZIONE DELLE STRATEGIE E L'INDIVIDUAZIONE DI STAKEHOLDER PER PROGETTI INNOVATIVI ATTRAVERSO ATTIVITÀ DI OPEN INNOVATION. IL PROGETTO IMPLICHERÀ: ANALISI DEL BUSINESS MODEL ATTUALE PER VERIFICARE LE ESIGENZE DI UPGRADE E INDIVIDUARE I MIGLIORAMENTI PER ATTUARE LA STRATEGIA; PUBBLICHE RELAZIONI E RICERCA DI INVESTIMENTI PUBBLICI E PRIVATI PER IL SOSTEGNO ALLA RICERCA E ALL'INNOVAZIONE; STRATEGIE DI COMUNICAZIONE E MARKETING, IN CHIAVE INNOVATIVA; PROGETTAZIONE E MANAGEMENT AZIENDALE; RICERCA PER L'INNOVAZIONE TECNOLOGICA, SOCIALE ED AMBIENTALE; INTEGRAZIONE DI SISTEMI INNOVATIVI E TECNOLOGICI NELL'AMBITO DELLO SVILUPPO DI SERVIZI E PRODOTTI (REALTÀ VIRTUALE, REALTÀ AUMENTATA, ETC)",non_ai
NON_AI,L'innovatività del progetto avrà la capacità di rafforzare la posizione della impresa nel mercato essendo una tecnologie ancora poco utilizzata e in generale solo da grandi imprese strutturate. Inoltre permetterà all'impresa di approcciare nuovi mercati proponendo progetti immersivi in realtà virtuale. Anche il rafforzamento dei nuovi servizi legati alla economia circolare e il rating ESG permetteranno di rafforzare la posizione della società nel mercato dello sviluppo sostenibile e di favorire l'ingresso in nuovi mercati delle imprese medio piccole.,non_ai
NON_AI,"Recentemente l'azienda ha acquisito la certificazione 45001 per la sicurezza. Per gestirla si è reso necessario utilizzare il software GEKOS, che è un?applicazione utilizzata per gestire e monitorare le attività di manutenzione e assistenza tecnica in vari contesti. GEKOS consente di pianificare e gestire la manutenzione preventiva su attrezzature, macchinari e impianti. Aiuta a evitare guasti improvvisi e a prolungare la vita utile degli asset. Il software tiene traccia delle risorse disponibili, inclusi i materiali di ricambio, gli strumenti e il personale. Ciò aiuta a ottimizzare l?utilizzo delle risorse e a garantire che siano disponibili quando necessario. In sintesi, GEKOS è uno strumento completo per gestire e ottimizzare le operazioni di manutenzione e assistenza tecnica in modo efficiente e sistematico.",non_ai
NON_AI,"Il corso mira partendo da zero a sviluppare le quattro capacità linguistiche di base (lingua parlata, ascolto, lettura, scrittura) con particolare enfasi posta nella sicurezza e nella scioltezza della comunicazione orale a portare l'allievo a essere capace di proporsi agli altri e di conoscere gli altri, capaci di raccontare il passato e parlare del presente e del futuro immediato.\nIl percorso sviluppa nei discenti le capacità di comunicare in ambito lavorativo, attraverso gruppi omogenei in funzione della professione svolta, a diversi livelli con i clienti, i collaboratori, il personale delle aziende partner ed i fornitori.\nL'approccio metodologico è diretto a mettere gli studenti in condizioni di agire in situazioni reali, esprimersi e portare a termine compiti di vita quotidiana, creando situazioni verosimili con l'utilizzo di materiali e software appositamente selezionati per ottenere una simulazione e contestualizzazione didattica in un ambiente di vera e propria realtà virtuale.\nIl programma del corso prevede l'insegnamento dei contenuti definiti nel CEFR (Quadro comune europeo di riferimento per la conoscenza delle lingue)  per il livello B1.",non_ai
NON_AI,"Il corso mira partendo da zero a sviluppare le quattro capacità linguistiche di base (lingua parlata, ascolto, lettura, scrittura) con particolare enfasi posta nella sicurezza e nella scioltezza della comunicazione orale a portare l'allievo a essere capace di proporsi agli altri e di conoscere gli altri, capaci di raccontare il passato e parlare del presente e del futuro immediato.\nIl percorso sviluppa nei discenti le capacità di comunicare in ambito lavorativo, attraverso gruppi omogenei in funzione della professione svolta, a diversi livelli con i clienti, i collaboratori, il personale delle aziende partner ed i fornitori.\nL'approccio metodologico è diretto a mettere gli studenti in condizioni di agire in situazioni reali, esprimersi e portare a termine compiti di vita quotidiana, creando situazioni verosimili con l'utilizzo di materiali e software appositamente selezionati per ottenere una simulazione e contestualizzazione didattica in un ambiente di vera e propria realtà virtuale.\nIl programma del corso prevede l'insegnamento dei contenuti definiti nel CEFR (Quadro comune europeo di riferimento per la conoscenza delle lingue)  per il livello B1.",non_ai
NON_AI,"KAIROS3D, AZIENDA PIEMONTESE ATTIVA DA OLTRE 10 ANNI NELLA PROGETTAZIONE 3D, HA SVILUPPATO NEGLI ULTIMI ANNI UNA FORTE EXPERTISE NELLA REALIZZAZIONE DI TECNOLOGIE DI ALTISSIMO LIVELLO CON DIVERSE TIPOLOGIE DI APPLICAZIONI: IN PARTICOLARE HA ALL’ATTIVO PRESTIGIOSI PROGETTI INTERNAZIONALI IN AMBITO DI TRAINING REALIZZATO CON METODOLOGIE IMMERSIVE E CON TECNOLOGIE LEGATE ALLA VIRTUAL REALITY, OLTRE CHE COLLABORAZIONI DI LIVELLO IN AMBITO DI VISUALIZZAZIONE 3D DI IMPIANTI E MACCHINARI INDUSTRIALI. KAIROS3D HA DIMOSTRATO NEGLI ANNI UN OTTIMO POTENZIALE, TESTIMONIATO ANCHE DALLA CRESCITA COMPLESSIVA DELLA COMPETIZIONE, IN AMBITO INDUSTRIALE E NON. KAIROS3D MIRA A SVILUPPARE ULTERIORMENTE IL BRAND, PER COMUNICARE I TRATTI DISTINTIVI DELLA PROPRIA OFFERTA, E AD APRIRSI A NUOVI MERCATI. PER RAGGIUNGERE TALI OBIETTIVI L’AZIENDA HA INDIVIDUATO NEL DIGITAL MARKETING L’AREA DI SVILUPPO PRIORITARIA. PER QUESTO HA SCELTO DI DOTARSI DI UN PIANO STRATEGICO E OPERATIVO, CON LA DEFINIZIONE E IL MONITORAGGIO CONTINUATIVO DI OBIETTIVI, PER COMUNICARE IN MANIERA COSTANTE TRAMITE I CANALI DIGITALI.",non_ai
NON_AI,"un’

Esperienza immersiva attraverso escursioni guidate, laboratori didattici sulla biodiversità, lezioni di cucina tradizionale con ingredienti locali, e l'utilizzo della realtà aumentata (AR",non_ai
NON_AI,"CONSULENZA DI ANALISI: IDENTIFICAZIONE OBIETTIVI, STUDIO DEL MERCATO E CONCORRENZA, DEFINIZIONE DEL PUBBLICO TARGET ATTRAVERSO BUYER PERSONAS, FOCUS SULLA SEO E L'USABILITÀ DEL SITO.
PIANIFICAZIONE DELLA STRATEGIA: 
DEFINIZIONE DI OBIETTIVI PER LA STRATEGIA DI DIGITAL MARKETING. CONSULENZA SU PIANO EDITORIALE, SOCIAL MEDIA E ALTRE PIATTAFORME. CONSULENZA PER STRATEGIA DI  MARKETING DIGITALE, INCLUSO L'UTILIZZO DI SISTEMI AUTOMATIZZATI.
CONSULENZA PER LA MODELLAZIONE 3D DEGLI IMMOBILI E RAPPRESENTAZIONI TRIDIMENSIONALI 3D PER APPLICAZIONI CON CON REALTÀ AUMENTATA
CONSULENZA PER CREARE UN'ESPERIENZA UTENTE CONNESSA ALLA STRATEGIA DI SOCIAL MEDIA E CONTENT MARKETING.
MONITORAGGIO DELLE PERFORMANCE:
ANALISI DEL FLUSSO UTENTI, CONSULENZA SULLA RACCOLTA DI FEEDBACK PER MIGLIORAMENTI CONTINUI.
REPORTISTICA E VALUTAZIONE:
ANALISI DEI RISULTATI RISPETTO AGLI OBIETTIVI, VALUTAZIONE DELL'EFFICACIA DELLA STRATEGIA E ADATTAMENTI BASATI SUI FEEDBACK RICEVUTI PER UN PROGRESSO CONTINUO VERSO GLI OBIETTIVI AZIENDALI.
APPLICAZIONE DI NUOVI METODI ORGANIZZATIVI NELLE PRATICHE COMMERCIALI
APPLICAZIONE DI NUOVI METODI NELLE STRATEGIE DI GESTIONE AZIENDALE
APPLICAZIONE DI NUOVI METODI NELL’ORGANIZZAZIONE DEL LUOGO DI LAVORO",non_ai
NON_AI,"Il Progetto ""PALEOTWIN"" mira a creare una piattaforma digitale focalizzata sulla costruzione di un repository 
centrale per la gestione e il recupero di materiali digitali legati al patrimonio culturale del museo Capellini. 
Questo archivio centralizzato supporterà vari formati di fruizione digitale (testi, audio, ricostruzioni 3d, 
ricostruzioni in AR e VR), inclusi percorsi personalizzabili basati su logiche semantiche, per facilitare l'accesso 
e la fruizione anche agli utenti con disabilità. Il progetto include l'implementazione di una modalità 
""gamificata"" e funzionalità immersive per un'esperienza di realtà aumentata (AR) e virtuale (VR), permettendo interazioni avanzate con reperti archeologici e ambienti 3D.",non_ai
NON_AI,"Sviluppare uno strumento di edutainment dedicato alle istituzioni culturali, utilizzando la CGI (Computer Generated Imagery) per creare ambienti immersivi con applicazioni di Realtà Aumentata e Realtà Mista.
Il format definisce la struttura della sceneggiatura di gioco definendo ruoli e azioni lungo il percorso proposto all’utente. Sarà adattabile a diversi contesti (arte, archeologia, scienze) e sarà testato attraverso un prototipo sviluppato con il Museo Friulano di Storia Naturale. L’idea è che gli utenti, utilizzando un tablet, possano interagire con ambienti virtuali che riproducono le condizioni della nostra Regione nel periodo Neolitico (7000 anni fa). Con l'organizzazione di  focus group e incontri pubblici, si testeranno le funzionalità dello strumento, il grado di coinvolgimento degli utenti e la capacità di trasmettere informazioni e conoscenze.
Obiettivo primario è far vivere l’esperienza senza alcuna discriminazione di tipo cognitivo o tecnologico.",non_ai
NON_AI,"IL PROGETTO SI ARTICOLERÀ IN DUE TEMI: 
1.	IMPLEMENTAZIONE INVESTIMENTI PER LA TRANSIZIONE TECNOLOGICA E DIGITALE 
-	NUOVO ERP EVOLUTO
-	DIGITALIZZAZIONE PROCESSI E FASI DI APPROVAZIONE
-	CYBERSECURITY
-	COLLAUDO AUTOMATICO DI FINE LINEA
-	DIGITAL MOCK-UP
-	REALTÀ AUMENTATA PER L’ASSISTENZA TECNICA

2.	IMPLEMENTAZIONE NUOVI METODI NELLE STRATEGIE DI GESTIONE AZIENDALE
-	DEPLOYMENT STRATEGIE DI SVILUPPO DELLA DIREZIONE IN OBIETTIVI PER LA GESTIONE PROCESSI
-	INDICATORI ED OBIETTIVI DEI PROCESSI AZIENDALI
-	CRUSCOTTO INDICATORI E STRATEGIE PER ANTICIPO DERIVE",non_ai
NON_AI,"L'iniziativa si propone di progettare e realizzare uno spazio collaborativo ad impatto sociale, che connetta la comunità alle esigenze del mercato del lavoro e generi trasformazione sul territorio. Si tratta di un luogo di apprendimento non formale rivolto a giovani (dai 14 ai 35 anni) oltre che a professionisti e aziende, dove sperimentare tecnologie, accrescere competenze digitali e nuovi modi di tessere relazioni sociali. Sarà uno spazio aperto a tutti, nel quale accedere alle tecnologie digitali e nuove interfacce (ad es. coding, stampa 3D, virtual reality, AI…), a tecnologie per la fabbricazione digitale (Servizi di prototipazione e assemblaggio, learning by doing) e per riprese video. I bisogni sociali, ossia la necessità di rigenerare il quartiere e il complesso dell’ex-Cremeria, il bisogno di affrontare il disagio giovanile post-pandemia e la questione lavorativa per una fetta della popolazione, collegati all’opportunità di avere uno spazio in cui insistono da tempo servizi dedicati alla fascia giovanile da rifunzionalizzare, hanno portato alla presente proposta.Essa consentirà alla comunità di sviluppare il legame tra il fenomeno della digitalizzazione e forme di sostegno sociale definendosi come spazio collaborativo che si fa anche realtà imprenditoriale a var",non_ai
NON_AI,Tecnologie di realtà aumentata e virtuale per l'integrazione di nuovi contenuti di servizio,non_ai
NON_AI,"TRASFLUID S.P.A. È UN’AZIENDA CHE DA SEMPRE RAPPRESENTA UN PUNTO DI RIFERIMENTO NEL SETTORE DELLE TRASMISSIONI INDUSTRIALI E MARINE E DEI LORO COMPONENTI. MIGLIAIA DI CLIENTI HANNO SCELTO I PRODOTTI TRASFLUID PER LE APPLICAZIONI PIÙ SVARIATE E IMPEGNATIVE SIA NEL SETTORE INDUSTRIALE CHE IN QUELLO MARINO. 
L’AZIENDA È PREDISPOSTA ALL’AVVIO UN PROCESSO DI TRASFORMAZIONE DIGITALE E TECNOLOGICA, PERTANTO SI PONE L’OBIETTIVO DI ACQUISIRE MAGGIORI CONOSCENZE E COMPETENZE PER COGLIERE LE OPPORTUNITÀ OFFERTE DALLA DIGITALIZZAZIONE. PER LA REALIZZAZIONE DEL PROGETTO SONO PREVISTE ATTIVITÀ DI AFFIANCAMENTO DI UN MANAGER QUALIFICATO VOLTE ALL’ACQUISIZIONE, DA PARTE DELL’AZIENDA, DI COMPETENZE INERENTI ALL’INTEGRAZIONE ALLE COSIDDETTE ""TECNOLOGIE IMMERSIVE"", CON PARTICOLARE RIFERIMENTO ALLA REALTÀ VIRTUALE (VR) E ALLA REALTÀ AUMENTATA (AR), CHE POSSONO SVOLGERE UN RUOLO INTERESSANTE NEL CAMPO DELLE APPLICAZIONI MANAGERIALI E DELLA PRODUZIONE. DOPO AVER ANALIZZATO LE TECNOLOGIE E I LORO USI ATTUALI NEL CONTESTO INDUSTRIALE, GESTIONALE E PRODUTTIVO, IL PROGETTO PRENDE IN ESAME DUE DIRETTIVE NEL CAMPO DELLA PROGETTAZIONE, SU CUI LA REALTÀ AUMENTATA HA POSSIBILITÀ DI APPLICAZIONE: FORMAZIONE E RAZIONALIZZAZIONE DELLE OPERAZIONI PER LA PROGETTAZIONE.",non_ai
NON_AI,"I.M.P.A. S.p.a. svolge attività di estrusione di lastre e bobine in vari materiali termoplastici. La spinta del mercato all’utilizzo di materie prime seconde   verso un'economia circolare ed efficiente e le richieste dei clienti di prodotti ad alto contenuto di polimero rigenerato, ha posto la problematica di processare quantità sempre maggiori di materiale riciclato, mantenendo invariate la qualità e le caratteristiche tecniche del prodotto, nel rispetto dei parametri ambientali. Anche in prospettiva di certificarsi Plastica Seconda Vita, l'impresa realizzerà una reingegnerizzazione del processo di estrusione, investendo in un impianto di estrusione (denominato dall’azienda Linea 9) dotato di cambia-filtro a flusso continuo con l’obiettivo di sostituire la materia prima vergine con plastica riciclata e permettere di trattare maggiori volumi di end of waste con un minore consumo di materia prima e scarti tendenti allo zero . La re-ingenerizzazione del processo verrà completata con l’installazione di un interfaccia MES ed una progettazione ingegneristica di tutti i sistemi e i sottosistemi utili a predisporre l’integrazione di elementi di machine learning per l’adozione di un sistema di controllo qualità in tempo reale che possa soddisfare le esigenze di produzione.",non_ai
NON_AI,"Nel 2049, in un mondo prossimo e distopico, Élite è la realtà virtuale dove la gente si rifugia
per vivere la quotidianità, e ritrovare abitudini e sensazioni ormai perdute a causa
dell’assoggettamento alle nuove tecnologie.
Nel mondo reale, parte della popolazione infatti, è stata sostituita da androidi che svolgono
compiti e mansioni tipicamente umane.
Al di fuori di Élite, l’umano vive in case completamente automatizzate, complete di ogni
comfort, e può comprarsi un nuovo corpo altamente performante, ma niente ormai riesce a
renderlo davvero felice.",non_ai
NON_AI,"IL RUOLO DEGLI ADVANCED ANALYTICS. DESCRIZIONE ED OBIETTIVI DEL PROGETTO(6): È MOLTO IMPORTANTE CHE PIANIFICAZIONE E CONTROLLO DI GESTIONE SIANO ATTIVITÀ CONTINUATIVE NEL TEMPO, MA CIÒ NON SIGNIFICA CHE DEBBANO ESSERE EFFETTUATE SEMPRE NELLO STESSO MODO, SOPRATTUTTO SE, SE NE PUÒ AUMENTARE L'EFFICACIA E LE PERFORMANCE, UTILIZZANDO GLI ADVANCED ANALYTICS E GLI STRUMENTI INNOVATIVI AD ESSI COLLEGATI. OLTRE CHE FORTEMENTE INTERCONNESSE, TALI ATTIVITÀ SONO ANCHE PARTICOLARMENTE DIREZIONE GENERALE PER GLI INCENTIVI ALLE IMPRESE 6 VIM-2_01132173 COMPLESSE E CHI SE NE OCCUPA SI TROVA AD AFFRONTARE SFIDE LEGATE ALLA STRUTTURA O ALL'OPERATIVITÀ DELL'AZIENDA, SFIDE “FISIOLOGICHE” MA CHE POSSONO TROVARE UNA RISPOSTA NELLA DIGITAL TRANSFORMATION. UN PRESUPPOSTO IMPORTANTE PER POTER SFRUTTARE AL MEGLIO I VANTAGGI DELLA DATA SCIENCE NELLA PIANIFICAZIONE E CONTROLLO DI GESTIONE È LA PRESENZA DI PERSONE CON UN BACKGROUND CHE LI RENDA IN GRADO DI INTERAGIRE CON L'AMBIENTE DI PREDICTIVE ANALYTICS. SI RENDE QUINDI NECESSARIA UNA TRASFORMAZIONE CULTURALE CHE PORTI L'AZIENDA A DOTARSI AD ESEMPIO DI UN DATA SCIENTIST E ANCHE DI DATA ANALYST CAPACI, CIASCUNO IN UNA PARTICOLARE AREA DI BUSINESS, DI ESTRARRE DAI DATI TREND E INSIGHTS UTILI NEL SINGOLO CONTESTO. OBIETTIVO DEL PROGETTO E' QUINDI QUELLO DI",non_ai
NON_AI,"IL PROGETTO ""CULTURAL EXPLORER VR"" VUOLE INNOVARE L'ESPLORAZIONE DEI BENI CULTURALI ATTRAVERSO UN'ESPERIENZA DI REALTÀ VIRTUALE (VR) ARRICCHITA DALLA POTENZA DELL'INTERNET OF THINGS (IOT).
L'OBIETTIVO È OFFRIRE AGLI UTENTI UN’ESPLORAZIONE IMMERSIVA E INTERATTIVA DI SITI STORICI, MUSEI E OPERE D'ARTE, COMBINANDO IL MONDO VIRTUALE CON DATI IOT. L’IDEA PROGETTUALE PREVEDE LA REALIZZAZIONE DI UN’ESPERIENZA CHE INTEGRI SENSORISTICA DI VARIO TIPO PER MODIFICARE IN REAL-TIME LA SIMULAZIONE 3D E PER ESTENDERE LE PERCEZIONI SENSORIALI DELL’UTENTE. IN
PARTICOLARE, VORREMMO INTEGRARE SISTEMI DI RILEVAZIONE DI PARAMETRI AMBIENTALI (UMIDITÀ, TEMPERATURA, LUCE) DEI SITI DI INTERESSE PER POI MODIFICARE DINAMICAMENTE LA RAPPRESENTAZIONE GRAFICA DI CIÒ CHE VIENE OSSERVATO TRAMITE HMD. INOLTRE VORREMMO CORREDARE L’ESPERIENZA CON DISPOSITIVI IOT CHE EMULINO ODORI E SUONI AMBIENTALI SPAZIALIZZATI (SENSI CHE NORMALMENTE
NON VENGONO CONSIDERATI RILEVANTI) E CON DEVICES CHE POSSANO ABILITARE L’INTERAZIONE TRAMITE GESTURES E/O COMANDI VOCALI. LA SIMULAZIONE SARÀ COOPERATIVA E L'INTERAZIONE E LE DISCUSSIONI SARANNO QUINDI SUPPORTATE DA DATI IOT CONDIVISI. IL PROGETTO MIRA A INCREMENTARE:
ACCESSIBILITÀ GLOBALE
APPRENDIMENTO IMMERSIVO
PROMOZIONE DEL TURISMO CULTURALE",ai
NON_AI,"LA FINALITÀ DEL PROGETTO È QUELLA DI FAVORIRE L’INTRODUZIONE NEGLI ATTUALI PROCESSI DI PROGETTAZIONE E PRODUZIONE DI MACCHINE SPECIALI PER IL SETTORE AEROSPAZIALE, AERONAUTICO E AUTOMOBILISTICO DI PROCESSI DI PROTOTIPAZIONE RAPIDA E AR-VR (AUGMENTED REALITY-VIRTUAL REALITY)
IL PROGETTO PREVEDE LE SEGUENTI AZIONI:
1.	ANALI DEI REQUISITI FUNZIONALI E TECNOLOGICI DELLE PARTICOLARI MACCHINE CHE L’AZIENDA ATTUALMENTE PRODUCE E DELLE RELATIVE PROBLEMATICHE IN FASE DI PROGETTAZIONE. IN PARTICOLARE:
A.	ANALISI DELLE PROBLEMATICHE DI PROGETTAZIONE DEL MACCHINARIO E DI COMPONENTI PARTICOLARMENTE COMPLESSI CHE RICHIEDONO COSTI ELEVATI IN FASE DI REALIZZAZIONE DI PROTOTIPI CON TECNOLOGIE STANDARD
B.	ANALISI DELLE PROBLEMATICHE DI PROGETTAZIONE DI PARTICOLARI E COMPONENTI GEOMETRICAMENTE COMPLESSI E DI PARTI ASSEMBLATE CHE RICHIEDONO IMPORTANTI E ONEROSE OPERAZIONI DI PROGETTAZIONE CAD E QUINDI ELEVATI COSTI
2.	ANALISI ED INDIVIDUAZIONE DELLE TECNOLOGIE DI PROTOTIPAZIONE RAPIDA E DEI RELATIVI MATERIALI UTILIZZABILI CHE CONSENTANO DI OTTENERE PROTOTIPI DELLE PARTI E DEI COMPONENTI RISPONDENTI ALLE SPECIFICHE DI PROGETTO
3.	ANALISI ED INDIVIDUAZIONE DEI PROCESSI DIGITALI DI REALTÀ VIRTUALE (RV) E REALTÀ AUMENTATA (RA) CHE PERMETTANO DI PROGETTARE VIRTUALMENTE I COMPONENTI ED I SISTEMI COMPLESS",non_ai
NON_AI,"D-FRIENDLY - Il presente progetto si inserisce nell’ottica di valorizzare il patrimonio culturale della città di Macerata e di promuovere il benessere sociale, cognitivo ed emotivo degli anziani attraverso esperienze culturali immersive e accessibili. Si propone di potenziare AND - Arti Native Digitali (polo di ricerca allestito all’interno dell’ex mercato delle erbe di Macerata), creando un ambiente innovativo e coinvolgente focalizzato sulla produzione e fruizione di contenuti multimediali culturali di ultima generazione, quali la realtà virtuale (VR), la realtà aumentata (AR) e il videomapping, specificamente destinati a un pubblico anziano.",non_ai
NON_AI,"Il corso mira partendo da zero a sviluppare le quattro capacità linguistiche di base (lingua parlata, ascolto, lettura, scrittura) con particolare enfasi posta nella sicurezza e nella scioltezza della comunicazione orale a portare l'allievo a essere capace di proporsi agli altri e di conoscere gli altri, capaci di raccontare il passato e parlare del presente e del futuro immediato.  \nIl percorso sviluppa nei discenti le capacità di comunicare in ambito lavorativo, attraverso gruppi omogenei in funzione della professione svolta, a diversi livelli con i clienti, i collaboratori, il personale delle aziende partner ed i fornitori.\nL'approccio metodologico è diretto a mettere gli studenti in condizioni di agire in situazioni reali, esprimersi e portare a termine compiti di vita quotidiana, creando situazioni verosimili con l'utilizzo di materiali e software appositamente selezionati per ottenere una simulazione e contestualizzazione didattica in un ambiente di vera e propria realtà virtuale.\nIl programma del corso prevede l'insegnamento dei contenuti definiti nel CEFR (Quadro comune europeo di riferimento per la conoscenza delle lingue)  per il livello B1.",non_ai
NON_AI,Tecnologie di realtà aumentata e virtuale per l'integrazione di nuovi contenuti di servizio,non_ai
NON_AI,"La nuova tecnologia che si intende acquisire:  Sistemi e tecnologie per la fornitura di Servizi Innovati I4.0 farà sì che lo studio tecnico possa inserirsi in una fascia di mercato sempre più attenta all'Innovazione e alla ricerca di Professionisti dotati ed abilitati all'uso di tali tecnologie. L'obbiettivo, a brevissimo, è quello di fornire un servizio tecnologicamente avanzato che potrà sicuramente soddisfare una moltitudine di esigenze. E a breve, entro 10/15 mesi con successivo investimento, migliorare l'offerta anche con l'introduzione di servizi di Realtà Aumentata. Oggi più che ieri la competitività è essenziale per mantenere e aumentare il mercato di riferimento.  L'attuale investimento, ed anche i successivi, fanno parte di un settore all'avanguardia ed in continuo sviluppo nell'ambito del rilevamento topografico. La nuova tecnologia, che si andrebbe ad acquisire,",non_ai
NON_AI,"OBIETTIVI
Il progetto afferisce alla tematica TECNICHE O TECNOLOGICHE DI MIGLIORAMENTO E SVILUPPO DELLE ATTIVITÀ PRODUTTIVE AZIENDALI individuata fra le premianti nellAvviso 2 2023 ed e finalizzato a fornire competenze specifiche per effettuare la manutenzione preventiva e correttiva delle macchine utilizzate nelle attivita agricole cosi da mantenere in buone condizioni le attrezzature, ridurre i costi di manutenzione e garantire il miglioramento e, laddove possibile, un ulteriore sviluppo delle attivita produttive aziendali. 
Nello specifico, lobiettivo del corso e quello di favorire lapprofondimento dei vari tipi di macchinari utilizzati in campo agricolo, delle loro funzioni e del loro ruolo nei processi agricoli, il trasferimento delle procedure di base per la manutenzione regolare e straordinaria delle macchine agricole al fine di prevenire guasti e prolungare la durata operativa dei macchinari, lacquisizione di competenze pratiche per diagnosticare e risolvere eventuali problemi tecnici che possono verificarsi sui macchinari agricoli, internalizzando il piu possibile gli interventi finora esterni, lattivazione di competenze per la lavorazione dei metalli funzionale alla ...",non_ai
NON_AI,"LA CONSULENZA PROPOSTA MIRA A POTENZIARE LA PRESENZA DIGITALE DI SPAZIO SCHIATTI ATTRAVERSO LO STUDIO E L’OTTIMIZZAZIONE UN PROGRAMMA DI DIGITAL MARKETING MULTI-CANALE. IL FOCUS SARÀ SULL'IDENTIFICAZIONE DI TARGET PERSONAS, COMPRESI PRIVATI IN FASE DI ACQUISTO O RISTRUTTURAZIONE CASA E PROFESSIONISTI DEL SETTORE IMMOBILIARE E ARCHITETTURA D'INTERNI, SIA IN ITALIA CHE ALL'ESTERO.
ATTRAVERSO UN FOCUS APPROFONDITO DI MERCATO, L'OBIETTIVO SARÀ CREARE UN FUNNEL DI VENDITA INTEGRATO. SARANNO IDEATE INIZIATIVE DI DIGITAL MARKETING SU PIATTAFORME MIRATE X MASSIMIZZARE LA VISIBILITÀ DI SPAZIO SCHIATTI NEI MERCATI DI RIFERIMENTO. LA DIGITALIZZAZIONE DEL PROCESSO DI VENDITA SARÀ CENTRALE, CANALIZZANDO I CLIENTI ATTRAVERSO UNA CUSTOMER JOURNEY SIA ONLINE CHE OFFLINE.
IL PROGETTO PREVEDE LA RACCOLTA E IL CONSOLIDAMENTO DI DATI ESSENZIALI COME PREVENTIVI, VENDITE E POST-VENDITA IN MODO DA POTER ANALIZZARE DATI DETTAGLIATI E OTTIMIZZARE LE FUTURE STRATEGIE.  PARALLELAMENTE, LA CONSULENZA SUPPORTERÀ LO STUDIO E L’ANALISI DI STRUMENTI DI REALTÀ VIRTUALE CHE CONSENTIRANNO AI CLIENTI DI VISUALIZZARE IDEE E PROGETTI IN MODO COINVOLGENTE E INTERATTIVO. LA REALTÀ VIRTUALE AGGIUNGERÀ UN LIVELLO DI INNOVAZIONE E COINVOLGIMENTO, DIFFERENZIANDO LA SOCIETÀ DALLA CONCORRENZA E MIGLIORANDO L'ESPERIENZA.",non_ai
NON_AI,"Il progetto, unico nel suo genere, si pone come obiettivo la creazione di una proposta sperimentale di servizio che sfrutta le nuove tecnologie digitali per creare esperienze immersive che valorizzino e tutelino il patrimonio artistico, storico e architettonico. 
In esso lo spettatore sostituirà il silenzio, la staticità e la lontananza con un’esperienza di realtà aumentata, immersiva acustica e visiva direttamente vissuta attraverso l’uso del proprio smartphone e di apposite cuffie, nel pieno rispetto del luogo. Una nuova proposta di conoscenza nei confronti del monumento funebre inteso come simbolo di storia europea e vissuto nella sua interezza, attraverso un dialogo virtuale e immersivo in situ. 
L’obiettivo è di inserire il cimitero monumentale di Reggio Emilia all’interno della rete europea dei cimiteri monumentali, dell’Association of Significant Cemeteries in Europe (ASCE), dell’European cemeteries route, the cultural route of the Council of Europe, rivalutandolo all’interno del territorio reggiano, regionale, nazionale ed europeo. 
Un servizio che tutela il patrimonio, lo digitalizza e lo valorizza offrendo una nuova e coinvolgente esperienza di visita.",non_ai
NON_AI,"Il progetto prevede la creazione di un gestionale e app associata per lo sviluppo della community
per giochi di carte collezionabili o e-sport. Abbiamo una rete già attiva da 2 anni a questa parte che coinvolge più di 3.000 giocatori ogni anno. Ad oggi non vi è un apparato digitale che appaghi le esigenze dei progetti che vorremmo andare a sviluppare. L’idea è di creare un gestionale che non solo organizzi i tornei ma che sviluppi anche una rete di ranking e punteggi su scala nazionale.
Questo sistema sarà alla base di tornei locali, regionali e nazionali che al momento stiamo già
gestendo. Questo gestionale comunicherà con l’ app che fornirà iscrizioni, informative, risultati ed abbinamenti. Nelle fasi successive è previsto l’utilizzo di un sistema di Ai per gli algoritmi nella
composizione ed analisi dei mazzi dei giocatori nelle varie tipologie di giochi di carte collezionabili. Ed incrementare il tutto con possibilità di realtà aumentata per visualizzare carte in formato animato.",ai
NON_AI,Realtà Virtuale Per La Fase Di Design Review E Presentazione Di Prodotto,non_ai
NON_AI,"VISIO È UNA STARTUP INNOVATIVA CHE OPERA NEL MERCATO DELLA MODA, MIGLIORANDO LA USER EXPERIENCE DEI PROPRI CLIENTI ATTRAVERSO L'INNOVATIVA REALTÀ AUMENTATA IMMERSIVA. IL SUO MARKETPLACE ECOMMERCE PROPONE L’UTILIZZO DI UN CAMERINO VIRTUALE PER PROVARE CAPI D’ABBIGLIAMENTO, ELEVANDO LO STANDARD DELLO SHOPPING ONLINE. 
LA CONSULENZA MIRA A COSTRUIRE UNA SOLIDA STRATEGIA DI DIGITAL MARKETING PER PROMUOVERE QUESTA PIATTAFORMA. IL PIANO SI ARTICOLERÀ ATTRAVERSO L'ANALISI DEL PUBBLICO DI RIFERIMENTO PER PROPORRE UNA COMUNICAZIONE MIRATA E L'OTTIMIZZAZIONE DEL POSIZIONAMENTO DEL BRAND COME SOLUZIONE INNOVATIVA NEL MERCATO ONLINE DELLA MODA. LA CONSULENZA SI SVILUPPERÀ INOLTRE INTORNO A CAMPAGNE MIRATE SUI SOCIAL MEDIA PER AUMENTARE LA VISIBILITÀ E L’ENGAGMENT, L'ADOZIONE DI TECNICHE SEO E SEM PER MIGLIORARE LA VISIBILITÀ ONLINE E LO SVILUPPO DI CONTENUTI CREATIVI ED INFORMATIVO SUL FUNZIONAMENTO DEL CAMERINO VIRTUALE. LA STRATEGIA PREVEDE, INOLTRE, UN MONITORAGGIO COSTANTE DELLE METRICHE DI SUCCESSO, CON L'OBIETTIVO DI PERFEZIONARE CONTINUAMENTE LE AZIONI DI MARKETING PER GARANTIRE IL MASSIMO RITORNO SULL'INVESTIMENTO.",non_ai
NON_AI,"CONSULENZA SPECIALISTICA PER IL MIGLIORAMENTO E L'INNOVAZIONE DEI PROCESSI DI  SVILUPPO TECNICO, OPERATIONS E COMMERCIALE, PER LA MESSA A TERRA PRATICA DELLA STRATEGIA DIREZIONALE DI MULMIX.

OBIETTIVO DELLA DIREZIONE  È DI TRASFORMARE L'AZIENDA PER UNA MAGGIORE ADERENZA ALLE OPPORTUNITÀ DI MERCATO, MINIMIZZANDO I COSTI INTERNI ATTRAVERSO L'APPLICAZIONE DI TOOLS DIGITALI 4.0 QUALI PER L'ANALISI DEI DATI, I SISTEMI DI  REALTÀ VIRTUALE (RV) IN FASE DI PROGETTAZIONE E L'INTEGRAZIONE E SVILUPPO DIGITALE DEI PROCESSI AZIENDALI OPERATIONS E COMMERCIALE CON ANCHE PROGRAMMI DI OPEN INNOVATION.

OPEREREMO CON DUE TEAM DI LAVORO IN CONTEMPORANEA, UFFICIO TECNICO/OPERATIONS E COMMERCIALE, AL FINE DI INNOVARE IN MODO PROFONDO I DUE PILASTRI PORTANTI DELL'AZIENDA.

PREVEDIAMO UN RISULTATO MISURABILE IN TERMINI DI MIGLIORAMENTO DELLE PERFORMANCE OPERATIONS E UFFICIO TECNICO E, A VALLE, DI QUELLE COMMERCIALI, PERCHÈ QUESTO PERCORSO DEVE PRODURRE  UNA REALE INNOVAZIONE DEL MODELLO DI BUSINESS",non_ai
NON_AI,"Il Servizio si propone la definizione di un innovativo sistema di disidratazione fanghi provenienti dalle lavorazioni della pietra progettato in ottica Industria 4.0, dotato di sensori per raccogliere dati sul funzionamento, fermi macchina, guasti ecc. atti a costruire un efficace sistema di manutenzione preventiva dei propri componenti al fine di ottimizzare il processo produttivo del cliente.",non_ai
NON_AI,"Il progetto d’investimento proposto riguarda l’avvio di un nuovo servizio da offrire sul mercato. CMNEXT è un’impresa femminile nata nel 2024, con a cuore la passione per le nuove tecnologie, che crede nella
possibilità di creare benessere e gestire il dolore fisico e mentale in modo diverso e innovativo. In particolare, CMNEXT ha iniziato ha realizzare un servizio di supporto alla terapia del dolore, attraverso l'utilizzo delle tecnologie di realtà aumentata e immersiva che si andranno ad affiancare alla medicina tradizionale. L’obiettivo è quello di creare delle esperienze coinvolgenti e mirate, in base all’età ed alla patologia/trauma, che aiutino a gestire il dolore e superare il trauma. Sono percorsi di sviluppo personale monitorati, basati su realtà virtuale e tecniche di gamification. Gli investimenti prevedono la realizzazione delle esperienze per i pazienti, il portale di accesso ai servizi, l’hardware per offrire un’esperienza di realtà aumentata a 360° (visore). Il mondo della RV ha un potenziale molto elevato e la stessa medicina la utilizza già da tempo anche in sala operatoria.",non_ai
NON_AI,"La Cravedi Produzioni Immagini è stata costituita nel 1992 da tre soci, Prospero Cravedi, storico fotografo di Piacenza e i due figli Gianni ed Ettore, producendo filmati e video su diversi aspetti della cronaca locale documentando dagli anni ‘60 tutti gli avvenimenti più importanti della vita culturale, politica e sociale di Piacenza
È proprio in virtù di questo lavoro quotidiano, che la Cravedi Produzioni Immagini oggi possiede un patrimonio di foto e video molto importante
Lo scopo di questo progetto è quello di salvare e rendere fruibile questo patrimonio che altrimenti rischierebbe di andare disperso, mediante investimenti in nuove tecnologie informatiche, che porti alla creazione di un archivio sia ad uso interno che esterno
Ciò sarà possibile mediante la realizzazione di una infrastruttura tecnologica sicura e affidabile che sia in grado di conservare il materiale digitale presente e quello futuro
Successivamente, grazie alla digitalizzazione, si vuole arrivare alla realizzazione di prodotti e servizi che possano rendere fruibile l’archivio nell’ottica di una valorizzazione di questo patrimonio, tramite la realtà aumentata, la realizzazione un Sito di vendita delle immagini e l'utilizzo del materiale per realizzare mostre, libri, documentari e prodotti televisivi",non_ai
NON_AI,"obiettivo del progetto è applicare in maniera innovativa la gamification alle tre dimensioni del modello IMB. Invece di focalizzarsi, come mostra la letteratura, su interazioni di gioco a sempre più alto impatto interattivo (realtà virtuale, action game mono-tematici, giochi di simulazione, …), si intende limitare la scelta a poche semplici meccaniche che possono essere combinate facilmente per adattarsi a una molteplicità di scopi, patologie, target.",non_ai
NON_AI,"L'obiettivo di METAMOUTH è quello di rendere sostenibile l'accesso alle nuove tecnologie previste dall'utilizzo del METAVERSO. Realtà aumentata, condivisione e interazione tra esseri umani in spazi virtuali sono temi che da futuristici sono ormai reali e tangibili.
METAMOUTH vuole creare il primo vero spazio condiviso virtuale, utilizzabile come se fosse una fiera virtuale perpetua, un co-working sempre aperto dove ogni piccola impresa può avere il proprio spazio di promozione, interazione e personalizzazione dei contenuti. Il METAVERSO si propone di essere il nuovo ""sito-web"" e molto altro ancora. Stessa sensibilità sarà adottata anche verso i fruitori, in particolare verso le fasce più fragili economicamente, realizzando un supporto in cartone eco-compatibile sul quale applicare il proprio smartphone per poter accedere con costi contenuti a questi nuovi spazi virtuali",non_ai
NON_AI,"Il progetto proposto mira a valorizzare il presente attraverso il recupero delle memorie del passato,
promuovendo un turismo ambientale, culturale e gastronomico della Martesana, verso una crescita
inclusiva capace di coinvolgere territori, comunità e Comuni rivieraschi.
L’innovazione diventa lo strumento più efficace per creare una connessione autentica con
l&#39;ambiente, garantendo una fruizione più consapevole del patrimonio territoriale e una migliore
accessibilità dei contenuti.
La messa in rete e in digitale del patrimonio culturale servirà a creare un vero e proprio ecosistema
a servizio di tutti. Si prevederà di realizzare:
piattaforma web multilingua arricchita da video 360, per offrire un&#39;esperienza online informativa ed
immersiva con tecnologia brevettata per persone con divere abilità;
web app con realtà aumentata (AR), che aggiunge elementi visivi all&#39;esperienza reale attraverso
oggetti 3D interattivi;
podcast che trasmettono aneddoti sull&#39;identità territoriale e gastronomica della Martesana
archivio digitale online, per conservare la memoria e trasmettere il patrimonio culturale nel tempo.
Il progetto coinvolge utenti come residenti, turisti green e slow, segmento fondamentale che ha
conosciuto una crescita subito dopo la pandemia, facilitatori ecomusea",non_ai
NON_AI,"Definizione progettuale sul piano tecnico e dell’innovazione (max 1000 caratteri):
Il progetto si propone di creare un centro estetico innovativo e all’avanguardia che oltre a erogare servizi di estetica di 
base possa offrire al cliente anche trattamenti avanzati di alta qualità con l’utilizzo di tecnologie di ultima generazione 
nell’ottica di un approccio esperienziale finalizzato a migliorare il benessere della persona. Il target di riferimento e sia 
femminile che maschile. La diversificazione dell’offerta rispetto ai servizi del territorio punta all’utilizzo di macchinari 
e apparecchiature specifiche e innovative che garantiscono la competitività di mercato dell’impresa: dai device di 
realtà aumentata per prospettare i risultati degli interventi estetici ai recenti modelli di laser al diodo, strumenti per 
la crioterapia, radiofrequenza e terapia a LED. I trattamenti di bellezza riguarderanno varie tipologie di servizi 
riguardanti la pelle e il corpo, avendo come target anche i pazienti oncologici. Inoltre saranno utilizzati prodotti naturali 
del territorio a sancire un’ulteriore caratterizzazione della qualità del servizio in senso di naturalezza e sostenibilità 
ambientale.",ai
NON_AI,"“IMMERSIONE RUPESTRE. Vivi l'emozione della preistoria con gli antichi camuni!”, realizzato da Voilà Società Cooperativa in accordo con Fondazione Valle dei Segni, in qualità di ente promotore del sito UNESCO 94 Arte rupestre della Valle Camonica, è un progetto di innovazione del metodo di fruizione del sito UNESCO e, al contempo, di valorizzazione del patrimonio storico, culturale, ambientale e turistico-artigianale che lo circonda.

Gli obiettivi principali del progetto sono tre:

Emozione e coinvolgimento: attraverso l’applicazione di tecnologie innovative, il progetto punta ad arricchire la visita del sito UNESCO di un’esperienza emozionale e coinvolgente, che lasci il segno e funga da gancio e veicolo verso nuovi visitatori: un percorso di scoperta immersivo, in realtà virtuale, che porti gli utenti in un viaggio nella preistoria, aggiungendo un nuovo elemento emozionale alla visita al Sito (per un prevalente utilizzo in situ, per via della scelta di fruizione tramite l’utilizzo di visori stand alone, sarà utilizzabile anche in altre location per azioni di promozione spot in ambientazioni quali eventi, fiere, etc.).

Inclusività e accessibilità: nuove audioguide multilingue, videoguide LIS e ASL per ognuno dei parchi rupestri permetteranno di ampliare il pubblico che può fru",ai
NON_AI,"Progetti di ricerca e sviluppo di Mpmi e Midcap, Bando 2 Progetti di ricerca e sviluppo di Mpmi e Midcap, Bando 2 InTelligenza aRtificiAle nell’industria tessile MAde in Italy",non_ai
NON_AI,"IL PROGETTO PREVEDE L'ATTIVITA' DI CONSULENZA FINALIZZATA ALLA REALIZZAZIONE DI ESPERIENZE IMMERSIVE E INTERATTIVE NELL'AMBITO DIGITAL MARKETING E DEI SERVIZI DI PROMOZIONE. TALE CONSULENZA CONSENTIRA' DI INDIVIDUARE LE SOLUZIONI TECNOLOGICHE E INNOVATIVE FINALIZZATE ALLO SVILUPPO DI APPLICAZIONI E CONTENUTI  BASATI SULLA REALTÀ AUMENTATA E VIRTUALE.   LA MISSION DEL PROGETTO SARÀ SVILUPPARE MEDIANTE LA CONSULENZA PRODOTTI INNOVATIVI DOTATI DI ELEVATA ACCESSIBILITA, REPLICABILITÀ E FACILITÀ DI UTILIZZO. L'OBIETTIVO E' INDIVIDUARE SOLUZIONI TECNOLOGICHE DA APPLICARE A TRE SPECIFICHE UNIT:
- SOLUTION, RIVOLTA AD IMPRESE E PROFESSIONISTI, OFFRE SOLUZIONI TECNICHE PER LA CUSTOMIZZAZIONE E PERSONALIZZAZIONE DI BENI E SERVIZI. - PROMOTION, RIVOLTA SIA ALLE IMPRESE CHE ALLA PUBBLICA AMMINISTRAZIONE, CON SOLUZIONI INNOVATIVE PER LA COMUNICAZIONE, LA PROMOZIONE E IL MARKETING - ATTRACTION, MEDIANTE ATTIVITÀ ESPERIENZIALI E CULTURALI SVILUPPATE CON SOLUZIONI AD ALTO CONTENUTO INNOVATIVO  APPLICATE NELL'AMBITO DEI SERVIZI TURISTICI.",ai
NON_AI,"Come sopra detto l'impego del nuovo sistema di rilevamento GNSS completo di accessori d'uso, software dedicato, corsi di formazione all'uso dello stesso amplia la propria offerta di servizi alla clientela nel campo del rilevamento topografico mediante GNSS prima deficitario.
L'uso del software ACCA CERTUS PN aggiornato alla versione attuale consente di poter acquisire commesse nel campo di ponteggi prima non gestibili in modo ottimale
L'uso del modulo software ACCA Edificius RTBIM+VRIBIM) consente di gestire la Simulazione Virtuale (renderizzazione) dei progetti, la gestione della Realtà Aumentata (Realtà Virtuale Immersiva).
Le nuove funzionalità del software ANALIST 2025 consentono di gestire meglio le  ""Nuvole di Punti""
Nel complesso l'uso delle suddette attrezzature migliora le capacità di acquisire commesse di lavoro in branche prima scarsamente o per nulla offerte.",non_ai
NON_AI,"Il progetto mira a valorizzare l’importanza storica del Monte San Michele, utilizzando tecnologie e strumenti digitali concepiti per ampliare e potenziare l’offerta divulgativa verso tutte le possibili tipologie di visitatori.
A tal fine, si propone la realizzazione di una app mobile di Audioguida e di nuovi contenuti immersivi in Realtà Virtuale. A corredo delle attività verrà sviluppato il nuovo sito web del Museo.
L’app di Audioguida sarà progettata secondo i più attuali criteri nel campo dell’usabilità. Essa sarà fruibile in italiano e inglese, e supporterà in particolare l’esperienza di visita da parte di categorie di destinatari svantaggiati e di scuole e gruppi turistici. L’app accompagnerà gli utenti attraverso le varie aree del museo, consentendo di approfondire la conoscenza dei reperti esposti e delle tematiche correlate. I visitatori potranno scaricarla e installarla sui propri smartphone; saranno inoltre disponibili in sede dispositivi con app pre-installata.",ai
NON_AI,"Il progetto prevede la realizzazione di:
-un portale web multilingue in cui ricevere le richieste effettuate dai clienti e fornire in risposta un preventivo di spesa, 
- un software di progettazione automatico che processerà i dati ricevuti, calcolerà la struttura e l’impianto, realizzerà i disegni e la lista dei materiali necessari per la produzione e 
- un’applicazione di realtà aumentata che utilizzerà i dati inseriti nel portale per produrre una visualizzazione 3D dell’impianto.
I 3 sotto progetti sono strettamente interconnessi; il portale acquisisce tutti i dati necessari, il software li elabora per arrivare a poter partire con la produzione dell’impianto e l’applicazione AR consente all’utilizzatore finale di visualizzare l’impianto prima dell'acquisto.",non_ai
NON_AI,"Il progetto applica tecnologie digitali all'avanguardia alla gestione e fruizione del museo, per renderle più accessibili. Si prevede la creazione di una App Mobile del Museo che offrire contenuti multimediali, la creazione di una Digital Library, la creazione di QR Code per esplorare immagini e contenuti di quanto fisicamente non esposto, la realizzazione di alcuni punti di realtà aumentata, la con stampa 3D di riproduzioni di oggetti per esplorazione tattile, l’installazione di due totem touch interattivi. Il progetto mira a rendere le risorse e le attività proposte, accessibili a pubblici più ampi possibile, con soluzioni che garantiscano un'esperienza museale in diverse lingue e l'adozione di design intuitivi, navigabili e WCAG compliant. I risultati attesi dal progetto includono un incremento significativo nel numero di visitatori e nella qualità della loro esperienza di visita e la promozione del museo come punto di riferimento culturale a livello regionale e internazionale.",non_ai
NON_AI,"L'AZIENDA SI SERVIRA' DELLA CONSULENZA SPECIALISTICA DI UN MANAGER DELL'INNOVAZIONE QUALIFICATO, INDIPENDENTE E INSERITO TEMPORANEAMENTE, CON UN CONTRATTO DI CONSULENZA DI DURATA DI 12 MESI, NELLA STRUTTURA ORGANIZZATIVA DELL’IMPRESA, AL FINE DI INDIRIZZARE E SUPPORTARE L'AZIENDA STESSA NEL PROPRIO PERCORSO DI RAZIONALIZZAZIONE DEI PROCESSI PRODUTTIVI, AL FINE DELL'AMPLIAMENTO DEI MERCATI TARGET E UNA MAGGIORE EFFICIENZA NELL'EROGAZIONE DEI SERVIZI. IL MANAGER SVOLGERÀ ATTIVITÀ CONSULENZIALI PER LA COLLAZIONE DI BIG DATA , IMPLEMENTAZIONE REALTÀ VIRTUALE, SVILUPPO INTERNET OF THINGS AL SERVIZIO DELL'AZIENDA, ELABORAZIONE STRATEGIA DIGITAL MARKETING E RAZIONALIZZAZIONE PROCESSO ORGANIZZATIVO, ATTRAVERSO L’APPLICAZIONE DI UNA O PIÙ DELLE TECNOLOGIE ABILITANTI PREVISTE DALLA MISURA.",ai
NON_AI,"IL PROGETTO RIGUARDERÀ LA CONSULENZA SPECIALISTICA SU SISTEMI DI VISUALIZZAZIONE, REALTÀ VIRTUALE (RV) E REALTÀ AUMENTATA (RA) APPLICATI AL MONDO DELLA PANIFICAZIONE AL FINE DI GARANTIRE LA TRASPARENZA TOTALE SUI PROCESSI PRODUTTIVI UNITAMENTE AL TRAMANDARE LA STORIA E CULTURA DELLA PANIFICAZIONE TRADIZIONALE COLLEGATA AL PANE DI ALTAMURA, CON LA CORRETTA INFORMAZIONE SU OFFERTA PRODOTTI E RELATIVE PROPRIETÀ NUTRACEUTICHE MIRATO AD UN MANGIAR SANO GRAZIE ALLE NUOVE TECNOLOGIE. IL PROGETTO RIGUARDERÀ LA CONSULENZA SULLA PROGETTAZIONE DI UN SISTEMA DI VISUALIZZAZIONE VIRTUALE INNOVATIVO REAL-TIME DEL PANIFICIO, CHE CONSENTIRÀ DI DETERMINARE SIA LA CARBON FOOTPRINT E DI FORNIRE TRASPARENZA NEI PROCESSI PRODUTTIVI SFRUTTANDO I FLUSSI INFORMATIVI REAL-TIME DEI MACCHINARI 4.0 INSTALLATI NEL PANIFICIO. INOLTRE, L’UTENTE POTRÀ COMPRENDERE STORIA, CONOSCERE E APPRENDERE TRADIZIONI E METODO SUI PROCESSI DI PANIFICAZIONE DEL PANE DI ALTAMURA E AVERE UNA CORRETTA INFORMAZIONE SULLE PROPRIETÀ NUTRACEUTICHE DI OGNI SINGOLO PRODOTTO UNITAMENTE AD UN APPROCCIO SUL CORRETTO MANGIAR SANO, GRAZIE AD INNOVATIVE INTERFACCE INCLUSIVE PER LA FRUIZIONE DEI CONTENUTI ANCHE DA PARTE DI PERSONE IPOVEDENTI E CIECHI, CONSENTENDO COSÌ LA SCOPERTA DEI CONTENUTI SENZA BARRIERE.",non_ai
NON_AI,"Il corso mira partendo da zero a sviluppare le quattro capacità linguistiche di base (lingua parlata, ascolto, lettura, scrittura) con particolare enfasi posta nella sicurezza e nella scioltezza della comunicazione orale a portare l'allievo a essere capace di proporsi agli altri e di conoscere gli altri, capaci di raccontare il passato e parlare del presente e del futuro immediato.\nIl percorso sviluppa nei discenti le capacità di comunicare in ambito lavorativo, attraverso gruppi omogenei in funzione della professione svolta, a diversi livelli con i clienti, i collaboratori, il personale delle aziende partner ed i fornitori.\nL'approccio metodologico è diretto a mettere gli studenti in condizioni di agire in situazioni reali, esprimersi e portare a termine compiti di vita quotidiana, creando situazioni verosimili con l'utilizzo di materiali e software appositamente selezionati per ottenere una simulazione e contestualizzazione didattica in un ambiente di vera e propria realtà virtuale.\nIl programma del corso prevede l'insegnamento dei contenuti definiti nel CEFR (Quadro comune europeo di riferimento per la conoscenza delle lingue)  per il livello B1",non_ai
NON_AI,Tecnologie di realtà aumentata e virtuale per l'integrazione di nuovi contenuti di servizio,non_ai
NON_AI,"CONSULENZA SPECIALISTICA PER IL MIGLIORAMENTO E L'INNOVAZIONE DEI PROCESSI DI  SVILUPPO TECNICO, OPERATIONS E COMMERCIALE, PER LA MESSA A TERRA PRATICA DELLA STRATEGIA DIREZIONALE DI MULMIX.

OBIETTIVO DELLA DIREZIONE  È DI TRASFORMARE L'AZIENDA PER UNA MAGGIORE ADERENZA ALLE OPPORTUNITÀ DI MERCATO, MINIMIZZANDO I COSTI INTERNI ATTRAVERSO L'APPLICAZIONE DI TOOLS DIGITALI 4.0 QUALI PER L'ANALISI DEI DATI, I SISTEMI DI  REALTÀ VIRTUALE (RV) IN FASE DI PROGETTAZIONE E L'INTEGRAZIONE E SVILUPPO DIGITALE DEI PROCESSI AZIENDALI OPERATIONS E COMMERCIALE CON ANCHE PROGRAMMI DI OPEN INNOVATION.

OPEREREMO CON DUE TEAM DI LAVORO IN CONTEMPORANEA, UFFICIO TECNICO/OPERATIONS E COMMERCIALE, AL FINE DI INNOVARE IN MODO PROFONDO I DUE PILASTRI PORTANTI DELL'AZIENDA.

PREVEDIAMO UN RISULTATO MISURABILE IN TERMINI DI MIGLIORAMENTO DELLE PERFORMANCE OPERATIONS E UFFICIO TECNICO E, A VALLE, DI QUELLE COMMERCIALI, PERCHÈ QUESTO PERCORSO DEVE PRODURRE  UNA REALE INNOVAZIONE DEL MODELLO DI BUSINESS",non_ai
NON_AI,"Il processo produttivo della società è inefficiente a causa dell’obsolescenza dell’impianto di chiarificazione delle acque e disidratazione dei fanghi. Problemi principali includono performance insufficiente, ciclo di lavoro non ottimale, elevato utilizzo idrico, lunghi tempi di manutenzione, eccessivo volume di scarti e alto consumo energetico. Per risolvere queste criticità, il progetto prevede l’acquisto dell’impianto Mini Compact M 3.1 Premium, che rappresenta un'importante innovazione. Questo nuovo impianto gestisce in modo integrato la chiarificazione dell’acqua e la disidratazione dei fanghi, migliorando l'efficienza produttiva attraverso un circolo chiuso per il riciclo dell'acqua depurata, riducendo il consumo idrico e la sollecitazione dei macchinari. Ciò diminuisce i tempi di manutenzione e prolunga la vita degli utensili. La gestione integrata riduce il volume di scarti e rifiuti, eliminando l'uso eccessivo di sacchi e imballaggi e diminuendo i trasporti per lo smaltimento. Dotato di tecnologie avanzate e automatizzate, l'impianto ottimizza il consumo energetico e, grazie alla digitalizzazione, consente un monitoraggio continuo e una gestione a distanza delle operazioni, migliorando la manutenzione preventiva e la risposta agli incidenti.",non_ai
NON_AI,"INTRAVIDES È UN’AZIENDA CHE SI OCCUPA DI PROGETTARE E COMMERCIALIZZARE SOLUZIONI TECNOLOGICHE EVOLUTE DA APPLICARE ALLA CHIRURGIA DELL’UOMO E DEGLI ANIMALI. 

NELL’AMBITO DEL PROGETTO SI DESIDERA VALUTARE LE OPPORTUNITÀ ED EFFETTUARE LE SCELTE ORGANIZZATIVE, TECNICHE, E DI PROCESSO, ORIENTATE O FINALIZZATE AL TROVARE UNA SOLUZIONE PERFORMANTE PER UTILIZZARE LE NUOVE TECNOLOGIE IN SALA OPERATORIA, IN PARTICOLARE RIGUARDANTI LA PIANIFICAZIONE CHIRURGICA. 

L’INNOVAZIONE SI CONCENTRERÀ SULL’ANALISI VOLTA ALL’INDIRIZZO DI SVILUPPO COL FINE DI TROVARE LE PIÙ EFFICACI METODOLOGIE DI RICOSTRUZIONE TRIDIMENSIONALE DEI TESSUTI DURI, SEGMENTANDO PARTI CLINICAMENTE RILEVANTI. QUESTO CONSENTIRÀ UNA PIANIFICAZIONE PRE-OPERATORIA DETTAGLIATA PER L'APPLICAZIONE DI VITI E PROTESI NELLE PROCEDURE DI CHIRURGIA SPINALE E ORTOPEDICA. 

QUESTA INNOVAZIONE CONSENTIRÀ AI CHIRURGHI DI VISUALIZZARE IN DETTAGLIO LE STRUTTURE ANATOMICHE, MIGLIORANDO PRECISIONE E PERSONALIZZAZIONE DELLE PROCEDURE. LA DISTRIBUZIONE DEL MODELLO 3D IN UN FORMATO COMPATIBILE CON IL NOSTRO SOFTWARE DI VISUALIZZAZIONE IN REALTÀ AUMENTATA SEMPLIFICHERÀ L'ADOZIONE DA PARTE DEGLI OPERATORI SANITARI, MIGLIORANDO L'EFFICIENZA COMPLESSIVA NEI PROCESSI CHIRURGICI.",non_ai
NON_AI,"Roncucci&Partners da 23 anni eroga alle imprese servizi di consulenza a supporto della competitività aziendale e dell’internazionalizzazione.
Negli ultimi anni ha rilevato la crescente attenzione verso le nuove tecnologie,AI,BIG DATA,Tecnologie Immersive in primis,ed ha maturato la convinzione che per le PMI italiane sia ormai necessario integrare tali tecnologie nei processi operativi e commerciali.
Il progetto si pone l’obiettivo di dotare Roncucci&Partners delle competenze necessarie a consolidare la piattaforma DIGISUITE: la piattaforma,attualmente in fase di rilascio, permetterà ai clienti di Roncucci&Partners di interagire con interlocutori distribuiti nel mondo attraverso la tecnologia immersiva delle realtà virtuale e della realtà aumentata. Tra le funzionalità previste la manutenzione predittiva sui gemelli digitali e gli strumenti di generazione e lettura dei dati attraverso le tecnologie dei big data e dell’AI.
La piattaforma porterà Roncucci&Partners ad una trasformazione digitale che integrerà le nuove tecnologie in un nuovo modello di business. Il progetto descrive il percorso e le modalità con cui Roncucci&Partners intende acquisire competenze ritenute indispensabili per questa trasformazione, attraverso un team di esperti che la supporteranno lungo il pe",ai
NON_AI,"Il progetto “VICEVERSA: Walls Watcher” intende valorizzare, attraverso l’utilizzo di tecnologie innovative 
come il 5G, i Visori per la realtà aumentata (VR) i droni e le telecamere a 360°, un Forte facente parte del 
sistema delle cinte murarie della città di Genova, “osservando” con le nuove tecnologie di oggi, una 
testimonianza preziosa della storia passata",non_ai
NON_AI,"OBIETTIVO GENERALE:IL PROGETTO AMBISCE A RIVOLUZIONARE INCANTOUR SRL ATTRAVERSO L'ADOZIONE DI PROGRAMMI DI OPEN INNOVATION E DIGITAL MARKETING. L'OBIETTIVO È POTENZIARE IL BRAND E AMPLIARE LA PORTATA COMMERCIALE, SFRUTTANDO LE TECNOLOGIE DIGITALI PER VALORIZZARE E PROMUOVERE LE ESPERIENZE DI TURISMO CULTURALE UNICHE OFFERTE DALL'AZIENDA.
PROGRAMMI DI OPEN INNOVATION  PARTNERSHIP STRATEGICHE:
INSTAURARE COLLABORAZIONI CON START-UP TECNOLOGICHE, UNIVERSITÀ E CENTRI DI RICERCA PER INTEGRARE NUOVE TECNOLOGIE, COME LA REALTÀ AUMENTATA, NEI TOUR CULTURALI.
CREAZIONE DI UN ECOSISTEMA DI INNOVAZIONE CHE COINVOLGA GUIDE TURISTICHE, ESPERTI DI CULTURA LOCALE E ARTISTI PER SVILUPPARE NUOVI FORMAT DI ESPERIENZE TURISTICHE.
LABORATORI CREATIVI E WORKSHOP:
ORGANIZZAZIONE DI EVENTI DI BRAINSTORMING E WORKSHOP PER GENERARE IDEE INNOVATIVE SU COME MIGLIORARE E DIVERSIFICARE L'OFFERTA TURISTICA CULTURALE.SPERIMENTAZIONE DI NUOVI STRUMENTI DIGITALI E PIATTAFORME INTERATTIVE PER ARRICCHIRE LE ESPERIENZE CULTURALI.
PROGRAMMI DI DIGITAL MARKETING
STRATEGIE DI BRANDING DIGITALE:
SVILUPPO DI UNA FORTE IDENTITÀ DI MARCA CHE SOTTOLINEI L'UNICITÀ DELLE ESPERIENZE CULTURALI OFFERTE, UTILIZZANDO TECNICHE DI STORYTELLING DIGITALE ATTRAVERSO BLOG, VIDEO E SOCIAL MEDIA.",non_ai
NON_AI,"LA SOCIETÀ SI PROPONE DI INNOVARE RADICALMENTE IL PROPRIO BUSINESS NEL CAMPO DELLA RISTORAZIONE, E ORGANIZZAZIONE DI CERIMONIE. A TAL FINE SI È PERCIÒ DECISO DI PIANIFICARE UNA PROFONDA ATTIVITÀ DI AMMODERNAMENTO, IN CHIAVE TECNOLOGICO-DIGITALE, DEI PROCESSI CONOSCITIVI, E DI COMUNICAZIONE, CORRELATI ALLA GESTIONE DELLA LOCATION PER EVENTI “CENACOLO”, PREVIO COINVOLGIMENTO DELLE COMPETENZE SPECIALISTICHE ESTERNE, IDENTIFICATE NELLA PERSONA DI JOHNNY HUGNOT. NELLA FATTISPECIE, SI TRATTA DI UN MANAGER DELL’INNOVAZIONE QUALIFICATO INSCRITTO NELL’APPOSITO ELENCO MINISTERIALE. A TALE PROFESSIONISTA, ESPERTO IN PROGETTAZIONE, SVILUPPO DI SOLUZIONI TRIDIMENSIONALI, E DI REALTÀ VIRTUALE VR, NONCHÉ DI ELABORAZIONE DI OTTIMALI STRATEGIE DI MARKETING, VERRÀ AFFIDATA LA GENERALE OPERA DI TRASFORMAZIONE DEL SERVIZIO OFFERTO.
L’OBIETTIVO DELLA PRESENTE PROPOSTA CONSULENZIALE VERTERÀ NON SOLO SULLA COMPLESSIVA VIRTUALIZZAZIONE DEI MECCANISMI DI VISITA ALLE AMPIE AREE (INTERNE, ED ESTERNE) DI PERTINENZA DELLA STRUTTURA IL “CENACOLO”, MA ANCHE SULLA FORMULAZIONE DI UN APPROCCIO IDONEO A TRASMETTERE LE CARATTERISTICHE DI PREGEVOLEZZA, E ORIGINALITÀ, DEI LUOGHI, NELLA MANIERA PIÙ EFFICACE POSSIBILE, ONDE RAGGIUNGERE OGNI TIPO DI UTENZA, A PRESCINDERE DALL’ETÀ, SESSO, O LIVELLO DI ESTRAZIONE.",non_ai
NON_AI,"LE AREE DELLA PIANIFICAZIONE E CONTROLLO DI GESTIONE DEVONO ESSERE ATTIVITA' CONTINUATIVE NEL TEMPO MA CON UN CONTINUO AGGIORNAMENTO DELLE STESSE PER MIGLIORARNE LE PERFORMANCE. UTILIZZANDO GLI ADVANCED ANALYTICS E GLI STRUMENTI INNOVATIVI AD ESSI COLLEGATI, TALI ATTIVITA' OLTRE CHE FORTEMENTE INTERCONNESSE SONO ANCHE COMPLESSE, E CHI SE NE OCCUPA SI TROVA AD AFFRONTARE SFIDE LEGATE ALLA STRUTTURA O ALL'OPERATIVITÀ DELL'AZIENDA, SFIDE FISIOLOGICHE CHE POSSONO TROVARE UNA RISPOSTA NELLA DIGITAL TRASFORMATION. UN PRESUPPOSTO IMPORTANTE PER POTER SFRUTTARE AL MEGLIO I VANTAGGI DELLA DATA SCIENCE NELLA PIANIFICAZIONE E CONTROLLO DI GESTIONE E' LA PRESENZA DI PERSONE CON UN BACKGROUND CHE LI RENDA IN GRADO DI INTERAGIRE CON L'AMBIENTE DI PREDICTIVE ANALYTICS. SI RENDE QUINDI NECESSARIA  UNA TRASFORMAZIONE CULTURALE CHE PORTI L'AZIENDA A DOTARSI SIA DI UN DATA SCIENTIST SIA DI DATA ANALYTICS CAPACI, CIASCUNO IN UNA PARTICOLARE AREA DI BUSINNES DI ESTRARRE DATI TRAND E INSIGHTS UTILI NEL SINGOLO CONTESTO. OBIETTIVO DEL PROGETTO E' QUINDI QUELLO DI AVVALERSI DI CONSULENZE QUALIFICATE PER ACQUISIRE COMPETENZE SPECIFICHE IN AMBITO DATA ANALYSIS.",ai
NON_AI,"IL PROGETTO RIGUARDERÀ LA CONSULENZA SPECIALISTICA SU SISTEMI DI VISUALIZZAZIONE, REALTÀ VIRTUALE (RV) E REALTÀ AUMENTATA (RA) APPLICATI AL MONDO DELLA PROGETTAZIONE EDILE, CIVILE E INDUSTRIALI DELLA ERREFFE PROGETTI, SOCIETÀ DI INGEGNERIA, FINALIZZATA ALLA DEFINIZIONE, PROGETTAZIONE E INTRODUZIONE DI UN NUOVO CONCEPT DI PRESENTAZIONE/FRUIZIONE E CONDIVISIONE DI AMBIENTI DI PROGETTAZIONE. QUESTO NASCE DAL DOVER OFFRIRE UN AMBIENTE ALTAMENTE INNOVATIVO DI PROGETTAZIONE E PRESENTAZIONE DEI PROGETTI CHE CONIUGHI E INTEGRI REALTÀ MISTA E DIGITAL TWIN A SUPPORTO DELLE ATTIVITÀ SVILUPPATE DALLA ERREFFE PROGETTI. IL TUTTO A SUPPORTO DELLA DEFINIZIONE DI UN RIVOLUZIONARIO APPROCCIO INNOVATIVO DI INGEGNERIA SOSTENIBILE.",non_ai
NON_AI,"Il progetto è frutto del partenariato tra Particle (ICC), e la Riserva naturale Incisioni Rupestri di Ceto, Cimbergo e Paspardo o RNIR (Ldc). La finalità è quella di dotare l’Ldc di un nuovo strumento divulgativo digitale che trasformi l’utente in visitatore proattivo, offrendo esperienze digitali coinvolgenti che amplino l’offerta culturale, le modalità fruitive e il pubblico.
Per raggiungere questi obiettivi la RNIR adotterà l’app Particle (di seguito anche “App”), un’unica soluzione tecnologica che massimizza il potenziale divulgativo, plug&play (ovvero, pronta all’uso, già sviluppata, sul mercato) e facilmente integrabile sia nel percorso museale che nell’infrastruttura digitale esistente dell’Ldc. All’interno dell’app Particle verrà creato il livello digitale della RNIR che raccoglierà i contenuti dei suoi quattro siti (Museo Didattico, Foppe di Nadro, Capannine di Cimbergo e Paspardo) connettendoli grazie ad uno storytelling unitario più interattivo ed inclusivo. Particle svilupperà percorsi multimediali e interazioni in Realtà Aumentata (o AR) declinati in varie proposte divulgative personalizzabili per i diversi target fruitivi, che restituiranno uno sguardo inedito sul Patrimonio della RNIR. Grazie alla combinazione di approfondimenti multi-tematici, curiosità e contribu",non_ai
NON_AI,"La valorizzazione del territorio in ar, è un progetto con cui la società proponente si pone l’obiettivo di produrre documentari in realtà aumentata ed immersiva dei siti turistici e d'interesse Individuati neil'area Basiiicata Nord occidentale:- il sito archeologico di Torre di Satriano (Comune di Tito), l’Osservatorio Astronomico (Comune di Castelgrande), ii Ponte alla Luna (Comune di Sasso di Castalda), ii bosco Luceto e la cascate di Vallone del Tuorno (Comune di Savoia di Lucania), ii bosco Ralle (Comun di Satriano di Lucania), Ie Gole di Puzz gnunt nel Melandro (Comune di Vietri di Potenza), i Laghi di Monticchio (Comune di Atella), l’ Archeoparco del Basiieus (Comune dI Baragiano) e il monte Li Foj (Comune di Picerno). Detti documentari saranno diffusi in metaverso, la nuova modalità mediatica di facebook, su Youtube e sui siti web che la società metterà a disposizione.",non_ai
NON_AI,"IL PROGETTO CONSISTE NEL POTENZIAMENTO DI MARKO,IL NOSTRO PRODOTTO,PER OTTIMIZZARE L'EFFICIENZA DEI MANUTENTORI ATTRAVERSO LA REALTÀ AUMENTATA PER LA VISUALIZZAZIONE DI MANUALI SUGLI OGGETTI. STIAMO INTRODUCENDO FUNZIONALITÀ TRA CUI UN SISTEMA DI ANALISI PER MONITORARE LE PERFORMANCE DEI MANUTENTORI E GENERARE REPORT INTEGRATI NEI PROCESSI AZIENDALI.IL SISTEMA RACCOGLIERÀ DATI SU MARKO (ES. TEMPO INTERVENTO,ERRORI,PROBLEMI,MANUALI UTILIZZATI,DISPOSITIVI,POSIZIONE) CONDIVISI IN CLOUD CON CONNESSIONE SICURA.NELLA FASE SUCCESSIVA, IL SISTEMA ANALIZZERÀ E PRESENTERÀ I DATI, CONSENTENDO ALL'ADMIN DI FILTRARE E CONFRONTARE LE PERFORMANCE SU VARI CRITERI. LA DASHBOARD PER L'ANALISI DESCRITTIVA E PREDITTIVA INCLUDERÀ GRAFICI, TABELLE E MAPPE INTERATTIVE.MARKO MIRA AL MIGLIORAMENTO DEI PROCESSI AZIENDALI, TRA CUI LE ATTIVITÀ DI MANUTENZIONE INDUSTRIALE,ATTRAVERSO ANALISI DI DATI, IDENTIFICAZIONE DI PATTERN, ANOMALIE E TENDENZE, E L’USO DEL CLOUD COMPUTING OTTIMIZZANDO GESTIONE E ACCESSO AI DATI. IL SISTEMA FORNIRÀ REPORT E ALERT INVIANDO NOTIFICHE IN SITUAZIONI CRITICHE.MARKO FORNIRÀ COSÌ UN DETTAGLIO DELLE PERFORMANCE DEI MANUTENTORI, MIGLIORANDO L'EFFICIENZA OPERATIVA ATTRAVERSO LO SVILUPPO DIGITALE DEI PROCESSI AZIENDALI ATTRAVERSO IL CLOUD COMPUTING PER UNA GESTIONE OTTIMALE DEI DATI",ai
NON_AI,"Il progetto di 3MB si presenta come un catalizzatore fondamentale per rafforzare la posizione competitiva dell'impresa sul mercato esistente e per esplorare nuove opportunità in settori inesplorati. Attraverso l'implementazione di tecnologie avanzate come la Realtà Aumentata (AR), la Realtà Virtuale (VR) e la modellazione 3D, l'impresa è in grado di offrire soluzioni innovative e differenziate che attraggono l'attenzione dei clienti e li fidelizzano.
Il nostro approccio all'avanguardia non solo migliora l'esperienza dei clienti esistenti, ma apre anche la strada per l'ingresso in nuovi mercati. Le tecnologie AR/VR offrono un ampio spettro di applicazioni nei più svariati settori consentendo all'impresa di diversificare la sua offerta e di cogliere nuove opportunità di business.
Inoltre, la reputazione di innovazione e qualità derivante dalla realizzazione di progetti AR/VR e modelli 3D di alto livello potenzia la credibilità dell'impresa sul mercato, aprendo porte a partnership strategiche e collaborazioni con altre aziende.",non_ai
NON_AI,Tecnologie di realtà aumentata e virtuale per l'integrazione di nuovi contenuti di servizio,non_ai
NON_AI,"""L'obiettivo principale del progetto SMART MANUAL consiste nella creazione di una piattaforma innovativa e intelligente per la consultazione on-line e interattiva di procedure operative e check-list per la conduzione e la manutenzione di macchine e impianti industriali. 


La piattaforma abbina ad un’organizzazione strutturata delle procedure, dotata di regole per il riconoscimento automatico on-line dell’esecuzione dei diversi passi secondo la sequenza richiesta in termini di consensi e tempistica, tramite segnali acquisiti dal campo, una serie di """"smart agent"""" che attivano sessioni immersive di realtà aumentata (AR). Il loro scopo è quello di illustrare in modo approfondito agli operatori sul campo i vari passaggi procedurali presenti nelle procedure, facendo uso di una rappresentazione tridimensionale del contesto di riferimento.


In parallelo a questa funzionalità di realtà aumentata, il progetto si propone anche di sviluppare un applicativo """"smart check"""" che controlli on-line in tempo reale che ogni passo previsto all'interno di una procedura sia stato eseguito correttamente, rispettando tutti i vincoli ambientali.",ai
NON_AI,"Il progetto ?Nuovi Orizzonti? sarà in grado di:
- rafforzare la posizione dell?impresa nel mercato, rendendola più competitiva in quei filoni operativi in cui occorre essere, sempre di più, dotati di strumenti di ultima generazione (es. formazione, produzione tramite stampa additiva?) e in quantità necessarie per rispondere in maniera efficace alla domanda.
- favorire il suo ingresso in nuovi mercati, permettendo di proseguire i primi passi compiuti soprattutto nell?ambito della stampa 3D ad argilla per il restauro sottomarino (un?applicazione in forte crescita, su cui converge il lavoro di Università ed Enti di Ricerca) e nell?ambito della valorizzazione e dell?accessibilità del patrimonio culturale tramite visori per realtà virtuale e aumentata (anche in quest?ultimo caso abbiamo già contatti e richieste da parte degli stakeholder museali cittadini).",non_ai
NON_AI,Formazione oltre 24 ore in tema di robotica collaborativa,non_ai
NON_AI,"L'ATTIVITÀ DI CONSULENZA PREVISTA DAL PROGETTO DI ITACA SRL SARÀ FINALIZZATA ALLA RICERCA E ALLO STUDIO DI SOLUZIONI INNOVATIVE BASATE SULL'APPLICAZIONE DELLA REALTÀ AUMENTATA E VIRTUALE PER LA DEFINIZIONE DI PERCORSI FORMATIVI PROFESSIONALI. NELLO SPECIFICO LA CONSULENZA AVRÀ AD OGGETTO L'ANALISI DELLE FUNZIONALITÀ DEI VISORI CON APPLICAZIONE ALLE METODOLOGIE DIDATTICHE, L'OTTIMIZZAZIONE DELLE PERFORMANCE DELLE PIATTAFORME E DEI PROCESSI E IL LORO FUNZIONAMENTO, L'INDIVIDUAZIONE DELLE RISORSE TECNICHE E DELLE COMPETENZE E LA SCELTA DELLE TECNOLOGIE PIU' ADATTE AL SETTORE DELLA FORMAZIONE.  L'OBIETTIVO E' PIANIFICARE E SVILUPPARE CONTENUTI DIDATTICI INGAGGIANTI, EMOTIVI E FRUIBILI IN MANIERA SEMPLICE  E DA PARTE DI TUTTI, CON UNA VISIONE CHE CONSENTA DI FAVORIRE L'INTEGRAZIONE TRA I TRADIZIONALI METODI FORMATIVI CON L'INNOVAZIONE TECNOLOGICA, GENERANDO UN ESPERIENZA DI TRANING INNOVATIVA, CONVOLGENTE E ATTIVA.",ai
NON_AI,"IL PROGETTO PREVEDE IL COINVOLGIMENTO DEL TEAM PER LO SVILUPPO DEI PROCESSI DI INNOVAZIONE, TRASFORMAZIONE TECNOLOGICA E DIGITALE DELL'IMPRESA OLTRE CHE IL SUPPORTO AI PROCESSI DI AMMODERNAMENTO DEGLI ASSETTI GESTIONALI E ORGANIZZATIVI.  
IL PRESENTE PIANO PREVEDE I SEGUENTI INTERVENTI DA PARTE DEL TEM: 
- IMPLEMENTAZIONE STRATEGIA DI DIGITAL MARKETING E RE-BRANDING; 
- SUPPORTO ALL’IMPLEMENTAZIONE DI UN SISTEMA PROPRIETARIO DI REALTÀ AUMENTATA (RA);
- SUPPORTO ALLO SVILUPPO E APPLICAZIONE DI NUOVI METODI ORGANIZZATIVI NELLE PRATICHE COMMERCIALI, NELLE STRATEGIE DI GESTIONE AZIENDALE, NELL’ORGANIZZAZIONE DEL LUOGO DI LAVORO.",non_ai
NON_AI,"Il corso mira partendo da zero a sviluppare le quattro capacità linguistiche di base (lingua parlata, ascolto, lettura, scrittura) con particolare enfasi posta nella sicurezza e nella scioltezza della comunicazione orale a portare l'allievo a essere capace di proporsi agli altri e di conoscere gli altri, capaci di raccontare il passato e parlare del presente e del futuro immediato.  \nIl percorso sviluppa nei discenti le capacità di comunicare in ambito lavorativo, attraverso gruppi omogenei in funzione della professione svolta, a diversi livelli con i clienti, i collaboratori, il personale delle aziende partner ed i fornitori.\nL'approccio metodologico è diretto a mettere gli studenti in condizioni di agire in situazioni reali, esprimersi e portare a termine compiti di vita quotidiana, creando situazioni verosimili con l'utilizzo di materiali e software appositamente selezionati per ottenere una simulazione e contestualizzazione didattica in un ambiente di vera e propria realtà virtuale.\nIl programma del corso prevede l'insegnamento dei contenuti definiti nel CEFR (Quadro comune europeo di riferimento per la conoscenza delle lingue)  per il livello B1.",non_ai
NON_AI,"Il progetto mira a sfruttare le potenzialità delle tecnologie emergenti come la Realtà Aumentata (AR), il 5G e gli scanner 3D per creare esperienze culturali tridimensionali ad alto realismo, destinate a coinvolgere le istituzioni culturali e i cittadini. L’obiettivo è inoltre fornire ai musei e alle istituzioni strumenti per monitorare e preservare i reperti archeologici, permettendo di utilizzare scansioni 3D e di confrontare le versioni nel tempo per analizzare eventuali segni di degrado creando il primo vero digital twin di reperto scansionato.",non_ai
NON_AI,"Il progetto ha come obiettivo quello di sviluppare una soluzione di digitalizzazione integrata del Museo Mangini Bonomi, attraverso l’utilizzo dell’app Artplace, scaricabile gratuitamente negli Store sia in versione iOS che Android, e l'installazione di dispositivi beacon, con l’obiettivo di offrire nuove modalità di fruizione e nuovi format narrativi delle opere, delle collezioni e delle storie conservate all'interno del Museo. 
I visitatori saranno guidati nel percorso di visita del Museo, grazie alle informazioni multimediali veicolate dall’applicazione direttamente sui loro smartphone. Tour immersivo in realtà virtuale, riproduzione 3D di manufatti, contenuti audiovisivi di storytelling, fruiti attraverso l‘app, favoriranno la più ampia divulgazione del patrimonio e, allo stesso tempo, stimoleranno la riscoperta e l’approfondimento di argomenti e tematiche storiche, sociali e culturali.
Le finalità sono quelle di ampliare e potenziare la funzione espositiva del museo; migliorare l‘esperienza on site dei visitatori e offrire soluzioni di audience engagement nel pre e nel post visita; intercettare e coinvolgere nuovi pubblici; rafforzare l’accessibilità culturale e intellettiva dei contenuti.",non_ai
NON_AI,"IL PROGETTO ""CUCINA 4.0: INNOVAZIONE TECNOLOGICA NEI CORSI DI FORMAZIONE CULINARI"" PROPONE UNA TRASFORMAZIONE COMPLETA DEGLI INSEGNAMENTI CULINARI ATTRAVERSO L'INTEGRAZIONE DI TECNOLOGIE AVANZATE. L’INNOVATION MANAGER AVRÀ IL COMPITO DI ANALIZZARE E PROGETTARE UNA PIATTAFORMA SOFTWARE INNOVATIVA CHE AVRÀ COME REQUISITI FUNZIONALI L'USO DI REALTÀ VIRTUALE E AUMENTATA PER CONSENTIRE AGLI STUDENTI DI SIMULARE ESPERIENZE PRATICHE IN MODO INTERATTIVO. SARÀ PROGETTATA UN'APPLICAZIONE MOBILE DEDICATA CHE OFFRIRÀ TUTORIAL PERSONALIZZATI, QUIZ E CONTENUTI MULTIMEDIALI, CHE PROMUOVERÀ L'APPRENDIMENTO FLESSIBILE. LA TECNOLOGIA DI ANALISI DATI FORNIRÀ FEEDBACK IMMEDIATO PER MIGLIORARE LE ABILITÀ DEGLI STUDENTI. LEZIONI ONLINE IN TEMPO REALE CONNETTERANNO GLI STUDENTI CON CHEF GLOBALI. L’ANALISI E LA PROGETTAZIONE PRENDERÀ IN CONSIDERAZIONE L'USO DELLA BLOCKCHAIN PER TRACCIARE L'ORIGINE E LA QUALITÀ DEGLI INGREDIENTI, PROMUOVENDO LA TRASPARENZA E LA SOSTENIBILITÀ. INOLTRE IL MANAGER PROGETTERÀ UN SISTEMA DI CERTIFICAZIONI DIGITALI BASATE SULLA BLOCKCHAIN PER GARANTIRE LA VALIDITÀ DELLE COMPETENZE. IN DEFINITIVA, IL PROGETTO PUNTA A RENDERE L'ESPERIENZA FORMATIVA CULINARIA PIÙ AVANZATA, ACCESSIBILE E ALLINEATA ALLE ESIGENZE DELL'INDUSTRIA ALIMENTARE CONTEMPORANEA.",ai
NON_AI,"IL PROGETTO ""CITTÀ DIGITALI"" SI PROPONE DI DARE UN'ANIMA DIGITALE AD UN TERRITORIO SPECIFICO, QUELLO DELLE AREE URBANE E METROPOLITANE, CREANDO UNA REALTÀ VIRTUALE ONLINE PER AZIENDE E PROFESSIONISTI AL FINE DI PROMUOVERNE PRODOTTI E SERVIZI GRAZIE A VISITE INTERATTIVE IN 3D.
LA PARTITA, PER REALVIRT, SI GIOCA SUL CAMPO DELL'INNOVAZIONE, DELLA CREATIVITÀ E DELLA CAPACITÀ DI FORNIRE UN'ESPERIENZA CONVINCENTE E COINVOLGENTE PER I PROPRI CLIENTI (SIA B2B CHE B2C). 

AL FINE DI OTTENERE UNA MAGGIORE EFFICACIA E REALIZZARE GLI OBIETTIVI PREFISSATI PER IL PROGETTO “CITTÀ DIGITALI”, L'AZIENDA REALVIRT CERCA AFFIANCAMENTO DA PARTE DI UN INNOVATION MANAGER CHE AVRÀ IL COMPITO DI INTRODURRE, GUIDARE E GESTIRE LE STRATEGIE DI INNOVAZIONE E SVILUPPO PER IL PROGETTO IN RELAZIONE AL BRANDING E ALLA LEAD GENERATION A SUPPORTO DELLA RETE VENDITA.
L'AFFIANCAMENTO PERMETTERÀ ANCHE DI CONDURRE RICERCHE E IDENTIFICARE SOLUZIONI TECNOLOGICHE CHE VERRANNO SEGUITE DALL’INNOVATION MANAGER AI FINI DI UN IMPATTO CONCRETO NEL CONTESTO AZIENDALE. 
IL BUDGET DESTINATO AL PROGETTO SARÀ DI €. 78.000 DA CORRISPONDERSI IN UN ARCO TEMPORALE DI 12 MESI.",non_ai
NON_AI,"Implementare le proposte culturali e formative mediante l’utilizzo di visori di realtà virtuale, che permetteranno a studenti di seguire in modo diverso, più coinvolgente e quindi più “sentito”, lezioni di vario genere. Inoltre, tali visori potranno essere utilizzati anche per delle “gite virtuali” in luoghi più o meno famosi, per dare possibilità a tutte le persone che per vari motivi non possono permettersi di fare dei viaggi (età, salute, disabilità, scarse possibilità economiche, … ), di “vedere” ugualmente di persona luoghi, monumenti ed altre realtà attrattive. Vi è inoltre necessità di “evidenziare” tali possibilità e proposte, mediante totem multimediali esterni su cui caricare le informative, gli avvisi e tutte le comunicazioni inerenti ai luoghi della cultura.",non_ai
NON_AI,"Il progetto mira a valorizzare le risorse culturali meno conosciute della Regione tramite strumenti innovativi, nonché a sviluppare il turismo culturale e sostenibile nella Regione Marche, con un occhio di riguardo verso l`accessibilità e la digitalizzazione. 
L’obiettivo, a supporto di un nuovo servizio di bus elettrici per minimizzare l`impatto ambientale, è quello di rendere più accessibili e godibili i beni culturali e paesaggistici meno conosciuti, situati al di fuori dei centri storici tradizionali. Tramite la produzione di contenuti culturali innovativi realizzati con tecnologie immersive (realtà aumentata, tour virtuali) verrà quindi valorizzato il “patrimonio invisibile” della Regione Marche.",non_ai
NON_AI,"Il progetto “WD 4 Digital Upskills” intende realizzare un piano strategico aziendale triennale per la creazione, lo sviluppo e rafforzamento delle competenze e l’attrazione di nuovi talenti finalizzato al loro trattenimento in azienda. 

Tale piano viene è stato elaborato per essere un tool kit operativo per l’accrescimento delle competenze Digitali, da sviluppare a step incrementali nel corso delle annualità 2024, 2025 e 2026. Durante la realizzazione del progetto saranno realizzate azioni formative per l’accrescimento delle Digital Hard Skill e delle Digital Soft Skills, da indirizzare al personale interno aziendale e alla rete di rivenditori che collaborano con l’azienda al fine di promuovere investimenti maggiori, più` efficaci e inclusivi nella formazione e nel miglioramento del livello delle competenze aziendali per la transizione industriale digitale e green.
Tale progettualità è stata sviluppata per rispondere agli obiettivi strategici degli ambiti prioritari n. 6-  Digitalizzazione, intelligenza artificiale, big data (imprese e PA) e n. 7- “Manufacturing 4.0 e future evoluzioni” della Strategia di Specializzazione intelligente della Regione Emilia-Romagna.",non_ai
NON_AI,"IL PROGETTO ""ATLANTICA VR"" MIRA AD ACQUISIRE UNA CONSULENZA SPECIALISTICA IN AMBITO VR. ATTRAVERSO L’USO DI VISORI PER LA REALTÀ VIRTUALE, CONSENTIRÀ AI VISITATORI DI NUOTARE VIRTUALMENTE TRA PESCI ESOTICI, ESPLORARE BARRIERE CORALLINE E SCOPRIRE IL MONDO SOTTOMARINO, IN UN AMBIENTE SICURO E CONTROLLATO. OBBIETTIVI:
FORNIRE UN'ESPERIENZA UNICA E AVVINCENTE CHE COMBINA DIVERTIMENTO ED EDUCAZIONE.
AFFERMARE ATLANTICA COME LEADER NELL'INNOVAZIONE NEL SETTORE DEI PARCHI ACQUATICI.
INCREMENTARE LA VISIBILITÀ E L'ATTRATTIVITÀ DEL PARCO ATTRAVERSO UN'OFFERTA DISTINTIVA.
ATTRAVERSO LA REALTÀ VIRTUALE, I VISITATORI POTRANNO VIVERE L'EMOZIONE DI UN'IMMERSIONE REALE, SCOPRENDO LA BELLEZZA E LA FRAGILITÀ DELL'ECOSISTEMA MARINO, PROMUOVENDO COSÌ UNA MAGGIORE CONSAPEVOLEZZA AMBIENTALE.
“ATLANTICA VR” CONSENTIRÀ DI ATTRARRE ANCHE NUOVI SEGMENTI DI MERCATO AMPLIANDO LA BASE DI CLIENTI DEL PARCO.
""ATLANTICA VR"" SI IMPEGNA A ESSERE UN'ESPERIENZA ECO-SOSTENIBILE, UTILIZZANDO TECNOLOGIE A BASSO IMPATTO AMBIENTALE E PROMUOVENDO LA CONSERVAZIONE MARINA ATTRAVERSO CONTENUTI EDUCATIVI INTERATTIVI.
CON ""ATLANTICA VR"", IL PARCO ACQUATICO DI ATLANTICA NON SI LIMITA A OFFRIRE DIVERTIMENTO, MA DIVENTA UN PORTALE PER UN'AVVENTURA EDUCATIVA E SENSAZIONALE, PORTANDO I VISITATORI A UN VIAGGIO VIRTUALE NEL MARE",ai
NON_AI,HoloImplant è un software di implantologia nel settore dentale basato su tecnologie di Realtà Aumentata e Virtuale che permetterà ai dentisti di ottimizzare il posizionamento degli impianti e la creazione di guide statiche per la chirurgia implantare.,ai
NON_AI,"Il progetto IMAGO ha l¶obiettivo di sviluppare e sperimentare una soluzione innovativa basata
sulla realtà aumentata per la progettazione, la gestione e il controllo dei cantieri edilizi.
La soluzione consiste nell¶utilizzo di hardware specifico (tablet, occhiali e sensori) che permette
di creare e visualizzare modelli 3D degli edifici in costruzione o in ristrutturazione,
sovrapponendoli alla realtà fisica.",non_ai
NON_AI,"LA FINALITÀ DEL PROGETTO È QUELLA DI FAVORIRE L’INTRODUZIONE NEGLI ATTUALI PROCESSI DI PROGETTAZIONE E PRODUZIONE DI MACCHINE SPECIALI PER IL SETTORE AEROSPAZIALE, AERONAUTICO E AUTOMOBILISTICO DI PROCESSI DI PROTOTIPAZIONE RAPIDA E AR-VR (AUGMENTED REALITY-VIRTUAL REALITY)
IL PROGETTO PREVEDE LE SEGUENTI AZIONI:
1.	ANALI DEI REQUISITI FUNZIONALI E TECNOLOGICI DELLE PARTICOLARI MACCHINE CHE L’AZIENDA ATTUALMENTE PRODUCE E DELLE RELATIVE PROBLEMATICHE IN FASE DI PROGETTAZIONE. IN PARTICOLARE:
A.	ANALISI DELLE PROBLEMATICHE DI PROGETTAZIONE DEL MACCHINARIO E DI COMPONENTI PARTICOLARMENTE COMPLESSI CHE RICHIEDONO COSTI ELEVATI IN FASE DI REALIZZAZIONE DI PROTOTIPI CON TECNOLOGIE STANDARD
B.	ANALISI DELLE PROBLEMATICHE DI PROGETTAZIONE DI PARTICOLARI E COMPONENTI GEOMETRICAMENTE COMPLESSI E DI PARTI ASSEMBLATE CHE RICHIEDONO IMPORTANTI E ONEROSE OPERAZIONI DI PROGETTAZIONE CAD E QUINDI ELEVATI COSTI
2.	ANALISI ED INDIVIDUAZIONE DELLE TECNOLOGIE DI PROTOTIPAZIONE RAPIDA E DEI RELATIVI MATERIALI UTILIZZABILI CHE CONSENTANO DI OTTENERE PROTOTIPI DELLE PARTI E DEI COMPONENTI RISPONDENTI ALLE SPECIFICHE DI PROGETTO
3.	ANALISI ED INDIVIDUAZIONE DEI PROCESSI DIGITALI DI REALTÀ VIRTUALE (RV) E REALTÀ AUMENTATA (RA) CHE PERMETTANO DI PROGETTARE VIRTUALMENTE I COMPONENTI ED I SISTEMI COMPLESS",non_ai
NON_AI,"LA FINALITÀ DEL PROGETTO È QUELLA DI INTRODURRE SISTEMI DI AR-VR PER LA VISUALIZZAZIONE, LA MANUTENZIONE, E LA GESTIONE DI UN MACCHINARIO INNOVATIVO PER IL TRATTAMENTO E LA TRASFORMAZIONE DI RIFIUTI. 
IL PROGETTO PREVEDE LE SEGUENTI ATTIVITÀ:
1.	ANALISI DEGLI ASPETTI TECNOLOGICI, COSTRUTTIVI E DI FUNZIONAMENTO DEL PARTICOLARE MACCHINARIO CHE L’AZIENDA ATTUALMENTE PRODUCE 
2.	ANALISI ED INDIVIDUAZIONE DEI PROCESSI DIGITALI DI REALTÀ VIRTUALE (RV) E REALTÀ AUMENTATA (RA) CHE PERMETTANO DI:
A.	SIMULARE IL PROCESSO DI FUNZIONAMENTO DEL MACCHINARIO PER LA VERIFICA DEL MATERIALE PRODOTTO IN OUTPUT IN FUNZIONE DELLA TIPOLOGIA DI RIFIUTO IN INGRESSO E QUINDI PER LA CORRETTA IMPOSTAZIONE DEI PARAMETRI DI FUNZIONAMENTO
B.	VISUALIZZARE I COMPONENTI CRITICI DEL MACCHINARIO PER LE OPERAZIONI DI MANUTENZIONE
C.	VISUALIZZARE I MODELLI CAD PER PROGETTARE EVENTUALI MODIFICHE IN FUNZIONE DI PARTICOLARI ESIGENZE DEL CLIENTE
D.	VISUALIZZARE GLI ALERT PER LA GESTIONE IN SICUREZZA DEL MACCHINARIO
3.	PROGETTAZIONE DE IMPLEMENTAZIONE DEI SISTEMI DI REALTÀ VIRTUALE (RV) E REALTÀ AUMENTATA (RA) PER IL RAGGIUNGIMENTO DELLE FUNZIONALITÀ SOPRA DESCRITTE PREVEDENDO SOLUZIONI DI VISUALIZZAZIONE, POP-UP E SENSORISTICHE",non_ai
NON_AI,"SHOW UP è il nuovo ramo d’attività della Fondazione Entroterre, dedicato allo sviluppo di soluzioni che sfruttano gamification e realtà aumentata per stimolare la partecipazione e la fruizione culturale.
I prodotti realizzati verranno impiegati per aumentare l’engagement del pubblico di Entroterre, aumentando la competitività nel settore di riferimento. I prodotti e i servizi di consulenza creativa saranno poi offerti ad altri operatori.

Il progetto valorizza il patrimonio culturale e la dimensione territoriale dell'Emilia-Romagna. Tra giochi digitali e realtà estesa, vengono realizzati percorsi di gioco interattivi che coinvolgono patrimonio materiale e immateriale, luoghi ed eventi culturali.

In stretta collaborazione con enti territoriali e partner, il progetto sviluppa strategie di place branding e marketing territoriale, sfruttando le tecnologie digitali per promuovere l'identità culturale dei luoghi e coinvolgere attivamente i visitatori.

L'approccio ""human centered"" guida il processo di progettazione, assicurando che tutte le soluzioni siano concepite considerando le esigenze e le prospettive degli utenti.
Le soluzioni sviluppate favoriscono la partecipazione, creando un legame significativo tra cultura, tecnologia e inclusione sociale.",non_ai
NON_AI,Valorizzazione dei principali siti di interesse culturale a Taranto attraverso un‘applicazione di Realtà Aumentata,non_ai
NON_AI,"È  MOLTO IMPORTANTE CHE PIANIFICAZIONE E CONTROLLO DI GESTIONE SIANO ATTIVITÀ CONTINUATIVE NEL TEMPO, MA CIÒ NON SIGNIFICA CHE DEBBANO ESSERE EFFETTUATE SEMPRE NELLO STESSO MODO, SOPRATTUTTO SE, SE NE PUÒ AUMENTARE L'EFFICACIA E LE PERFORMANCE, UTILIZZANDO GLI ADVANCED ANALYTICS E GLI STRUMENTI INNOVATIVI AD ESSI COLLEGATI. OLTRE CHE FORTEMENTE INTERCONNESSE, TALI ATTIVITÀ SONO ANCHE PARTICOLARMENTE COMPLESSE E CHI SE NE OCCUPA SI TROVA AD AFFRONTARE SFIDE LEGATE ALLA STRUTTURA O ALL'OPERATIVITÀ DELL'AZIENDA, SFIDE “FISIOLOGICHE” MA CHE POSSONO TROVARE UNA RISPOSTA NELLA DIGITAL TRANSFORMATION. UN PRESUPPOSTO IMPORTANTE PER POTER SFRUTTARE AL MEGLIO I VANTAGGI DELLA DATA SCIENCE NELLA PIANIFICAZIONE E CONTROLLO DI GESTIONE È LA PRESENZA DI PERSONE CON UN BACKGROUND CHE LI RENDA IN GRADO DI INTERAGIRE CON L'AMBIENTE DI PREDICTIVE ANALYTICS. SI RENDE QUINDI  NECESSARIA UNA TRASFORMAZIONE CULTURALE CHE PORTI L'AZIENDA A DOTARSI AD ESEMPIO DI UN DATA SCIENTIST E ANCHE DI DATA ANALYST CAPACI, CIASCUNO IN UNA PARTICOLARE AREA DI BUSINESS, DI ESTRARRE DAI DATI TREND E INSIGHTS UTILI NEL SINGOLO CONTESTO. OBIETTIVO DEL PROGETTO E' QUINDI QUELLO DI AVVALERSI DI CONSULENZE  QUALIFICATE PER ACQUISIRE COMPETENZE SPECIFICHE IN AMBITO DATA ANALYSIS.",ai
NON_AI,"QUANDO PARLIAMO DI REALTÀ VIRTUALE (VR) CI RIFERIAMO AD UN AMBIENTE CIRCOSTANTE TRIDIMENSIONALE, NON REALE MA SIMULATO, IN CUI L’UTENTE È IN GRADO DI INTERAGIRE GRAZIE ALLA COMBINAZIONE DI DISPOSITIVI HARDWARE E SOFTWARE CHE OFFRONO UN’ESPERIENZA TOTALMENTE IMMERSIVA. L’IMMERSIVITÀ È TRA LE PIÙ SOSTANZIALI DIFFERENZE CON LA REALTÀ AUMENTATA MA È ANCHE CIÒ CHE RENDE LA REALTÀ VIRTUALE UNA TECNOLOGIA COSÌ EVOLUTA.",non_ai
NON_AI,"TRASFLUID S.P.A. È UN’AZIENDA CHE DA SEMPRE RAPPRESENTA UN PUNTO DI RIFERIMENTO NEL SETTORE DELLE TRASMISSIONI INDUSTRIALI E MARINE E DEI LORO COMPONENTI. MIGLIAIA DI CLIENTI HANNO SCELTO I PRODOTTI TRASFLUID PER LE APPLICAZIONI PIÙ SVARIATE E IMPEGNATIVE SIA NEL SETTORE INDUSTRIALE CHE IN QUELLO MARINO. 
L’AZIENDA È PREDISPOSTA ALL’AVVIO UN PROCESSO DI TRASFORMAZIONE DIGITALE E TECNOLOGICA, PERTANTO SI PONE L’OBIETTIVO DI ACQUISIRE MAGGIORI CONOSCENZE E COMPETENZE PER COGLIERE LE OPPORTUNITÀ OFFERTE DALLA DIGITALIZZAZIONE. PER LA REALIZZAZIONE DEL PROGETTO SONO PREVISTE ATTIVITÀ DI AFFIANCAMENTO DI UN MANAGER QUALIFICATO VOLTE ALL’ACQUISIZIONE, DA PARTE DELL’AZIENDA, DI COMPETENZE INERENTI ALL’INTEGRAZIONE ALLE COSIDDETTE ""TECNOLOGIE IMMERSIVE"", CON PARTICOLARE RIFERIMENTO ALLA REALTÀ VIRTUALE (VR) E ALLA REALTÀ AUMENTATA (AR), CHE POSSONO SVOLGERE UN RUOLO INTERESSANTE NEL CAMPO DELLE APPLICAZIONI MANAGERIALI E DELLA PRODUZIONE. DOPO AVER ANALIZZATO LE TECNOLOGIE E I LORO USI ATTUALI NEL CONTESTO INDUSTRIALE, GESTIONALE E PRODUTTIVO, IL PROGETTO PRENDE IN ESAME DUE DIRETTIVE NEL CAMPO DELLA PROGETTAZIONE, SU CUI LA REALTÀ AUMENTATA HA POSSIBILITÀ DI APPLICAZIONE: FORMAZIONE E RAZIONALIZZAZIONE DELLE OPERAZIONI PER LA PROGETTAZIONE.",non_ai
NON_AI,"D-FRIENDLY - Il presente progetto si inserisce nell’ottica di valorizzare il patrimonio culturale della città di Macerata e di promuovere il benessere sociale, cognitivo ed emotivo degli anziani attraverso esperienze culturali immersive e accessibili. Si propone di potenziare AND - Arti Native Digitali (polo di ricerca allestito all’interno dell’ex mercato delle erbe di Macerata), creando un ambiente innovativo e coinvolgente focalizzato sulla produzione e fruizione di contenuti multimediali culturali di ultima generazione, quali la realtà virtuale (VR), la realtà aumentata (AR) e il videomapping, specificamente destinati a un pubblico anziano.",non_ai
NON_AI,Realtà Virtuale Per La Fase Di Design Review E Presentazione Di Prodotto,non_ai
NON_AI,"[17:49] MARIO ROSSI
IMPLEMENTAZIONE DI UN PROGRAMMA DI SVILUPPO INNOVATIVO PER IL POSIZIONAMENTO STRATEGICO DELL'AZIENDA. UN'ORGANIZZAZIONE AZIENDALE EFFICIENTE SARÀ PROPEDEUTICA ALLA RIVISITAZIONE DI BUSINESS E REVENUE MODEL, GARANTENDO L'INTEGRAZIONE DEI PROCESSI, LA DEFINIZIONE E L'AMPLIAMENTO DELLA GAMMA DI PRODOTTI/SERVIZI E LA DIVERSIFICAZIONE DEL BUSINESS. QUESTO ATTRAVERSO L'APPLICAZIONE DI NUOVI METODI ORGANIZZATIVI NELLE PRATICHE COMMERCIALI, RIDEFINIZIONE DELLE STRATEGIE E L'INDIVIDUAZIONE DI STAKEHOLDER PER PROGETTI INNOVATIVI ATTRAVERSO ATTIVITÀ DI OPEN INNOVATION. IL PROGETTO IMPLICHERÀ: ANALISI DEL BUSINESS MODEL ATTUALE PER VERIFICARE LE ESIGENZE DI UPGRADE E INDIVIDUARE I MIGLIORAMENTI PER ATTUARE LA STRATEGIA; PUBBLICHE RELAZIONI E RICERCA DI INVESTIMENTI PUBBLICI E PRIVATI PER IL SOSTEGNO ALLA RICERCA E ALL'INNOVAZIONE; STRATEGIE DI COMUNICAZIONE E MARKETING, IN CHIAVE INNOVATIVA; PROGETTAZIONE E MANAGEMENT AZIENDALE; RICERCA PER L'INNOVAZIONE TECNOLOGICA, SOCIALE ED AMBIENTALE; INTEGRAZIONE DI SISTEMI INNOVATIVI E TECNOLOGICI NELL'AMBITO DELLO SVILUPPO DI SERVIZI E PRODOTTI (REALTÀ VIRTUALE, REALTÀ AUMENTATA, ETC)",non_ai
NON_AI,"Il progetto si propone di rivitalizzare un tradizionale negozio di arredamento, combinando un rinnovamento estetico con l'adozione di tecnologie innovative. Attraverso un restyling completo dei locali e l'integrazione della realtà aumentata, miriamo a offrire un'esperienza d'acquisto unica, facilitando la visualizzazione dei progetti di arredamento in modo interattivo. L'obiettivo è posizionare il negozio all'avanguardia nel settore, migliorando l'esperienza del cliente e riducendo l'impatto ambientale attraverso pratiche sostenibili.",non_ai
NON_AI,"IL PROGETTO PROPONE UN RADICALE AVANZAMENTO NELL'AMBITO INDUSTRIALE ATTRAVERSO L'INTEGRAZIONE DI STRUMENTI MES (MANUFACTURING EXECUTION SYSTEM) NELL'INDUSTRIA 4.0. L'OBIETTIVO È POTENZIARE L'EFFICIENZA OPERATIVA, LA PRECISIONE DELLA PRODUZIONE E L'ADERENZA A STANDARD SOSTENIBILI.
LE CONTINUE IMPLEMENTAZIONI DEL MES, SUPPORTATATE DA TECNOLOGIE EMERGENTI COME L'IOT, OTTIMIZZERANNO LA GESTIONE DEI PROCESSI PRODUTTIVI. QUESTO CONSENTIRÀ UNA MAGGIORE FLESSIBILITÀ NELL'ADATTAMENTO ALLE ESIGENZE DI MERCATO, RIDUCENDO AL CONTEMPO I TEMPI MORTI E MIGLIORANDO LA QUALITÀ COMPLESSIVA DELLA PRODUZIONE.
IL SISTEMA MES AGEVOLERÀ LA TRACCIABILITÀ IN TEMPO REALE, PERMETTENDO UNA RISPOSTA PRONTA A CAMBIAMENTI IMPROVVISI. L'ANALISI PREDITTIVA CONTRIBUIRÀ A UNA MANUTENZIONE PREVENTIVA, MINIMIZZANDO I TEMPI DI FERMO E AUMENTANDO L'AFFIDABILITÀ DEGLI IMPIANTI.
PARTICOLARE ATTENZIONE SARÀ DEDICATA ALLA SOSTENIBILITÀ. IL PROGETTO SI IMPEGNA A INTEGRARE PRATICHE ECO-COMPATIBILI, OTTIMIZZANDO L'USO DELLE RISORSE E RIDUCENDO L'IMPATTO AMBIENTALE COMPLESSIVO.",non_ai
NON_AI,"Grazie alla visibilità conferita dal nuovo sito on line, integrato da specifico modulo per la visualizzazione dei progetti in modalità di realtà virtuale a 360° ed alle strategie scelte di condivisione dei documenti e di cloud computing, l'attività sarà maggiormente presente sul mercato e avrà una efficienza spiccata e dinamica.
Con queste nuove caratteristiche l'attività sarà favorita nell'inserimento in nuovi mercati e nell'acquisizione di nuove commesse, di dimensioni anche più rilevanti delle altre finora acquisite, grazie alla dotazione dei sistemi di cloud computing e condivisione dei documenti.",non_ai
NON_AI,Noleggio di macchine per videogiochi prevalentemente a realtà aumentata,non_ai
NON_AI,Tecnologie di realtà aumentata e virtuale per l'integrazione di nuovi contenuti di servizio,non_ai
NON_AI,"Crediamo nell'innovazione digitale quale strumento per una crescita economica che porti al miglioramento e alla semplificazione delle attività delle imprese, in particolare PMI: con questa mission Uniweb opera da più di 20 anni sul mercato. Per qualità del servizio UniWeb Srl intende anche le caratteristiche offerte dalla connessione:
Il servizio è garantito 24 ore su 24 per il 99% del tempo disponibile; nel caso fossero necessarie interruzioni, ciò verrà comunicato anticipatamente e, comunque, sarà orientato nelle ore di minor traffico. La nostra proposta: Telefonia e Fibra, Cloud Hosting, 
Web Marketing, Web design e app,  System integration, Realtà aumentata.
Grazie alla partecipazione a fornitore offresi continueremo il nostro posizionamento nell'ambito manifatturiero, a livello locale, nazionale ed internazionale.",non_ai
NON_AI,"La produzione sostenibile è valutata sotto varie dimensioni: Ambiente, Società ed Economia. Il Life Cycle Assessment permette di quantificare l?impatto ambientale di un prodotto nel suo ciclo di vita. Tuttavia mancano metodologie atte a costruire percorsi di maturazione dei processi produttivi verso la sostenibilità. Il progetto vuole realizzare questo obiettivo attraverso lo studio e l?applicazione di strategie digitali che esplorano i temi dell?automazione, AI, realtà aumentata e cybersecurity",ai
NON_AI,"Il progetto SANITA (Sensori Applicati alla Neurologia IoT per la Teleassistenza e Analisi) si propone di realizzare un sistema integrato per la stimolazione sensoriale e la registrazione di parametri fisiologici in un setting di telemedicina per mezzo di una piattaforma software in grado di fornire stimoli visivi da un dispositivo mobile oppure da pc, o occhiali per realtà aumentata; e sensoriali, come ad es. una vibrazione per mezzo di un dispositivo wearable (ad es. smartwatch come quelli di Empatica o smartring). L'obiettivo è di consentire il controllo da remoto della stimolazione sensoriale, ad es. per mezzo di una piattaforma SW che consenta di definire e inviare pattern di stimoli (tasks), anche personalizzabili, adottando dispositivi alla portata di tutti.",non_ai
NON_AI,"La produzione sostenibile è valutata sotto varie dimensioni: Ambiente, Società ed Economia. Il Life Cycle Assessment permette di quantificare l?impatto ambientale di un prodotto nel suo ciclo di vita. Tuttavia mancano metodologie atte a costruire percorsi di maturazione dei processi produttivi verso la sostenibilità. Il progetto vuole realizzare questo obiettivo attraverso lo studio e l?applicazione di strategie digitali che esplorano i temi dell?automazione, AI, realtà aumentata e cybersecurity",ai
NON_AI,Realtà Virtuale Per La Fase Di Design Review E Presentazione Di Prodotto,non_ai
NON_AI,"FLOFLEET È UNA STARTUP INNOVATIVA, CHE HA PROGETTATO IL PRIMO DIRIGIBILE A GUIDA AUTONOMA CON PROPULSIONE ELETTRICA SOSTENIBILE A ZERO EMISSIONI.
VINCITRICE DEL PREMIO ENI JOULE 2023, STA PRODUCENDO IL PRIMO PROTOTIPO PER UN GRANDE CLIENTE, CON UN TEST GIÀ PREVISTO NEI PRIMI MESI DEL 2024.
AD OGGI FLOFLEET È CONCENTRATA SUGLI ASPETTI PURAMENTE TECNOLOGICI DEL PRODOTTO, NELLA FINALIZZAZIONE DEL PROTOTIPO, E PER ANDARE SUL MERCATO HA LA NECESSITÀ DI PREDISPORRE UN PIANO DI SVILUPPO STRATEGICO.

IL PIANO DI SVILUPPO STRATEGICO AZIENDALE SARÀ SVILUPPATO IN DUE FASI PRINCIPALI:
NELLA PRIMA FASE DI ANALISI, SARANNO VALUTATE LE PROCEDURE OPERATIVE E COMMERCIALI VALUTANDO LE OPPORTUNITÀ OFFERTE DALLE TECNOLOGIE EMERGENTI E DEL PERIMETRO APPLICATIVO DELLE TECNOLOGIE DELLA NPR;
A VALLE SARÀ AFFRONTATO IL MODELLO COMMERCIALE ED OPERATIVO, DEFINENDO IL PERIMETRO DELL’INTEGRAZIONE E SVILUPPO DIGITALE DEI PROCESSI AZIENDALI, DEFINENDO STRATEGIE SPECIFICHE PER I DIVERSI SETTORI, GARANTENDO LIVELLO DI SERVIZIO E SOSTENIBILITÀ. 
SARÀ VALUTATO IL SISTEMA/NETWORK SU BASE OLONICA, UNO DEI METODI INNOVATIVI PER SVILUPPARE IL BUSINESS SU DIVERSI MERCATI CON PRASSI COMMERCIALI DEDICATE, CON PRIORITÀ SUL MERCATO DEL BROADCASTING, SICUREZZA, E IL MONITORAGGIO DEL TERRITORIO.",non_ai
NON_AI,"IL PROGETTO DI TRANSIZIONE DIGITALE DI DIBIR GROUP INTRODURRÀ NUOVE TECNOLOGIE, IMPLEMENTERÀ QUELLE ATTUALI, MODIFICANDO I MODELLI ED I PROCESSI PRODUTTIVI E DI BUSINESS. NELLO SPECIFICO L’AZIENDA SARÀ IN GRADO DI TESTARE E DEFINIRE IN MANIERA OTTIMALE LE SPECIFICHE DELLE SOLUZIONI E DELLE TECNOLOGIE DI PRODUZIONE OFFERTE, INTRODUCENDO NUOVI SERVIZI INNOVATIVI DA PROPORRE AI CLIENTI. L’AZIENDA, PER FARE CIÒ, INTENDE INVESTIRE NELLA CONSULENZA DI UN INNOVATION MANAGER CHE SI OCCUPERÀ DI CREARE UN NUOVO SISTEMA DI INDUSTRIALIZZAZIONE DEL PRODOTTO ATTRAVERSO LA DIGITALIZZAZIONE ED IL RENDERING 4K E 8K DEI PROGETTI CAD IN REALTÀ VIRTUALE IBRIDA (RVI). LO SCOPO DI QUESTI INVESTIMENTI SARÀ REALIZZARE PROTOTIPI VIRTUALI IN AMBIENTE 3D DEGLI IMPIANTI, DIGITALIZZAZIONE DELLA DOCUMENTAZIONE TECNICA E MANUALISTICA, PERMETTENDO ANCHE AL CLIENTE LA PERSONALIZZAZIONE DELLA LINEA DI PRODUZIONE. IN PARALLELO VERRANNO IMPOSTATE E REALIZZATE CAMPAGNE DI DIGITAL MARKETING LEGATE AI NUOVI MACCHINARI E LA REALIZZAZIONE DI PROCESSI INNOVATIVI PER LO SVILUPPO VERSO NUOVI MERCATI COMMERCIALI NAZIONALI E INTERNAZIONALI.",ai
NON_AI,"Il progetto FIN - FUTURE VISION mira a rivoluzionare il settore della vendita dei prodotti, concentrandosi sull'ottimizzazione della commercializzazione, tra gli altri, di ostriche e granchi blu per i prossimi tre anni. Il progetto si propone di affrontare le sfide della trasformazione industriale, digitale ed ecologica. FIN prevede l'analisi dei fabbisogni di competenze e l'introduzione di azioni mirate per ridurre il gap tra domanda e offerta, potenziando le capacità del personale tramite la consulenza e la formazione specializzata, esperienze pratiche e programmi di sviluppo manageriale. Particolare attenzione sarà dedicata alla promozione della diversità di genere e al potenziamento delle competenze STEM. L'elemento distintivo del progetto è rappresentato dalla creazione di una piattaforma innovativa che sfrutta la realtà virtuale aumentata per condividere con i clienti i prodotti e valorizzare il territorio. Questa piattaforma non solo offre servizi di vendita, ma fornisce anche assistenza alla gestione della qualità, aggiornamenti di mercato e opportunità legate alla pesca in acquacultura. L'obiettivo è trasformare l'esperienza commerciale, consentendo ai clienti di partecipare a meeting virtuali per scoprire le ultime novità e proposte commerciali nel settore del",non_ai
NON_AI,"Odyle è un videogioco innovativo che rappresenta un incontro sinergico tra il patrimonio culturale di Bologna e l’ingresso nel mercato internazionale della nostra PMI. Attraverso la digitalizzazione delle aree urbane di Bologna, effettuata appoggiandosi ai dati dell'ufficio SIT, il progetto crea un ""digital twin"" della città, offrendo una nuova dimensione di interazione e scoperta dove il gioco non è solo un veicolo di intrattenimento; è un catalizzatore per la valorizzazione del patrimonio culturale e storico della città. In Odyle, i giocatori incontreranno personaggi fantasy ispirati al folklore locale o testi storici come il ""Monstrorum Historia"".
Odyle sarà il prologo di altri contenuti digitali gamificati, costruendo una prima base di community internazionale. I dati di questi utenti serviranno per affinare la fruizione dei futuri prodotti. Inoltre Odyle sarà lo strumento per un avanzamento tecnico interno, integrando l’utilizzo d’intelligenza artificiale e sistemi procedurali, con l'obiettivo di perfezionare il processo di creazione di digital twin su larga scala. Infine l'esperienza del gioco promuoverà Bologna come meta turistica, rafforzando l’identità locale a livello internazionale e generando un impatto economico tangibile sulla regione.",ai
NON_AI,"KAIROS3D, AZIENDA PIEMONTESE ATTIVA DA OLTRE 10 ANNI NELLA PROGETTAZIONE 3D, HA SVILUPPATO NEGLI ULTIMI ANNI UNA FORTE EXPERTISE NELLA REALIZZAZIONE DI TECNOLOGIE DI ALTISSIMO LIVELLO CON DIVERSE TIPOLOGIE DI APPLICAZIONI: IN PARTICOLARE HA ALL’ATTIVO PRESTIGIOSI PROGETTI INTERNAZIONALI IN AMBITO DI TRAINING REALIZZATO CON METODOLOGIE IMMERSIVE E CON TECNOLOGIE LEGATE ALLA VIRTUAL REALITY, OLTRE CHE COLLABORAZIONI DI LIVELLO IN AMBITO DI VISUALIZZAZIONE 3D DI IMPIANTI E MACCHINARI INDUSTRIALI. KAIROS3D HA DIMOSTRATO NEGLI ANNI UN OTTIMO POTENZIALE, TESTIMONIATO ANCHE DALLA CRESCITA COMPLESSIVA DELLA COMPETIZIONE, IN AMBITO INDUSTRIALE E NON. KAIROS3D MIRA A SVILUPPARE ULTERIORMENTE IL BRAND, PER COMUNICARE I TRATTI DISTINTIVI DELLA PROPRIA OFFERTA, E AD APRIRSI A NUOVI MERCATI. PER RAGGIUNGERE TALI OBIETTIVI L’AZIENDA HA INDIVIDUATO NEL DIGITAL MARKETING L’AREA DI SVILUPPO PRIORITARIA. PER QUESTO HA SCELTO DI DOTARSI DI UN PIANO STRATEGICO E OPERATIVO, CON LA DEFINIZIONE E IL MONITORAGGIO CONTINUATIVO DI OBIETTIVI, PER COMUNICARE IN MANIERA COSTANTE TRAMITE I CANALI DIGITALI.",non_ai
NON_AI,"""La Scintilla"" è un'iniziativa innovativa che unisce storia, scienza e tecnologia per offrire un'esperienza turistica unica. Il suo obiettivo principale è raccontare Bologna come città di scienza a partire da un esperimento caposaldo della storia della scienza – l’esperimento della scintilla di Luigi Galvani – che ha dato origine allo studio dell’elettricità e che è stato epicentro di una nuova visione culturale, con riverberi nell’arte e nella letteratura, ad esempio con la figura del Frankestein di M. Shelley, “Prometeo moderno”.
Il Progetto vuole sviluppare un percorso turistico che usa tecnologie digitali e di Realtà Aumentata (AR) per promuovere la scoperta dei contributi di Galvani e di suo nipote Giovanni Aldini – il “Frankestein italiano” - mettendo a disposizione uno spazio digitale accessibile tramite smartphone con una mappa interattiva del percorso tramite cui accedere a coinvolgenti esperienze di AR.
I risultati attesi includono la diversificazione dei servizi turistici, l'uso innovativo della tecnologia, la promozione di luoghi meno conosciuti, l'educazione scientifica, un'interazione coinvolgente con il pubblico, la promozione del turismo sostenibile, opportunità di collaborazione e un monitoraggio accurato per miglioramenti continui.",non_ai
NON_AI,"Miglioramento della safety nel settore delle costruzioni di infrastrutture attraverso l'implementazione di tecnologie all'avanguardia come l’IoT, la Realtà Aumentata e la Realtà Virtuale opere e infrastrutture nel mondo dei trasporti",non_ai
NON_AI,"Le imprese che investono più nelle tecnologie digitali si sono rivelate più dinamiche, abilitando vantaggi in termini di produttività e competitività che rimuovono anche i limiti tradizionalmente legati alla dimensione aziendale. 

Le nuove tecnologie digitali, il cambiamento culturale e organizzativo nel modo di fare e concepire l?attività d?impresa, rappresenta una opportunità di miglioramento e di ottimizzazione del proprio business sia in termini di processi interni, sia in termini di qualità degli output finali e che permette di fornire un prodotto o un servizio di maggiore qualità.
L'utilizzo di tecnologie digitali consentirà all'impresa di differenziarsi dai concorrenti offrendo servizi innovativi e soluzioni personalizzate. A titolo esemplificativo ma non esaustivo, l'implementazione di piattaforme online intuitive o l'uso di intelligenza artificiale per migliorare l'esperienza del cliente può rendere l'impresa più attraente rispetto agli altri attori del mercato.

L'utilizzo di tecnologie digitali per la promozione e la comunicazione consentirà di aumentare la visibilità del marchio e migliorare la sua reputazione nel mercato. Attraverso i social media, il content marketing e altre strategie di digital marketing, l'impresa raggiungerà un pubblico più ampio e costrui",non_ai
NON_AI,"INQUADRAMENTO
CON IL PRESENTE PROGETTO SI INTENDE AFFIDARE L’INCARICO DI CONSULENZA A UN MANAGER DELL’INNOVAZIONE CHE POSSA INDIRIZZARE E SUPPORTARE PROCESSI DI INNOVAZIONE, TRASFORMAZIONE TECNOLOGICA E DIGITALE DELLA IMPRESA ATTRAVERSO L’APPLICAZIONE DELLE NUOVE TECNOLOGIE QUALI SISTEMI DI VISUALIZZAZIONE, REALTÀ VIRTUALE (RV) E REALTÀ AUMENTATA (RA), INTERFACCIA UOMO MACCHINA, FINALIZZATA ALL’IMPLEMENTAZIONE DI SERVIZI ASSISTENZIALI E DI CURA BASATI SULLA TELEMEDICINA E LA TELERIABILITAZIONE SFRUTTANDO LE PIÙ RECENTI TECNOLOGIE PRESENTI SUL MERCATO, E I PIÙ INNOVATIVI MECCANISMI DI GESTIONE DELLE INFORMAZIONI CONSIDERANDO I REQUISITI DI PRIVACY E CYBERSECURITY.
OBIETTIVI DI PROGETTO
IL MANAGER DELL’INNOVAZIONE DOVRÀ CONDURRE E ACCELERARE IL PROCESSO PER PORTARE L’AZIENDA VERSO LA CREAZIONE, L’IMPLEMENTAZIONE E LA GESTIONE DEL FILONE AZIENDALE FINALIZZATO ALL’EROGAZIONE DELLE PRESTAZIONI DI TELEMEDICINA E TELERIABILITAZIONE ATTRAVERSO CONSULENZA NELL’AMBITO DELLE NUOVE TECNOLOGIE, DELL’ANALISI DEI DATI E DEI PROCESSI ORGANIZZATIVI",non_ai
NON_AI,Realtà Virtuale Per La Fase Di Design Review E Presentazione Di Prodotto,non_ai
NON_AI,Tecnologie di realtà aumentata e virtuale per l'integrazione di nuovi contenuti di servizio,non_ai
NON_AI,"L?intervento è finalizzato a rafforzare la propria politica di mercato sia per acquisizione di lavori relativi ad opere per Enti pubblici, sia per acquisire lavori da clienti privati e imprese. Infatti le dotazioni previste consentono da un lato di poter sviluppare progetti per interventi pubblici ormai attuabili solo attraverso la tecnologica BIM, e dall?altro di proporre a clienti privati modalità di presentazione dei progetti attraverso modellazioni 3D secondo le modalità previste dalla realtà virtuale, oltre ad una gestione digitalizzata all'interno dei cantieri.",non_ai
NON_AI,Realtà Virtuale Per La Fase Di Design Review E Presentazione Di Prodotto,non_ai
NON_AI,"LA FINALITÀ DEL PROGETTO È QUELLA DI INTRODURRE SISTEMI DI AR-VR PER LA VISUALIZZAZIONE, LA MANUTENZIONE, E LA GESTIONE DI UN MACCHINARIO INNOVATIVO PER IL TRATTAMENTO E LA TRASFORMAZIONE DI RIFIUTI. 
IL PROGETTO PREVEDE LE SEGUENTI ATTIVITÀ:
1.	ANALISI DEGLI ASPETTI TECNOLOGICI, COSTRUTTIVI E DI FUNZIONAMENTO DEL PARTICOLARE MACCHINARIO CHE L’AZIENDA ATTUALMENTE PRODUCE 
2.	ANALISI ED INDIVIDUAZIONE DEI PROCESSI DIGITALI DI REALTÀ VIRTUALE (RV) E REALTÀ AUMENTATA (RA) CHE PERMETTANO DI:
A.	SIMULARE IL PROCESSO DI FUNZIONAMENTO DEL MACCHINARIO PER LA VERIFICA DEL MATERIALE PRODOTTO IN OUTPUT IN FUNZIONE DELLA TIPOLOGIA DI RIFIUTO IN INGRESSO E QUINDI PER LA CORRETTA IMPOSTAZIONE DEI PARAMETRI DI FUNZIONAMENTO
B.	VISUALIZZARE I COMPONENTI CRITICI DEL MACCHINARIO PER LE OPERAZIONI DI MANUTENZIONE
C.	VISUALIZZARE I MODELLI CAD PER PROGETTARE EVENTUALI MODIFICHE IN FUNZIONE DI PARTICOLARI ESIGENZE DEL CLIENTE
D.	VISUALIZZARE GLI ALERT PER LA GESTIONE IN SICUREZZA DEL MACCHINARIO
3.	PROGETTAZIONE DE IMPLEMENTAZIONE DEI SISTEMI DI REALTÀ VIRTUALE (RV) E REALTÀ AUMENTATA (RA) PER IL RAGGIUNGIMENTO DELLE FUNZIONALITÀ SOPRA DESCRITTE PREVEDENDO SOLUZIONI DI VISUALIZZAZIONE, POP-UP E SENSORISTICHE",non_ai
NON_AI,"La produzione sostenibile è valutata sotto varie dimensioni: Ambiente, Società ed Economia. Il Life Cycle Assessment permette di quantificare l?impatto ambientale di un prodotto nel suo ciclo di vita. Tuttavia mancano metodologie atte a costruire percorsi di maturazione dei processi produttivi verso la sostenibilità. Il progetto vuole realizzare questo obiettivo attraverso lo studio e l?applicazione di strategie digitali che esplorano i temi dell?automazione, AI, realtà aumentata e cybersecurity",ai
NON_AI,"IL RUOLO DEGLI ADVANCED ANALYTICS. DESCRIZIONE ED OBIETTIVI DEL PROGETTO(6): È MOLTO IMPORTANTE CHE PIANIFICAZIONE E CONTROLLO DI GESTIONE SIANO ATTIVITÀ CONTINUATIVE NEL TEMPO, MA CIÒ NON SIGNIFICA CHE DEBBANO ESSERE EFFETTUATE SEMPRE NELLO STESSO MODO, SOPRATTUTTO SE, SE NE PUÒ AUMENTARE L'EFFICACIA E LE PERFORMANCE, UTILIZZANDO GLI ADVANCED ANALYTICS E GLI STRUMENTI INNOVATIVI AD ESSI COLLEGATI. OLTRE CHE FORTEMENTE INTERCONNESSE, TALI ATTIVITÀ SONO ANCHE PARTICOLARMENTE DIREZIONE GENERALE PER GLI INCENTIVI ALLE IMPRESE 6 VIM-2_01132173 COMPLESSE E CHI SE NE OCCUPA SI TROVA AD AFFRONTARE SFIDE LEGATE ALLA STRUTTURA O ALL'OPERATIVITÀ DELL'AZIENDA, SFIDE “FISIOLOGICHE” MA CHE POSSONO TROVARE UNA RISPOSTA NELLA DIGITAL TRANSFORMATION. UN PRESUPPOSTO IMPORTANTE PER POTER SFRUTTARE AL MEGLIO I VANTAGGI DELLA DATA SCIENCE NELLA PIANIFICAZIONE E CONTROLLO DI GESTIONE È LA PRESENZA DI PERSONE CON UN BACKGROUND CHE LI RENDA IN GRADO DI INTERAGIRE CON L'AMBIENTE DI PREDICTIVE ANALYTICS. SI RENDE QUINDI NECESSARIA UNA TRASFORMAZIONE CULTURALE CHE PORTI L'AZIENDA A DOTARSI AD ESEMPIO DI UN DATA SCIENTIST E ANCHE DI DATA ANALYST CAPACI, CIASCUNO IN UNA PARTICOLARE AREA DI BUSINESS, DI ESTRARRE DAI DATI TREND E INSIGHTS UTILI NEL SINGOLO CONTESTO. OBIETTIVO DEL PROGETTO E' QUINDI QUELLO DI",non_ai
NON_AI,"Jubatus ha creato la prima piattaforma in Europa di creazione e distribuzione di video personalizzati, utilizzata in questa fase iniziale principalmente per eventi sportivi. Il network di videomakers Jubatus gestisce le riprese, assicurandosi di riprendere ogni partecipante secondo uno script pre-definito; il materiale viene poi caricato in cloud dove 8 modelli di AI sviluppati internamente quindi riconoscono, identificano e selezionano le scene migliori di ciascun utente, creando un montaggio personalizzato unico per ciascuno, che può acquistarlo sul portale dedicato.",ai
NON_AI,"FINALITÀ DI ADELANTE È QUELLA DI PRODURRE UN CAMBIAMENTO SOCIALE INCLUSIVO IN GRADO DI PERSEGUIRE IL BENESSERE DELLA COMUNITÀ, VALORIZZANDO LE RELAZIONI UMANE E LE DINAMICHE DI RETE CON LE ISTITUZIONI PUBBLICHE, LA SFERA DEL PRIVATO E LE ALTRE ORGANIZZAZIONI DEL TERZO SETTORE. IN PARTICOLARE LA COOPERATIVA È MOLTO ATTIVA NEL SETTORE EDUCATIVO, DOVE GESTISCE PERCORSI FORMATIVI DI SUPPORTO PER MINORI COME AD ESEMPIO ALIBANDUS, COMUNITÀ EDUCATIVA RESIDENZIALE MASCHILE CHE ACCOGLIE BAMBINI E RAGAZZI CHE VIVONO SITUAZIONI DI DISAGIO FAMILIARE E POVERTÀ EDUCATIVA. IL PROGETTO MIRA A INNOVARE, ATTRAVERSO LE COMPETENZE DELL'INNOVATION MANAGER SELEZIONATO, LE MODALITÀ EDUCATIVE ATTRAVERSO L'INSERIMENTO DELLE TECNOLOGIE DELLA PROTOTIPAZIONE RAPIDA E DELLA REALTÀ VIRTUALE, CHE ANDRANNO AD ALLARGARE LE POSSIBILITÀ FORMATIVE DELL'UTENZA. VERRANNO INOLTRE ANALIZZATE NELL'AMBITO DELL'APPLICAZIONE DI NUOVE METODOLOGIE ORGANIZZATIVE NUOVI METODI DI FORMAZIONE, PARTICOLARMENTE INDICATI PER L'UTENZA FRAGILE, OLTRE ALL'INDIVIDUAZIONE ANCHE PRESSO ATTORI TERZI DI IDEE INNOVATIVE PER IL COINVOLGIMENTO FORMATIVO, ATTRAVERSO UN PROGRAMMA DI OPEN INNOVATION.",ai
NON_AI,"Come da S3 indicate e ambiti art. 4 del bando, il progetto consta di formazione per:
1-modellazione integrata (digital twin) e gestione di Big Data sul costruito per la sicurezza dei fruitori
2-condivisione Cloud di progetti e dati
3-studio di vulnerabilità e potenzialità del costruito mediante processi di simulazione (BIM)
4-tutela e fruibilità ai fini didattici/turistici con uso di tecnologie di rilievo e stampa 3D (mentoring) e realtà aumentata.",non_ai
NON_AI,"Cecchini Top Assistance srl intende realizzare un progetto volto al miglioramento dell’organizzazione aziendale attraverso analisi e ottimizzazione delle procedure per la gestione del cliente post vendita, che sarà implementata grazie a sistemi di realtà aumentata, ad esempio attraverso la visualizzazione 3D dei prodotti sarà possibile offrire un migliore servizio di assistenza remota. 
Il progetto mira a introdurre tecnologie innovative in un’ottica di riduzione dell’impatto ambientale e digitalizzazione dei processi esistenti per aumentarne l’efficienza, integrare soluzioni tecnologiche che portino l’azienda a raggiungere i propri obiettivi di sostenibilità.
Dopo una prima fase di analisi delle attività aziendali e progettazione delle azioni da intraprendere verrà sviluppato un software personalizzato basato sulle specifiche esigenze aziendali e avviato un programma di formazione del personale volto a costruire le competenze necessarie ad utilizzare al meglio il nuovo sistema.",non_ai
NON_AI,"Odyle è un videogioco innovativo che rappresenta un incontro sinergico tra il patrimonio culturale di Bologna e l’ingresso nel mercato internazionale della nostra PMI. Attraverso la digitalizzazione delle aree urbane di Bologna, effettuata appoggiandosi ai dati dell'ufficio SIT, il progetto crea un ""digital twin"" della città, offrendo una nuova dimensione di interazione e scoperta dove il gioco non è solo un veicolo di intrattenimento; è un catalizzatore per la valorizzazione del patrimonio culturale e storico della città. In Odyle, i giocatori incontreranno personaggi fantasy ispirati al folklore locale o testi storici come il ""Monstrorum Historia"".
Odyle sarà il prologo di altri contenuti digitali gamificati, costruendo una prima base di community internazionale. I dati di questi utenti serviranno per affinare la fruizione dei futuri prodotti. Inoltre Odyle sarà lo strumento per un avanzamento tecnico interno, integrando l’utilizzo d’intelligenza artificiale e sistemi procedurali, con l'obiettivo di perfezionare il processo di creazione di digital twin su larga scala. Infine l'esperienza del gioco promuoverà Bologna come meta turistica, rafforzando l’identità locale a livello internazionale e generando un impatto economico tangibile sulla regione.",ai
NON_AI,"La capacità del progetto ArtGuide AR di rafforzare la posizione della nostra impresa nel mercato è enorme. Grazie a questa innovativa app, potremo offrire ai nostri clienti un'esperienza unica e coinvolgente durante le loro visite ai musei, alle gallerie d'arte e ai parchi. La tecnologia della realtà aumentata renderà le visite più interattive e coinvolgenti, permettendo agli utenti di interagire direttamente con le opere d'arte e di approfondire le loro conoscenze grazie alle guide multilingue.

Grazie a ArtGuide AR, saremo in grado di differenziarci dalla concorrenza e di offrire un servizio innovativo che attirerà un nuovo pubblico di visitatori interessati a vivere un'esperienza culturale unica e stimolante. Questo ci permetterà di consolidare la nostra presenza nel mercato e di ampliare la nostra base clienti, favorendo anche il nostro ingresso in nuovi mercati.

Inoltre, l'app ArtGuide AR potrà essere un importante strumento di marketing per la nostra impresa, in quanto ci consentirà di promuovere le nostre offerte e i nostri servizi in modo innovativo e coinvolgente. La tecnologia della realtà aumentata è in continua crescita e sempre più diffusa tra i consumatori, quindi saremo all'avanguardia nel settore e potremo posizionarci come leader nel fornire esperienze cultu",ai
NON_AI,"QUESTO  PROGETTO  SI PONE  COME OBIETTIVO  QUELLO DI  SUPPORTARE I PROCESSI DI INNOVAZIONE E TRASFORMAZIONE TECNOLOGICA E DIGITALE DELL’IMPRESA ATTRAVERSO  L’APPLICAZIONE DI PIÙ TECNOLOGIE ABILITANTI, IN PARTICOLARE:APPLICARE LE INTEGRAZIONE DELLE TECNOLOGIE DELLA NEXT PRODUCTION REVOLUTION (NPR) NEI PROCESSI AZIENDALI; USARE I SISTEMI DI VISUALIZZAZIONE, REALTÀ VIRTUALE (RV) E REALTÀ AUMENTATA (RA); ADOPERARE I PROGRAMMI DI DIGITAL MARKETING, QUALI PROCESSI TRASFORMATIVI E ABILITANTI PER L’INNOVAZIONE DI TUTTI I PROCESSI DI VALORIZZAZIONE DI MARCHI AZIENDALI  E SEGNI DISTINTIVI (C.D. “BRANDING”) E SVILUPPO COMMERCIALE VERSO MERCATI",ai
NON_AI,"Lo Studio professionale del Geometra Guaraglia compete in un mercato sempre più competitivo e all'avanguardia, dove le nuove tecnologie si stanno diffondendo sempre più velocemente e i clienti diventano sempre più attenti alla qualità e al rispetto delle tempistiche. L'incremento della digitalizzazione dei processi e dei dati sicuramente è una delle chiavi per restare competitivi in questo scenario, per questo motivo si è scelto di puntare su uno strumento digitale altamente innovativo. Funzionalità avanzate, come la possibilità di visualizzare i dati acquisiti in realtà virtuale, permetteranno di raggiungere quella fascia di clientela più attenta all'innovazione e più attratta da rappresentazioni digitali degli spazi, che rappresenta la nuova frontiera del lavoro di geometra.",ai
NON_AI,"IL PROGETTO ""DIGITAL MARKETING, SVILUPPO DIGITALE DI PROCESSI INTEGRATI PER ESPANSIONE COMMERCIALE VERSO MERCATI"" MIRA A RINNOVARE L'APPROCCIO AL MARKETING E ALLO SVILUPPO COMMERCIALE ATTRAVERSO L'INTEGRAZIONE DI TECNOLOGIE AVANZATE. CENTRALI SONO I SISTEMI DI REALTÀ VIRTUALE (RV) E REALTÀ AUMENTATA (RA), CHE TRASFORMERANNO IL MODO IN CUI PRESENTIAMO I NOSTRI PRODOTTI, OFFRENDO ESPERIENZE IMMERSIVE E INTERATTIVE A PROSPECT E CLIENTI. 
UN FOCUS PARTICOLARE È POSTO SULLO SVILUPPO DIGITALE DEI PROCESSI AZIENDALI. L'OTTIMIZZAZIONE E IL REDESIGN DEI PROCESSI INTERNI ATTRAVERSO SOLUZIONI DIGITALI ALL’AVANGUARDIA CI RENDERANNO PIÙ AGILI ED EFFICIENTI. QUESTO ASPETTO È FONDAMENTALE PER ALLINEARE LO SVILUPPO COMMERCIALE ALLE STRATEGIE DI MARKETING, RISPONDENDO RAPIDAMENTE ALLE EVOLUZIONI DEL MERCATO E CREANDO RELAZIONI DI VALORE E DURATURE CON LE NOSTRE BUYER PERSONAS.
IN SINTESI, IL PROGETTO RAPPRESENTA UN'IMPORTANTE EVOLUZIONE NELLA NOSTRA STRATEGIA AZIENDALE. L'INTEGRAZIONE DI TECNOLOGIE EMERGENTI COME RV E RA NEL DIGITAL MARKETING, INSIEME ALLA DIGITALIZZAZIONE DEI PROCESSI AZIENDALI, CI POSIZIONERÀ COME UN BRAND ALL'AVANGUARDIA, PRONTO A SVILUPPARE NUOVI MERCATI E A CONSOLIDARE LA NOSTRA PRESENZA NEL SETTORE.",non_ai
NON_AI,"Analisi dei metodi e delle tecniche per la progettazione di un’applicazione software di ausilio all’operatore per attività di manutenzione e ricerca guasti di una macchina per l’ispezione automatica degli pneumatici (Vision Tyre System 3D) con tecniche di realtà aumentata o mista. I principali risultati attesi sono:
• Analisi del mercato e definizione dei requisiti
• Individuazione del sistema di sviluppo più adatto al raggiungimento dei requisiti e che tenga conto del flusso del lavoro di progettazione meccanica ed elettrica in TEKNA.
• Progettazione dell’applicazione con componenti riutilizzabili in modo da poter essere facilmente adattata alle varianti della macchina.",non_ai
NON_AI,"MINDMASH È STUDIO INGEGNERISTICO DI PROGETTAZIONE E R&D SU TEMATICHE IOT, AI E COMPUTER VISION E SVILUPPA PROGETTI SARTORIALI E CONSULENZA CONTINUA.
LA COMPONENTE TECNOLOGICA IN AMBITO IOT DELL’AZIENDA E DELLO SVILUPPO SOFTWARE EVOLUTO, HA PORTATO L’AZIENDA A SPECIALIZZARSI NEL PROPRIO SETTORE, DIVENTANDO UNA ECCELLENZA PER ALCUNI TIPI DI SOLUZIONI, MA HA PORTATO ALCUNI PROBLEMI DI FONDO:
-	POCA ATTENZIONE ALLE INTEGRAZIONI CON ALTRI SISTEMI
-	POCA VISIBILITÀ DI BRAND
-	PENETRAZIONE DEL MERCATO BASATA SU PASSAPAROLA E NON SU RICHIESTE NUOVE

PER QUESTO MOTIVO CI È STATA RICHIESTA UNA CONSULENZA SPECIALISTICA PER RISOLVERE QUESTE PROBLEMATICHE.


COMPONENTI DEL PROGETTO

1. OBIETTIVI
CONSULENZA SPECIALISTICA CONDOTTA DA UN DIGITAL MANAGER DELL'INNOVAZIONE E QUALIFICATO, RESA CON IL FINE DI SUPPORTARE IL PROCESSO DI INNOVAZIONE E TRASFORMAZIONE TECNOLOGICA E DIGITALE.
LA CONSULENZA SARÀ ORIENTATA ALLO SVILUPPO DELLE SEGUENTI TECNOLOGIE ABILITANTI:
N) INTEGRAZIONE E SVILUPPO DIGITALE DEI PROCESSI AZIENDALI;
O) PROGRAMMI DI DIGITAL MARKETING, QUALI PROCESSI TRASFORMATIVI E ABILITANTI PER L’INNOVAZIONE DI TUTTI I PROCESSI DI VALORIZZAZIONE DI MARCHI E SEGNI DISTINTIVI (C.D. “BRANDING”) E SVILUPPO COMMERCIALE VERSO MERCATI;",ai
